gamma_1,gamma_2,sig_b0,sig_a,sig_r,sig_proc,lp__,chain,step
1.0697706646524208,1.248817891147274,0.08761020747562628,0.22479753734958532,0.10974697618986497,0.09724106421402781,9859.778579728578,1,1
1.0543812844055884,1.1775762067096534,0.07246553797634535,0.2422061461551222,0.07584476151529813,0.09621173688687248,9840.880784333422,1,2
1.0774313114565544,1.2518525463348305,0.07032680058185728,0.23105886846618318,0.09576339922013637,0.09823794456674265,9746.39690993461,1,3
1.0582505726777527,1.1854330733176386,0.06484592093340862,0.26105142069831055,0.0943541511773468,0.09814977978977082,9723.044570879341,1,4
1.0963866435493965,1.19305670324717,0.07220612136284617,0.24560493157041838,0.06297431620119176,0.09720642374259132,9797.310245593471,1,5
1.0630892763743278,1.1502190702517916,0.05800997285971023,0.203000665977696,0.05847447605117306,0.09757506310192786,9786.324619595967,1,6
1.0804766998013544,1.2368350852392513,0.05837341199567657,0.2804376008884969,0.10194115993425477,0.09716244624264078,9803.745141016207,1,7
1.0707623385475178,1.250642042468205,0.06257093787518885,0.2903525698924733,0.11719156806565094,0.09614988653094331,9837.673033010737,1,8
1.0920353271500474,1.2904271632216735,0.08126187857359078,0.23269498254260096,0.12224309050380441,0.09756668563965955,9798.262757252822,1,9
1.083117103225944,1.2053077965350907,0.07203833450685337,0.22120586246982676,0.08605550106768535,0.0962814793817086,9818.607879232764,1,10
1.0790851717602348,1.2003150314818147,0.06343607121886731,0.24959749921300456,0.04943851118292698,0.09836001905454224,9722.910517859147,1,11
1.083833561366426,1.1743673228225497,0.07023360344571972,0.2615745145383144,0.06072335634475868,0.09881402378866351,9749.93617694423,1,12
1.0818358539242656,1.2452765349192862,0.07599511273268944,0.33047711564914534,0.0963176694896422,0.09763208908256646,9724.555588191039,1,13
1.063705527434661,1.1945334232931382,0.06423706296825442,0.296801727981471,0.08714231711861381,0.09745718860832589,9764.340581866649,1,14
1.075400690105227,1.2162651175400752,0.08834382390306074,0.19394206058008542,0.07858812958780076,0.09876238703569629,9946.986005357516,1,15
1.0475960577082144,1.1599494972574271,0.08793051442238127,0.25867843125633777,0.08925100624947442,0.09525976550431928,9906.125012325754,1,16
1.086042799690733,1.2028315656602173,0.07121144785405312,0.21027846683087364,0.08082451481760096,0.09678601375931875,9749.882659456514,1,17
1.0713917765436516,1.1646642538667975,0.07634608796815148,0.24433957365379286,0.0648248535481036,0.09646624928417853,9788.672565153473,1,18
1.0535331283493825,1.2089907970548799,0.0881189682665007,0.22125334824556261,0.0976726246978049,0.09740066594195136,9771.037924155267,1,19
1.0697144571657322,1.2287992707047704,0.06362919177711153,0.28804458398750304,0.06858134013408552,0.09746874137928555,9874.67728229996,1,20
1.067052380174706,1.191428005654823,0.07813541042651058,0.25415214485690374,0.11530726017696312,0.09678299030281341,9877.11732024324,1,21
1.0557457031969741,1.1912173006693303,0.06792295259537376,0.25033241352857605,0.06864977752027886,0.09681563484146018,9768.752932379442,1,22
1.058128987126693,1.1457271544067946,0.07635955568076233,0.22311299577796875,0.06387951702061394,0.09788366789284053,9737.676874324388,1,23
1.0465494403971831,1.21752877555477,0.07782637030912372,0.20374595440584248,0.08725399973265606,0.09753887262807946,9786.764687534956,1,24
1.0695728236830873,1.2085319174663605,0.07950618439529183,0.2653281717339608,0.09752119971381482,0.09640240043271621,9713.06187085366,1,25
1.0763799837466579,1.1953453597016743,0.0667401429789211,0.24400028153660575,0.08561451872506085,0.09642626676727718,9784.287430677696,1,26
1.0764723830309015,1.2300318309758753,0.06149755411481351,0.2646937261233163,0.10897286898364848,0.09637073631751299,9880.88580943697,1,27
1.080978186653223,1.236129762754216,0.0787716374760111,0.2255124000863683,0.07654743071391316,0.09689969733316504,9905.40244101873,1,28
1.058671111802992,1.1849890880316933,0.07789717008639226,0.1925055016507313,0.08370544407943918,0.09722025285314201,9821.189880909762,1,29
1.0900954630445392,1.2707850657046253,0.07128811358359724,0.23559644951114586,0.10964003613131248,0.09705027407051411,9745.300585698242,1,30
1.0411729201880162,1.1911981095875206,0.07235779316542601,0.261281441569099,0.08578216131790081,0.09705639612007597,9788.458983773031,1,31
1.0674115523579537,1.179558363727231,0.0767247025656307,0.20687874525249264,0.07627062120419305,0.09827489106731273,9855.147606930857,1,32
1.060097736822302,1.215831266439088,0.10058865333210104,0.18902626298218086,0.09705399767174129,0.09809372418327085,9919.56598265843,1,33
1.0732070031805836,1.1962022220044117,0.08251940736652486,0.25538836886338145,0.06187453695029606,0.09670220510879814,9868.446612903701,1,34
1.068425312573014,1.2304403656031522,0.07457408388038839,0.1785461438295603,0.09753803921544933,0.09483898250401282,9717.775680583462,1,35
1.0993662841726384,1.2104882002107762,0.05634569032451847,0.23333057975051202,0.09799539465528681,0.09629374567623973,9750.911349123788,1,36
1.0712242069173201,1.2148304580718168,0.0809292901944215,0.3057056732066863,0.05779604383760862,0.09738207965627117,9795.302780052341,1,37
1.0953954184061137,1.2463208953100435,0.07643077557614138,0.28693336109657125,0.09887103825083891,0.0966502974815111,9814.871141805901,1,38
1.0663477457457706,1.2113676041390722,0.06669302689819068,0.26187020009466844,0.0749998178976835,0.09740185580204488,9887.893358066305,1,39
1.0745430122412525,1.1628449686287483,0.07135063960732962,0.2624649585520364,0.07369241241411252,0.09832061232697371,9715.335985542193,1,40
1.0780122017648692,1.2008019014071092,0.07709006255392332,0.2311275791069314,0.11461602652140061,0.09746577674366556,9830.619088248686,1,41
1.046095652200739,1.1934017147490288,0.07017238725351525,0.21392826609061208,0.09055365087253629,0.09696165665640383,9834.72848180121,1,42
1.0378139131861324,1.1749056215603118,0.08190697917081073,0.24465695980322363,0.07747067650049565,0.09639158705919407,9905.008422721488,1,43
1.0770303866861477,1.2163616925895502,0.05184367447393748,0.27659907316431975,0.0904306660741441,0.09688579880338585,9623.7210231879435,1,44
1.06168960682214,1.232359950973522,0.08052712320057114,0.25631593138133535,0.0977653208775861,0.0981057472384605,9920.4913149009,1,45
1.0845399267345175,1.2300265095420444,0.08166573888729607,0.3054040275751287,0.08528033869555549,0.0970031705377089,9877.609007545481,1,46
1.0617811306424063,1.1717996444696257,0.0794516276811703,0.25716341187676606,0.07728992879038063,0.09737728145003752,9827.727930439996,1,47
1.026260894140175,1.1742657275525972,0.10613853172318165,0.17879584462064127,0.07120598471983404,0.09694662471154535,9695.874501188888,1,48
1.0569725248829362,1.1649444374519646,0.06154746176793023,0.233046518986563,0.05332539371451795,0.09723433681143111,9776.183400878725,1,49
1.0476962170127444,1.2159980216342008,0.08946266839293743,0.36136189275562103,0.09359642185479272,0.09786721675124271,9778.97855385674,1,50
1.0767840184424227,1.2051345700060723,0.07435667131757386,0.24590552509529118,0.09252353432631914,0.09692517014491568,9820.68140269307,1,51
1.0724960976879716,1.2210076140331174,0.06792025855154704,0.24434120481151297,0.08153941897357786,0.09678481516223272,9830.728592446,1,52
1.0857091106184558,1.2184515004406131,0.07565257402270262,0.2451041948095489,0.09720953592527275,0.09748913813745413,9826.15175588279,1,53
1.0670441960927286,1.2145725173734858,0.06800585678523353,0.23750768100757702,0.0605638962696801,0.0965476867650974,9844.498965019526,1,54
1.0701446919165956,1.2058152151414792,0.07165026115536181,0.21987650058942784,0.09311984170674531,0.0970298436859268,9861.717868473084,1,55
1.0485433958217163,1.1600842723447888,0.09010325152903467,0.1880894631402748,0.0825141652230836,0.09818079714189958,9837.266252747062,1,56
1.061834319050688,1.1635534724080507,0.05721902396428353,0.21106125004866463,0.07922158227623485,0.09743352668453344,9873.01300950236,1,57
1.0487722639016812,1.198988197179957,0.08340101126169633,0.25269780472600306,0.09206975979916701,0.09739604503099074,9795.907399081505,1,58
1.0871726478665618,1.1900071680374635,0.058024193890269145,0.22973970533380925,0.05959488142116807,0.09681962262543582,9873.598349826481,1,59
1.0681409786840759,1.221839676414412,0.07250938124152877,0.21850608662446083,0.09877655375713722,0.09678958001505632,9773.160995409407,1,60
1.0839028761938656,1.1917066674464187,0.06431493568464319,0.2853360472530763,0.09174351545934017,0.09616972359544664,9747.719123290108,1,61
1.0705045997732356,1.1952337913373963,0.06710311816158789,0.3409116325684298,0.08977084604515384,0.09635223544702311,9849.656520554136,1,62
1.0661233066874634,1.2011952135118003,0.10356009263770487,0.2942114408246999,0.09377005535974241,0.09600457902905644,9884.607603502664,1,63
1.06393829433395,1.210493291862167,0.06563539092766357,0.23013069358913193,0.08743681185440888,0.09714764957179799,9808.870846321559,1,64
1.053276653213179,1.1587930777762963,0.0775778833008817,0.19859481642650656,0.0683084741037414,0.09737834600942827,9910.576316116829,1,65
1.0709318212000503,1.2038886942871705,0.06704027122070162,0.16121116146990117,0.09077780730037345,0.09760284067384872,9758.629144629973,1,66
1.0657363538292275,1.240816540605406,0.08510557047259398,0.2582275532679422,0.09201866936590106,0.0960149019985598,9776.720742206417,1,67
1.0855738725498967,1.2124634451121454,0.06381069892157233,0.3265042651823604,0.08002121404015623,0.09531693524607751,9905.75520685397,1,68
1.0538655217768484,1.2252023324070265,0.090161793927035,0.20115323099612015,0.12131841534715554,0.0965066054730362,9898.302049864307,1,69
1.0459570540615644,1.2191199487631457,0.08302194141683042,0.28240703062180744,0.12804864815820952,0.09747267558151498,9804.415096436911,1,70
1.0484778208023866,1.2187299149993622,0.09706995463338965,0.22843928562678062,0.08686286786625373,0.09638777030534426,9659.351796792684,1,71
1.0647828278739968,1.245782570852777,0.08601579708748658,0.2237144483576102,0.09130581322136033,0.09649910879713583,9741.274017679147,1,72
1.0640905604001578,1.2146359396458557,0.07132089980004386,0.2651490598688537,0.08644069362963033,0.0966744913670943,9592.319812817166,1,73
1.0526785847486515,1.17668814586797,0.0766230154580254,0.22939880482841674,0.06008773272620736,0.09848330193877182,9816.924217375876,1,74
1.0533014506569445,1.212310632819592,0.08690730195999441,0.2687700729106256,0.08457036855588612,0.0960146017213113,9750.199067554811,1,75
1.0642182551352264,1.1746960839024205,0.0702469993170115,0.24840971866150094,0.08825526990922285,0.09648570063538066,9751.120249593274,1,76
1.073275781216957,1.2000556639681086,0.06505695488106612,0.2243318224014307,0.10213759465862747,0.09549645258000067,9812.442701629678,1,77
1.0992357018594299,1.235248974118617,0.06994427152195233,0.2829065605372568,0.08066619738674219,0.09735838638754675,9654.50457392491,1,78
1.0706069213244722,1.2432399434162102,0.07271141342530865,0.28099106471501484,0.0980295003204128,0.09605483669282851,9931.165655767825,1,79
1.0584623825579749,1.198821448418752,0.0895286046801527,0.27259250731851803,0.08520443755942059,0.09653201108583462,9901.74947160834,1,80
1.0482071660723276,1.1509786881932387,0.07493168147531894,0.21111729303356114,0.06498842157555403,0.09808486077033396,9854.76378409063,1,81
1.0605810629613646,1.1832023686099435,0.0787937634465013,0.25837015345830205,0.07324574886814972,0.09711797191015613,9832.968055232324,1,82
1.06424355169226,1.171564429097039,0.06386985101417492,0.22035847367869357,0.06202872910969521,0.09620497655833501,9737.717843097216,1,83
1.090960359671647,1.2496657070457766,0.0657910706419237,0.21326184919691707,0.10413303683227122,0.09734478683626399,9778.106826582414,1,84
1.0646485318179904,1.1885561158981188,0.08539339239245435,0.24135144118190296,0.059599161464453945,0.09695825967506773,9792.273815071596,1,85
1.0862999147211314,1.1751377146912965,0.07218251160251418,0.23590982669232105,0.034332456841454514,0.09855494571531308,9721.210641498687,1,86
1.0467742220297895,1.1767905855943865,0.06483580296237561,0.22548634405331092,0.09352193647768184,0.09824859589375737,9880.968110858308,1,87
1.0957655922032201,1.1872574435761256,0.07489093984366307,0.2869542674965757,0.06744065058395142,0.09874406442226612,9777.705238650402,1,88
1.0839490932632416,1.1886695551266957,0.07041176615232417,0.2793698264514719,0.07262897738491285,0.09821671355169806,9767.27729845268,1,89
1.0477695239803502,1.2006511354807021,0.08133968130201921,0.20602828709451881,0.10717392919970059,0.09596926460668166,9777.77850485957,1,90
1.0516519572165306,1.2260391311795822,0.062060381633354776,0.29714236094836516,0.10408726894770408,0.09721011840222746,9830.019851713883,1,91
1.0700484416722924,1.1977863679162173,0.06992304781511496,0.2428474929230664,0.09115988239429343,0.09645826651928187,9775.022812828169,1,92
1.0378128094073034,1.1578393276306576,0.0751144143721612,0.2856671298182504,0.07737797938110294,0.09699806532761455,9699.721751015837,1,93
1.0550555248527664,1.1186322282071404,0.0821610486222752,0.25042144264587424,0.0726690422633211,0.09694477469256081,9812.643321495732,1,94
1.0793432791875681,1.2054911889478876,0.0881331117121152,0.2107533667964383,0.08363593495482889,0.09739924882065489,9783.104217873626,1,95
1.062939605425596,1.1831327970662466,0.05477502206853824,0.17631171458407052,0.07117827544611435,0.09757145705699684,9814.948839852534,1,96
1.0336067317574547,1.1825395996403798,0.09703622109808133,0.2391746051011761,0.06675416341004925,0.09733242223459483,9691.622257231787,1,97
1.0698410545158803,1.2050678001397777,0.06331277471437217,0.26754454381611686,0.0917384715148556,0.09711082036048277,9805.02435963285,1,98
1.0665415669271832,1.2330288532431506,0.06526327878834766,0.26564756633932696,0.10916910677313134,0.09725442947451127,9815.851661521638,1,99
1.0603437903387016,1.2059624272307061,0.06523904786188695,0.19998829673058138,0.07798582750839023,0.09652798727795707,9705.11838984596,1,100
1.0717643045277614,1.1893647624412125,0.06495117966251165,0.22753802617957442,0.06630598949954125,0.09743812130012339,9781.617412450729,1,101
1.055750957800482,1.1894887217979777,0.07975902416601047,0.26060274866381355,0.08315770739317464,0.09777083722299482,9813.42882713534,1,102
1.0733368395240692,1.2107611543836712,0.0806324759043758,0.24561375850334996,0.09161877183068307,0.09647289841919354,9905.83430526806,1,103
1.0468814735172143,1.166861815912174,0.05956628471412778,0.2526120472649071,0.07142904732150777,0.09530858567835236,9891.212777190756,1,104
1.0681410404492575,1.2357337801007215,0.08732475275661486,0.2558773790194486,0.11759608362006722,0.09611323480632952,9750.53559497115,1,105
1.0536198475042298,1.1967677637259946,0.0781710537305492,0.27709588783445305,0.09017209956962996,0.09705587433009005,9801.172713444234,1,106
1.049665951159664,1.1837551227599572,0.07204815762367907,0.23813255996071117,0.07984131721552389,0.09720130768231725,9872.45024835717,1,107
1.0858739172933858,1.2466244406944453,0.07325399319267735,0.32331993116155344,0.08360470972362989,0.09603965756803082,9842.680736879234,1,108
1.065433190479746,1.1801958759271647,0.0783134051756372,0.2115232196513797,0.06550494674612643,0.09684864293769868,9803.69062123611,1,109
1.077456161079962,1.2172614983410819,0.07484914394767185,0.23747643109157374,0.07727488643035739,0.09695287311828256,9749.070017728456,1,110
1.0372223907343374,1.1797249057741432,0.08837427732380283,0.287764954007766,0.07285306010693146,0.09694750791287828,9907.2650370241,1,111
1.0601181443099523,1.187418048639988,0.08229392048033418,0.2540157173678788,0.10859611065798262,0.09639754936847475,9860.03684768585,1,112
1.0747751331627988,1.2287795923378437,0.08511612657711305,0.239119740924299,0.09707670547465293,0.09583211639504552,9852.688182256936,1,113
1.074417774028883,1.2166170484422754,0.05627578345044708,0.28652743488208654,0.06459797358536229,0.0965824286785807,9842.991229257426,1,114
1.073656751612204,1.1825987852385893,0.06694040723619828,0.19542136540281513,0.0837572860996108,0.09850389849602538,9867.081300768532,1,115
1.0676311440907253,1.2170937718598214,0.08155588572785562,0.25463940136519353,0.08700250312240716,0.09795435874660505,9797.209748342246,1,116
1.035121822336805,1.145944107161371,0.07681469112427304,0.31184092425166354,0.07215385327271956,0.0959735612985616,9787.047031880316,1,117
1.1151433084718148,1.2435736578948715,0.0857683945924219,0.22402504017417,0.07889938012322005,0.09696483625381565,9730.596348517083,1,118
1.0514269375153196,1.2292834598716151,0.09626176932938132,0.22552486177095246,0.10509098699105698,0.09763039153335969,9886.042712421495,1,119
1.068955952384345,1.2220370923306567,0.06339292695952582,0.23937174305922243,0.11364983092258596,0.09854714076669255,9840.057067364532,1,120
1.0525836124816013,1.1929969482251788,0.06468155959857476,0.19610115989823756,0.0914374012031343,0.09775094417803588,9715.509967266022,1,121
1.0479551347117229,1.1882820952534014,0.07877421265434503,0.21661692615957895,0.11068807815857748,0.09644589038658044,9898.059827117873,1,122
1.0854388959804653,1.2628778237585774,0.0726770789031411,0.25870404003381603,0.08405276516165666,0.09729125545551723,9749.638158155647,1,123
1.0774079986949023,1.1981676052935517,0.08351309483217305,0.22953262135053676,0.08802855157743163,0.09749834229859437,9787.686718830659,1,124
1.019451265393143,1.1639822693101278,0.08787878640759757,0.26785105861640873,0.07918522880024441,0.09655115661687912,9797.97122962951,1,125
1.0772690048739655,1.2282345957074885,0.08289441177511285,0.30830408176163243,0.10277575674946503,0.09701357006079019,9855.095401936802,1,126
1.0861898113678228,1.2812069370103756,0.06617580743320138,0.2755767204760944,0.10045163654702835,0.09738243954526186,9751.54823179328,1,127
1.0760417678908456,1.1972167814667132,0.05846372004888999,0.2166701211773988,0.07913214917845608,0.09714491450194637,9781.516992474555,1,128
1.0549018444606841,1.1911873839227294,0.07470016741515624,0.24785101340035623,0.08274251282515944,0.09624917622310639,9758.575004912245,1,129
1.0815159380786454,1.2001746974323453,0.07956633070493291,0.2284543326593443,0.07804999909119552,0.09747151418701389,9791.395740403843,1,130
1.0669265691763927,1.1868403751207093,0.06985525898285905,0.2259945900405247,0.08328101184857133,0.096683767604702,9830.735036401302,1,131
1.0842786697819482,1.2038512105134134,0.06491205501714524,0.2962281076269407,0.06335606727425398,0.09622405228622087,9862.82537394737,1,132
1.0386263371349043,1.192462655919844,0.08036146509329259,0.2287419479225955,0.1051855360170614,0.09654445744415116,9868.52594473722,1,133
1.0321318531908352,1.2188345197300186,0.08481815688444728,0.281090423651553,0.10277869771751026,0.09748026369771985,9850.93488799176,1,134
1.0653506512928759,1.2028298491756915,0.061760696797751966,0.289981039173079,0.07834642627703474,0.09701035007430141,9821.681001859388,1,135
1.0610577615576566,1.3093165839158238,0.07879365354993013,0.27757379419542977,0.1463573811144201,0.09811391421071343,9761.432510516886,1,136
1.068339815311219,1.1539343430989106,0.0638903971339062,0.25797064290248983,0.0652469038124039,0.0987384702850076,9896.229373531358,1,137
1.0945413833489097,1.2538351231141804,0.06856164789572682,0.2782228778709212,0.08520346467059099,0.09697615351318992,9797.502196759191,1,138
1.0768493901332004,1.199852147873123,0.06351539540618674,0.26995740269134244,0.07535553598341505,0.0970627722105158,9881.280227685327,1,139
1.0561063648815612,1.1864673472936416,0.07280336630856356,0.24560028655725932,0.08793408392356643,0.09700017259597017,9768.42834398934,1,140
1.0633886515038762,1.2399455379707514,0.07873243470674232,0.2557045110913725,0.08675551391264205,0.0975078215930759,9855.074428632075,1,141
1.0693682658983927,1.198734525415669,0.06365464237408308,0.18667712364442438,0.07607390121344039,0.09677755513369433,9770.69433680723,1,142
1.0294462097140762,1.1420757513660866,0.06164406060000222,0.22000972961031218,0.06120825512897628,0.0969689858108109,9764.038363098878,1,143
1.0624978332177266,1.2151904486659313,0.08592005677350441,0.20309496405647012,0.10685202249757644,0.0971368843965288,9780.997471776065,1,144
1.0678721928126622,1.1967658075196053,0.06921177018407801,0.23173233197111845,0.0801774452107859,0.09623003003009993,9791.721473018846,1,145
1.067535115783312,1.2199405177695215,0.06556073779411752,0.21418635117268048,0.09388610883406513,0.09745962309926591,9794.946128766684,1,146
1.0685230516306046,1.193994914677337,0.08673475051433065,0.2754668523962661,0.061581747782126516,0.09676155103963217,9798.521114932772,1,147
1.0697420199470713,1.1425081801429822,0.080034520326005,0.21304258321162464,0.06597588061182856,0.09714574230708183,9879.617259687206,1,148
1.04680736932153,1.1491429868779477,0.07302294957290573,0.2382854118187828,0.08265413869429715,0.09542847336130994,9933.918048941643,1,149
1.0306862588295276,1.1743872477151396,0.07735494554416698,0.26071068625407656,0.08899673161981884,0.09777322544701823,9834.380690086718,1,150
1.0530200787440709,1.207626387520321,0.08475287595227712,0.2548955074628886,0.11330207745766364,0.09744150874176405,9752.970936002988,1,151
1.0336148418786653,1.216421434888567,0.08570185334241984,0.30517635315165925,0.11703553350496956,0.09835464645103469,9863.916774672402,1,152
1.0811270242714162,1.2215710463903002,0.06655042891005009,0.20912751883025937,0.07616882714472542,0.09735316349358969,9736.693158967148,1,153
1.0669192710576574,1.1964219077829392,0.07236610672703903,0.3318780482452979,0.09355873533203087,0.09619739835130596,9755.982574372143,1,154
1.0572118581327925,1.196116964624478,0.07722360497977022,0.28815176011659416,0.0812918343861786,0.09680519132659418,9823.356634691856,1,155
1.0629618637648481,1.220444529862706,0.07109723154036922,0.200739912525401,0.09296658347119137,0.09680933580920888,9666.437157809716,1,156
1.0480622049453894,1.1786608215384542,0.06965382075584191,0.2594883607698787,0.07850308597746032,0.09702851065475183,9832.04655576298,1,157
1.0762922038500453,1.2115529021046163,0.09394658265804569,0.21590172752297496,0.06605001452491414,0.09689639744999028,9765.763581235626,1,158
1.099377561904203,1.269952706803679,0.07347964152361423,0.18735443439714583,0.08745225793903648,0.09740242983763547,9875.298657409707,1,159
1.0751351195327907,1.2052708333474444,0.06953964752072161,0.28304507376549654,0.10108491579774884,0.0961301981475632,9807.318975823931,1,160
1.0547158129282845,1.2021977608292949,0.08193903907272065,0.29010190725442714,0.07714175482874372,0.09725178953831105,9805.160212919169,1,161
1.0992427214188898,1.2150957784552785,0.0620847595579734,0.2085557782465174,0.07330388825771603,0.09624390289681307,9792.613252443218,1,162
1.0279276170950793,1.1875912588994786,0.08872489076470105,0.19078239040910674,0.09043593518813563,0.09601366566087761,9905.390758619202,1,163
1.0801119449405918,1.19545859392014,0.0672687780720879,0.22746695828581726,0.08528801777675507,0.09868995302590573,9852.465410534149,1,164
1.0279747244347928,1.2112780450629412,0.07506349844349872,0.2610990079125784,0.07409396521947183,0.09701833982199322,9904.032667344014,1,165
1.0352893178922824,1.229444048459918,0.09009677195769149,0.23668284353677352,0.08183406223526006,0.09660107608236494,9790.711173745562,1,166
1.0696493900571353,1.2073195027792363,0.061243570741132174,0.258299972027643,0.05976173192480784,0.09674854391870556,9858.751756337588,1,167
1.0178026453985423,1.1557716800462807,0.08804554411857264,0.22286466060501098,0.09057271729728555,0.09533963939289168,9841.143783159478,1,168
1.0833261785472283,1.2449593534080925,0.07550932716335496,0.20546159317897994,0.0982522899267679,0.09740633622688297,9721.514106726854,1,169
1.0734446766985126,1.2078287972451482,0.05483075038639838,0.2661526719465445,0.08227202504119398,0.09567197841875529,9739.95978626797,1,170
1.0475396611009877,1.1659944116006242,0.0789192932164429,0.2772478982016331,0.058735818788255956,0.09702798886098372,9723.979306966768,1,171
1.0692861285130608,1.187259070278099,0.06809546400412754,0.234838711804631,0.06205792643234314,0.09668074561618359,9799.443973201107,1,172
1.0837514888445117,1.2742978535101477,0.06475745002269545,0.27834933736909034,0.11001925983327762,0.09743690712460655,9728.92237848248,1,173
1.0573182025939993,1.2202257429790067,0.07031364437256953,0.21709639501678554,0.09926081746948565,0.09825643940061465,9766.09018069838,1,174
1.0693543659351186,1.1753550364334853,0.06669999777602689,0.22234916232155078,0.06305558948970563,0.09806268010280429,9805.986486384938,1,175
1.0652345662965927,1.1652865555853635,0.06586951179259114,0.21256533439578545,0.07020668838769045,0.09848559539530846,9799.933921404549,1,176
1.0659072388970763,1.1951595464591604,0.05223233517922017,0.19561073299007736,0.07150353336815965,0.09727325078134433,9867.942418314626,1,177
1.0894114060837683,1.1850856883103178,0.07546675963427561,0.2083956581603894,0.06333907246380233,0.09730125403273727,9644.152680033105,1,178
1.0535980578245456,1.1776275847503959,0.06761648101558596,0.1847764100714453,0.09277924694393769,0.0957943967330709,9801.433691882849,1,179
1.058402187072145,1.1933830327306432,0.08496952136130329,0.23010551100434548,0.10621233148902962,0.09732497764901095,9876.993022917826,1,180
1.0552405963961065,1.174304609998888,0.0934193903382976,0.16174100622224927,0.06820983863493783,0.09741728948896665,9672.71746145868,1,181
1.066574936959985,1.1731679430443023,0.08658221840952555,0.23965288507149848,0.08100593782200625,0.09673588020512364,9776.905838603283,1,182
1.0952541102553452,1.2238307599973635,0.0528119945715151,0.2539321530349315,0.11354766307643085,0.09630006846571995,9905.314725815917,1,183
1.0423132685006298,1.2351619326144783,0.0716211990333041,0.21234030334378096,0.11918338407302531,0.09641504493897271,9717.614646601074,1,184
1.053475301815381,1.1657530644980447,0.07339285066451848,0.19107300471627287,0.07405045839624474,0.09626455822443966,9685.615760819519,1,185
1.0514183782492932,1.2164039511628553,0.07737479686730453,0.2293370662315705,0.08093276188682155,0.09582195061047422,9870.00080917793,1,186
1.0554881625573316,1.1434455349090968,0.057068251648114895,0.1941794109831817,0.07779535682058845,0.09742474877972404,9781.168670467581,1,187
1.0527883683670662,1.1719915465687345,0.08001839916353568,0.2518615755476097,0.07257478995612322,0.09703886173348336,9788.992225930824,1,188
1.049736172696853,1.1977768740901156,0.08516204827432476,0.1858805125166731,0.0904751215519954,0.09752649044512923,9793.02256199633,1,189
1.0611062865487366,1.2651796113517675,0.09818127825250135,0.2660939889973684,0.13388015374435525,0.09741831483323557,9744.127372424284,1,190
1.0509383714537115,1.165729103850212,0.0651539525926132,0.23135752620590583,0.07737939304468983,0.09789182174613423,9789.530458800931,1,191
1.06131144907554,1.2094505589709779,0.08288253607713597,0.21462247485266475,0.0763605578291035,0.09818418789104498,9844.573248133229,1,192
1.071649482291982,1.1678544666494224,0.07561985409867618,0.236860188272878,0.08319339213460757,0.09651658514862299,9827.700501364934,1,193
1.0772472866495428,1.1929929674260438,0.06632517369720292,0.2631682799492662,0.08348649342766919,0.09785580695535123,9781.729038392663,1,194
1.0733137682706235,1.2323636716187591,0.07400947323531495,0.24916525184070773,0.08248494395178142,0.09562220831580119,9854.490402221809,1,195
1.0978055066032248,1.2181066588177276,0.07231509414528858,0.2504791590493659,0.10375335681733838,0.09682950775004301,9789.7881859582,1,196
1.0402139753521575,1.2028463008601158,0.07440303263635076,0.23157703601900254,0.09727306165790765,0.09573390712991336,9850.77580819992,1,197
1.0392605477975108,1.1941789918435697,0.08106661668659858,0.2780596257150959,0.07597237898744108,0.097124631307408,9862.641630409938,1,198
1.098206165089071,1.2377767297849118,0.0778822831183739,0.22497099462660328,0.10170200889006996,0.09721107530563973,9887.441426993237,1,199
1.0438924574347561,1.196956593995239,0.08652807998816946,0.2403068940378619,0.09436143729327358,0.09715294973927814,9795.203999953485,1,200
1.0758051819244216,1.2242728249580672,0.0782239226614761,0.26972173861686227,0.0851870812918789,0.09669347327155076,9865.028230475413,1,201
1.0833423341349337,1.1582173473558313,0.07425182206082895,0.2411574116596525,0.06029242257761244,0.09771549194906162,9744.34626917101,1,202
1.056987090742878,1.2009378223627412,0.06402776330479762,0.2819827268904118,0.08141858899894365,0.09674271342196379,9850.533162399142,1,203
1.1110343773221998,1.2363810534588282,0.04796593025752727,0.330574868230854,0.07848611632004424,0.09568400389250423,9803.89986667709,1,204
1.085401078911992,1.2491078366894208,0.06319442924013415,0.2935359019718512,0.09385830962723046,0.09675704325160989,9858.870649225799,1,205
1.0770973360228315,1.2321530074478015,0.07940940844498953,0.2330677456580796,0.07438013201731146,0.09771549494908191,9890.754919563155,1,206
1.063445259798643,1.1866456563725425,0.06207419862355776,0.2326938202707679,0.09567320413024492,0.0957774823303757,9838.916150958496,1,207
1.0641238961187303,1.2424800845447885,0.08306076337849605,0.2628893908969864,0.09092382830289514,0.09777737568216695,9777.881634350526,1,208
1.0358368319365605,1.18019817070432,0.09934836062004226,0.302591429173277,0.08778586925059584,0.09571426403055418,9860.26864280079,1,209
1.048358527294865,1.1835202693479343,0.07073168124930744,0.2352659894649295,0.10435271096653553,0.09753373493419458,9759.911201893274,1,210
1.0433357254300875,1.1572748494540837,0.064474364359615,0.31434813103718295,0.07801440203013477,0.09600078999740967,9877.385482998077,1,211
1.0793670393169585,1.2263820513130281,0.0794932882388567,0.2067913815930625,0.10262343913420678,0.09741981023543887,9681.04797119991,1,212
1.0761473830745172,1.169682189666476,0.05842651199065817,0.21529554252642386,0.0764826258989164,0.09731314410667098,9916.306101961536,1,213
1.0423250092989156,1.17944308320832,0.0930325228100355,0.265315339191613,0.09240813627444895,0.0960954731290883,9905.608215038383,1,214
1.0409776194006128,1.1865345739758477,0.0700073496488986,0.25556563688454265,0.08267031191321111,0.09733761183529395,9730.325736760822,1,215
1.0183679476712326,1.1679709188096432,0.08313271970907184,0.24663162399950675,0.08060796973180052,0.09656883171653481,9805.30569844852,1,216
1.0685099242050833,1.2055413341939,0.05862952233446914,0.2306209807531879,0.08888825339580814,0.09717883893823175,9825.323294584898,1,217
1.0887709858675392,1.2102303321528627,0.061677867489233144,0.2133714968783067,0.06149668426357763,0.09857073015455523,9885.2292517718015,1,218
1.0252194215125576,1.1695503082218959,0.07247533979670784,0.3007426476403386,0.08621509828487936,0.09726138562289552,9840.005595614011,1,219
1.0573230133170382,1.1764955991551878,0.06290271904800515,0.2384175557808542,0.08335402948570474,0.09670183000198623,9884.902892441574,1,220
1.0611106659671685,1.1674262531697837,0.06484075523188017,0.20268892102521593,0.08730417009149845,0.09653666763527737,9736.08123206797,1,221
1.0680074774170725,1.1777542528749196,0.06362286578236839,0.25229618398091685,0.07079107564547805,0.09693434225746951,9817.95731400557,1,222
1.0562317439584257,1.1561995113039596,0.06868692220780047,0.23666682903994737,0.07793697904532351,0.09676927442181736,9803.399923744308,1,223
1.0427750967758829,1.193183357839352,0.06600383938031255,0.19005781219827625,0.08035678705733304,0.0981201498096704,9733.151175274272,1,224
1.056751355175351,1.2237999767670797,0.0907984897475594,0.2642191553216323,0.0812508662600896,0.09620200805474564,9825.40460126775,1,225
1.0666380955453776,1.1679893115544224,0.06398742830304438,0.20922727383440656,0.09517223219704073,0.09661905467128576,9766.006648023933,1,226
1.0585611639533328,1.2275149262409484,0.06274676155876364,0.25938962609455535,0.1174205985094122,0.09661419758736713,9836.724834269668,1,227
1.0706826926541928,1.2307496124043842,0.08630401027212473,0.248794322546512,0.11089873344429804,0.09696182713784135,9816.062351023518,1,228
1.0809863146043048,1.2720362588654375,0.0752866173660887,0.25225023164191224,0.11873820209900343,0.09640550564270194,9827.473533832683,1,229
1.0743059921985683,1.206023242388533,0.06415057165584087,0.2666908444436968,0.0634677487242782,0.09724902866887476,9752.624453662824,1,230
1.0835423643227426,1.2141301859013918,0.05801672602740947,0.2600840820617017,0.09443164648374067,0.09754208717454335,9868.137064739194,1,231
1.0244670675641534,1.164812602923441,0.1011682226439557,0.27311515229144656,0.06941051294340887,0.09641414802050843,9828.86989928422,1,232
1.0302413062510183,1.1630047121014595,0.07356985919214586,0.1980345161451399,0.06052581343145101,0.09620127058002906,9763.917195261889,1,233
1.047789995924612,1.192570556938839,0.08619919628589873,0.2595216519807366,0.10311984589583445,0.09603538364561867,9795.627368260191,1,234
1.0627169135425605,1.1734444666293689,0.06169605135226093,0.16665453063288646,0.0716319746201155,0.09762301545057565,9739.04003872554,1,235
1.0609040523130302,1.176067575391005,0.07121843647047002,0.2965714472989292,0.05790193246942604,0.09663765525039206,9802.001470887502,1,236
1.0742840323396494,1.1894293581532585,0.07584579673339263,0.24607732128927592,0.06656229099588827,0.0972707241931321,9730.599980438134,1,237
1.0480541512302852,1.2022874716997312,0.06675009621237174,0.24560309593774354,0.0747499487793303,0.09808198664854734,9777.705416361016,1,238
1.0993404786637015,1.2322826455170124,0.07049749671267333,0.2534259190395162,0.09985135678664368,0.09689020902525818,9827.312098684837,1,239
1.0484444911385846,1.2358569148606964,0.08023357651422197,0.2332121256109558,0.11932619412024087,0.09663304633361858,9820.504540960475,1,240
1.0571523188788572,1.193958911074399,0.07872082137222723,0.2277863540087199,0.06751117200533956,0.09858918099529965,9830.852517597998,1,241
1.0943632791059097,1.2091888687646752,0.05877269461528067,0.28972351694035997,0.0819894853050996,0.09647981298424528,9828.818842000755,1,242
1.0502743886749104,1.1729393679380344,0.08028378725887698,0.2352918697831791,0.07414386221642615,0.0974421543112954,9857.801155010678,1,243
1.0679339079934766,1.2235876088394122,0.07974268085267529,0.191060348687111,0.07038134203274916,0.09789615375840338,9776.910381096142,1,244
1.0693197434148953,1.2140314293908867,0.10521850841919787,0.21479807470108675,0.09144381587552591,0.09776576366905532,9777.460474892772,1,245
1.0389309400157007,1.1478035834348785,0.08928032245481671,0.25203271277454964,0.06038366405128764,0.09713951376163257,9824.776944935897,1,246
1.0510712408858165,1.199166876197285,0.0643080674719736,0.21921829262783146,0.10530167362234756,0.098681228991683,9750.754239374233,1,247
1.0805622731208657,1.2082117388089282,0.06156864872856204,0.314756425282295,0.08978388734499493,0.09843425435615415,9895.640617560584,1,248
1.092137708496395,1.250167771583465,0.05640062839674676,0.25209404106488176,0.09553309252504642,0.09664327381151876,9811.89430848227,1,249
1.0635947571804427,1.227242843300513,0.09169594526814788,0.240286344039484,0.08459976918472306,0.09798092194790423,9820.90963433082,1,250
1.0854770274522294,1.2339708826180422,0.07276842484483632,0.22704275269403038,0.10628133523879908,0.09795795262301886,9840.499347018049,1,251
1.0557584217553848,1.218582132133846,0.10251438584084481,0.2012781243110419,0.08285576207357409,0.0966330659949256,9743.482406204588,1,252
1.0537718125037216,1.1798497841714368,0.08581520848202057,0.20033526491531478,0.06638491244309892,0.09750777088064029,9795.75278831403,1,253
1.0703053861221752,1.1912406991617894,0.06793204704692844,0.20655181409610493,0.07598081898456553,0.09663441769783158,9834.090433879801,1,254
1.0706840709109167,1.1714911817274776,0.06749754122904118,0.1975645153453184,0.05356055150853067,0.098342794886979,9723.842545322297,1,255
1.091922314157301,1.242844238185646,0.0678089678098631,0.2872714549895293,0.10557856477524902,0.09622636070358012,9844.675407488974,1,256
1.0532038265409216,1.1704314167635728,0.062125438827805,0.21042844097840022,0.0878053579899479,0.09641023158535532,9793.333654679405,1,257
1.0766977171820056,1.184796866795401,0.06414905626791609,0.24072687184986183,0.0725847235816096,0.09784531997547555,9827.826767121749,1,258
1.0630926574188189,1.150383738227279,0.06853897483940796,0.227258176025959,0.07334950415371544,0.09636828693203975,9761.58221212527,1,259
1.060950595640822,1.253817368104899,0.06862546927553852,0.20950092503632256,0.11794253428417113,0.09591930480318873,9928.06429551875,1,260
1.0590464363096754,1.2279433098985382,0.08107572548914171,0.2446022089880636,0.09512010921828118,0.09746848239687932,9696.426419539222,1,261
1.0653364195728994,1.193273394035288,0.07224359929054842,0.2794817292941125,0.08532531232712101,0.0965887750336476,9776.570785353426,1,262
1.0621338743499074,1.2074855600494623,0.07733013771881105,0.2559926201834805,0.13307052916506135,0.09767310507154661,9819.537741300952,1,263
1.048390823487011,1.2172608015507276,0.09056810626210246,0.3122586950104048,0.09268611556009507,0.0974293920263767,9927.401742746912,1,264
1.0758020702253261,1.2260810844614023,0.0746021989674546,0.25980229685009204,0.13169248798852037,0.09737442298842024,9918.897659241597,1,265
1.0890851228004226,1.2169840823362372,0.053391704696060686,0.23056002458668376,0.0778384119879171,0.09683263263697672,9715.747783416076,1,266
1.0685971169251862,1.1853188297982393,0.06546144718502844,0.28963834451822396,0.07879502081003055,0.09668099285027798,9824.942898194204,1,267
1.0723554230756835,1.2027579305095322,0.0791954431578647,0.28846265446329905,0.08808037556676775,0.09634896211479117,9733.94362345633,1,268
1.0567837254832817,1.17185148603342,0.06920391269982289,0.1916340594766086,0.08816482762504028,0.0976440946808651,9695.308809594977,1,269
1.0576964908998872,1.1816828643934545,0.07608135035795677,0.2847556079170321,0.09119976387524314,0.09789965355028077,9742.60591343149,1,270
1.075620752629759,1.1931070952160723,0.07851875734926009,0.20174353111050933,0.07887533311341018,0.0962801523886134,9729.973303526993,1,271
1.0489959036288414,1.1679282775245112,0.08606139823293371,0.2729524859329467,0.07773295048870849,0.09710276382669573,9773.935147423754,1,272
1.0717895685060694,1.2121183955596784,0.08249976965921904,0.2696331255592926,0.0650218616920174,0.0973861875800677,9824.423710279325,1,273
1.0813836101315444,1.231572317875615,0.07527414083484354,0.2227434722301168,0.06980089328440806,0.09693806816899034,9831.12338439676,1,274
1.0568975458488166,1.2068140634717595,0.08003952554421777,0.25401070822071053,0.11450036559110577,0.09655828118664532,9757.085591544108,1,275
1.0559273298697889,1.1594703145771659,0.0858435178842947,0.2531907429497482,0.08973371674802587,0.09555567822521788,9920.811529769153,1,276
1.0612912690955232,1.2069424119465486,0.0703358508827096,0.2453655838436994,0.062374660108554386,0.09813018602032823,9810.504081048168,1,277
1.0671828746927035,1.2059331613281061,0.07634693494520671,0.26526014155725325,0.07939883674054322,0.09928321669173397,9857.28248186369,1,278
1.0752264879685811,1.2073437655746277,0.08153808808409771,0.24840537737687718,0.07061061358340867,0.09754655917854221,9795.022009087226,1,279
1.0689139703241577,1.206732959106758,0.047442081274254824,0.22406502180919793,0.08439382515151243,0.09686824070069355,9758.189014905007,1,280
1.0934019639196653,1.2273380296671559,0.0717832800472697,0.2729873944832773,0.06399160319238953,0.09768356177828114,9878.949014425241,1,281
1.07730870895607,1.218939482154187,0.07395693378400957,0.26374369863628533,0.12223051438744668,0.09642988510685191,9864.78153389029,1,282
1.0683673417713655,1.1687126373820438,0.06455346806417533,0.21776667570613664,0.056397623371574085,0.09668656064632264,9809.290076675734,1,283
1.0626715262374566,1.1715297570122087,0.06602558511222024,0.23716277009868778,0.08097508956019965,0.09723868452262593,9846.961386846595,1,284
1.0687238626275264,1.1950078404605606,0.08837875290920585,0.20586015474831026,0.04385052998527164,0.0978855167711303,9798.019267863061,1,285
1.0671240675375575,1.2041054074264774,0.05683041654028796,0.28318545289307184,0.050095741710326214,0.0976172774751845,9862.369871168377,1,286
1.0464390483810773,1.1852658811238845,0.08885240793482818,0.2665143496228178,0.09392556398276865,0.09622897870075314,9721.052199068856,1,287
1.0823122709766677,1.2123149022957236,0.07519204713685751,0.23459296670662888,0.11244581482680774,0.0956159869025825,9713.854569088027,1,288
1.041220641834106,1.1849287311261238,0.08338192377926122,0.25940748753343174,0.09567082729081659,0.09586749310889163,10008.974338925298,1,289
1.0709492810701295,1.2354226129326404,0.07969765795739488,0.2421603420938472,0.09302062189827141,0.09778739566827209,9801.806262393871,1,290
1.0849772891946174,1.2039147808698172,0.07280240060968858,0.30478631096413,0.08095401976483316,0.09781750279967143,9859.016427398894,1,291
1.088163561758762,1.2615108710764527,0.06219494489914155,0.2635695179370844,0.09732491673910308,0.09840723379215356,9736.020590009271,1,292
1.0842813559965612,1.2151021716852872,0.07055939781708076,0.2734162208399135,0.07863520360614339,0.09748498420370995,9842.314588664238,1,293
1.062600585975167,1.2051730173913164,0.08975031316755228,0.23768090610682188,0.10396120543176339,0.09751822201491202,9836.715915806837,1,294
1.030000802068718,1.1330067495890468,0.10313455556476188,0.16555220848958266,0.06058780164243461,0.09961666989531719,9768.566385295764,1,295
1.0609588933490692,1.1707541393429957,0.062028977893548186,0.2350001026492461,0.05134342646995631,0.09711887300034781,9766.53422045208,1,296
1.0481556677868398,1.1890011426274163,0.07376823863806906,0.24691127883585737,0.07722290669457722,0.09702448013958138,9852.508262944437,1,297
1.0608408394011017,1.183758419064391,0.06783516289861535,0.2731849439140956,0.09044114355358555,0.0963626015134,9790.948882346767,1,298
1.0452976199830544,1.1667835161327922,0.06698495182737195,0.22038347276713965,0.06973123339635556,0.09615877185924077,9739.046184208792,1,299
1.0369915229077653,1.1601500509049607,0.10950335731462262,0.24120785234710262,0.06563798219746651,0.09765209203213107,9831.21066293535,1,300
1.0367096376307001,1.2006178664166047,0.09380453673564931,0.2456274124113394,0.09393604253897898,0.09584298156874413,9905.382865980666,1,301
1.0696329295166098,1.204348655167895,0.07187033665910102,0.22126197564286051,0.06964347437041872,0.09661371331227508,9725.172896348064,1,302
1.087331540646756,1.2229351781319444,0.06341223305895365,0.23595744664092203,0.058194656677205664,0.09613148774208381,9779.71809506769,1,303
1.0592814607397631,1.206599426633194,0.08348931179507554,0.22058751260854662,0.07590616704747714,0.09737153513454577,9745.515190852486,1,304
1.0397088199238806,1.1834196107218444,0.07168588718167987,0.2169524575925743,0.09160956098980642,0.09600016284901376,9790.392043586864,1,305
1.0766391024689375,1.2106111050647097,0.0872287429328267,0.2662834671811533,0.07766360836435007,0.09613340605678718,9922.286501579893,1,306
1.0824544136664622,1.2104508911095289,0.06291866513961877,0.20485987583171753,0.0718326087709691,0.09725394786019792,9757.428229223007,1,307
1.0759685548082787,1.2025258232584672,0.07176417991117524,0.23030579793182937,0.07749507539611063,0.09649607820207333,9892.29320489327,1,308
1.0500239938446176,1.226614469438706,0.08157965788026716,0.22847886614712395,0.12729282609311882,0.0969143392833413,9827.031316584738,1,309
1.060276512065789,1.1972465643408365,0.08928772139446485,0.266669632851844,0.06477987861914754,0.09697546318113649,9815.409169415198,1,310
1.069331855727834,1.1721610656116552,0.06416696019635941,0.20632950449174925,0.0685363870808581,0.0964100389973396,9790.743104864776,1,311
1.0531726920486109,1.1988780122703169,0.07036675666290104,0.21862252599605025,0.096240717443389,0.0964200894279473,9746.66509406404,1,312
1.0629068393863763,1.1875773889310348,0.0688572097653784,0.25209087157817073,0.07885187171718001,0.09688568333133966,9827.119942941414,1,313
1.0881408238691956,1.197860379836762,0.08294353356474134,0.25312811912089234,0.09175997825103686,0.09682335433182361,9731.400386418409,1,314
1.0741816849603976,1.1557371063505217,0.06284586180347955,0.24613290835833418,0.07913432346717122,0.0976567654983914,9580.913456245775,1,315
1.0546868002162524,1.1780438634051436,0.08075178983404295,0.2741565311883583,0.044226111056445125,0.09540866451928931,9805.340765733436,1,316
1.0878480091461487,1.184350925623056,0.08255851853332212,0.2307044554664802,0.06230660693536398,0.09670760114740666,9783.268114650798,1,317
1.0866178314553987,1.2943388477553597,0.07556069176272662,0.26306821042646605,0.12982923832129054,0.09774800518657448,9849.098130489647,1,318
1.059211061075346,1.1583441603198932,0.09629816038659898,0.24033028148090513,0.08875971534915256,0.09750075510246979,9789.009568712563,1,319
1.0321664114098685,1.143142889272516,0.09354234570126646,0.21711285056452456,0.05664542895986646,0.09615835958074159,9766.38547426065,1,320
1.0675154468184036,1.1593475854456998,0.07567972349721946,0.26723337855429496,0.053465964841025525,0.09664174731122428,9718.346394023505,1,321
1.0461573513705562,1.166864219173229,0.08176082318119193,0.20656329192622425,0.06830550685481804,0.09681707286724776,9707.446704570983,1,322
1.0853304597418367,1.2051600883309406,0.0713202572518978,0.25832430556441277,0.0800282591072053,0.09735446984446422,9814.902786275165,1,323
1.0551032501459567,1.197111754705368,0.06408824524284835,0.2519950455253598,0.062241420744295804,0.09662116206335544,9784.186995311196,1,324
1.0692481631218125,1.2399723495199044,0.07857075181594447,0.28839970585345237,0.08767291105929738,0.09733552550924211,9686.680962052698,1,325
1.0485989637859687,1.1642580530329147,0.06787092144468156,0.1853708625920447,0.06169444354933393,0.09726646327599339,9833.600268068278,1,326
1.0557456366035347,1.2383957151864404,0.08428654423712352,0.2263292083328705,0.12563464264228946,0.09687002873543206,9899.97941250489,1,327
1.0458435771023047,1.1971297607777767,0.08811359311587706,0.22646416852510287,0.08342224637374217,0.09737638572598127,9930.083477296672,1,328
1.0953666575249172,1.3003087564466491,0.08840334329723559,0.2598298353840987,0.1067839325041934,0.09750134788287847,9847.364025023171,1,329
1.0758999733198304,1.1972517753931553,0.07970754468623094,0.27106974683849266,0.07862795848900792,0.09673599485796969,9771.337094019094,1,330
1.0519762898506184,1.180080837286839,0.06180373984232113,0.19125260525639362,0.08330187988626056,0.09721332215463369,9779.396694012188,1,331
1.0734119031006781,1.1724562829730603,0.05984646254400038,0.2305046238351131,0.09882013415154255,0.09681725160206969,9801.0293627098,1,332
1.121199610030417,1.190363755692974,0.08137821717445298,0.20629507229814298,0.05084130319497554,0.09735001369364095,9867.866794867507,1,333
1.056799854070034,1.2324813393498038,0.07736282710750275,0.2155845182892936,0.09190754692859665,0.09698746822186607,9806.990124247082,1,334
1.0468877164768287,1.14749503136488,0.07028968480706357,0.25927174385719914,0.06725675731473635,0.09657547832859502,9844.684079537174,1,335
1.0401321816460944,1.1682557996044294,0.08296247536521892,0.2446380524099407,0.06696865535429021,0.09823658465712436,9856.769453149824,1,336
1.0712536481174004,1.2576511608892296,0.08649447664232221,0.3005780174125394,0.08852298118683248,0.0973570375111265,9897.792727827224,1,337
1.0764739905485663,1.1892875100361642,0.064963783543271,0.24714897173327696,0.08563186368378209,0.0961108325449686,9856.891171680472,1,338
1.046215710249008,1.1575716267166074,0.07267518882711062,0.2362603096793696,0.06945842534819155,0.09787255969298735,9854.38323074975,1,339
1.0740612338586304,1.1821380681691236,0.06238119891770807,0.24911282910953247,0.10332243668430466,0.09727404767629673,9838.152964712703,1,340
1.0637201052135377,1.1690410384710797,0.07044022545392103,0.23377624654118653,0.06789542638919012,0.09757467889249648,9841.400767115374,1,341
1.0496979662562664,1.1923973221803459,0.08257563079512126,0.3179789696398184,0.06889308709323946,0.09663378929299393,9878.328831741796,1,342
1.0723522935736522,1.212638999931869,0.07759134459141007,0.3012743879372577,0.08766908040993479,0.09569456314227785,9751.19304976917,1,343
1.0746841564518426,1.2378609272290708,0.059931780126428226,0.2097529320139164,0.09974211584310329,0.0985877139253974,9877.81913105054,1,344
1.06599618466831,1.2386118526185466,0.06005667750795834,0.24181069241235043,0.11246228105769362,0.09685957085349203,9834.760774702741,1,345
1.0885333157318062,1.2399325940148958,0.05997724104944504,0.25050840401096275,0.10287053425420935,0.09675441118830662,9800.426999568374,1,346
1.0601310479164348,1.1845747678983531,0.057134354105647135,0.2029638934575584,0.07735344999523193,0.09652045955262978,9868.870982402688,1,347
1.0522064455522449,1.1795673616620026,0.07186886697987724,0.27907387354103325,0.0679080570410582,0.09440077516392306,9892.252464248286,1,348
1.092353287032481,1.2125912190502184,0.07893145019729644,0.2340619445445103,0.0777001804498128,0.0952309676305417,9863.818758862873,1,349
1.0773281453837722,1.1969219270290983,0.06977436888786168,0.2750368665067516,0.08166604799818987,0.09720009590650053,9803.897309739134,1,350
1.0650428764334587,1.1873993434710859,0.06762747089363501,0.23521495775234913,0.06971558565455194,0.09614387521175866,9735.508013849654,1,351
1.0956718353630228,1.2003513495735723,0.08625022059599495,0.29539386522219535,0.05730925808277458,0.09731589537633938,9719.92064493273,1,352
1.0697400836139657,1.2072516490704508,0.0707984190338986,0.2953756969158086,0.09985618702686277,0.0972591809171902,9942.522080393,1,353
1.078395779249198,1.2206622984437716,0.06270695742398998,0.31290495864428847,0.08595754000386693,0.09739378761967117,9850.799462277218,1,354
1.0686681415158603,1.210089963422155,0.07826266788357995,0.27298347958772456,0.07842975253110372,0.09721553824586608,9810.460802954092,1,355
1.0917974384720717,1.2430549166972034,0.05657068033489979,0.29832832899719053,0.09293174685509427,0.09818570533972268,9785.42272002745,1,356
1.0479439366937018,1.1956894009534118,0.0730029132819237,0.2387793107759198,0.08287703093000671,0.09822146638225865,9698.260274545322,1,357
1.0528862273171147,1.2298628381569725,0.08820340431455702,0.23368920235219368,0.07542607036309366,0.09741166070913455,9765.194412012148,1,358
1.0747183889408194,1.2210343474642738,0.07477230243931415,0.23331587688919922,0.09130433349572405,0.09694278795126283,9808.733325839468,1,359
1.0787829149051598,1.2755407562817964,0.07230741892579122,0.24812451368258612,0.09904702311556743,0.09775410732007653,9744.943627242397,1,360
1.0622722623953769,1.2204487214944424,0.07570191337147068,0.2555652529769099,0.12839048459704078,0.09783813558495677,9826.652110806996,1,361
1.0545580852620469,1.2087372332474164,0.09283676775601589,0.2808092969884176,0.09076234204782818,0.09709481719235104,9801.759006058859,1,362
1.078517777192017,1.2480816805467199,0.08762547869750743,0.2709372153455898,0.09202302979353122,0.09582840770162528,9797.571697466086,1,363
1.0673908351938934,1.1830576318130313,0.058222622419073305,0.20675371973664056,0.1014838761833316,0.09817356150268826,9753.711366843181,1,364
1.0823672842778744,1.212966318310067,0.08416355421858894,0.2509285537395866,0.09202756722942078,0.09730446698137149,9924.042903893736,1,365
1.0768495038321322,1.1857867905695192,0.07146165322206056,0.24356192682272187,0.08809665918734952,0.09719029034875233,9833.42069368105,1,366
1.0702385240620043,1.1915889429747226,0.07138982060836606,0.20258179818905098,0.07516033068668966,0.09743145319332785,9627.28044107493,1,367
1.0639230169872236,1.2042985608595984,0.08076894003404281,0.28505358449529666,0.07211451867613546,0.09591492008802278,9806.456164180729,1,368
1.0761601223603405,1.1630987083562168,0.0675206798342587,0.2707524574502461,0.06660451050613016,0.09601121195324532,9780.994777937001,1,369
1.0625724592869719,1.2119358339294344,0.08512043302600983,0.24131004692049599,0.10412410767254855,0.09774810719024632,9764.140457861276,1,370
1.0630855304555127,1.1745783070005196,0.06231137594420992,0.2381827359497996,0.08669913054768816,0.09669521258709336,9880.274592498734,1,371
1.074010137990528,1.2377875494200665,0.08689126354770953,0.2932040895583969,0.11677496980520426,0.09567783337141919,9897.581871153861,1,372
1.0542315688334745,1.1903706370176919,0.10509093752072163,0.245470467585783,0.07904197510251447,0.09631245082151764,9800.1896386565,1,373
1.077273655377858,1.245697991814675,0.08156640763726428,0.32999998418318216,0.13760084703926273,0.09603756905781215,9877.256408379237,1,374
1.0480296021949593,1.2005517207377137,0.08145059846126412,0.2022221252083158,0.10876269907233757,0.0959762675471226,9767.601966931714,1,375
1.0491680435426725,1.1751414052212301,0.048577227389670984,0.27617979904026696,0.07903935153978353,0.09688827939233398,9753.707978119272,1,376
1.0681252451833858,1.1534354508492082,0.09503939499737321,0.19215831027647165,0.0745309649372029,0.09595526541727471,9920.796833542516,1,377
1.0921799993679204,1.205562070387908,0.07891980966792601,0.28389574652336147,0.07127050674976378,0.09720932696755734,9600.077937331827,1,378
1.052419999756023,1.1638514410175973,0.060015004541979104,0.2153118620465873,0.07061044455732056,0.09648933301910008,9803.186595920657,1,379
1.0861316879165344,1.2290329039971968,0.08040079129569266,0.18136758104347037,0.10418050053156253,0.09699736287983997,9723.182634192419,1,380
1.0758686601005922,1.1858638561187842,0.06587906407834845,0.20831946827127204,0.057593515977680386,0.09736281952344644,9790.65826269288,1,381
1.0548409582501943,1.1663236105466954,0.057278316070866746,0.22814482929775945,0.09702128245057141,0.09683800297837224,9826.800626948083,1,382
1.045248938782609,1.1925287368727546,0.06772589265931624,0.24520351541260227,0.11378581953907825,0.09821271220368452,9893.649887871916,1,383
1.0971922463078683,1.2076258986670905,0.06890717534795637,0.18514667357362297,0.09527541527107596,0.09731747571444702,9813.558541545513,1,384
1.0863661527305846,1.204941283027926,0.06225695900123751,0.31040999123784213,0.06217894109356283,0.09730643952077968,9774.853950596404,1,385
1.0894890411451061,1.2151557750348896,0.05804324359792282,0.28022930646925537,0.09038148954352179,0.09631586959842452,9790.817345686035,1,386
1.0527658540869795,1.1799300973997218,0.07194966626258195,0.2192641035152875,0.09607100524173245,0.09579949774642842,9760.20395173001,1,387
1.0597715123674465,1.1908785387652783,0.07336276533961507,0.19034643014347133,0.08042590648036924,0.09796943543437071,9697.707540505296,1,388
1.0913506099385732,1.1918868273873717,0.06539898866483544,0.22064190370738263,0.07565725802577059,0.09739497968257092,9750.312549475497,1,389
1.0367352619719876,1.13772960133493,0.08427907052897188,0.24827752913006412,0.06828403490669736,0.09732337536092583,9834.062238797762,1,390
1.0583267786371535,1.1660291382517318,0.09299633655615408,0.2507411055567295,0.08926688302011022,0.09712345132965802,9779.79992896886,1,391
1.0693815384958703,1.2052181632249774,0.09783714683984228,0.21209062281024127,0.07198581571520457,0.09840411398511247,9870.996737406325,1,392
1.0344722050753203,1.1983545104511353,0.08349744955194935,0.2461638467187259,0.08659576500309844,0.09721578464714824,9784.885817113785,1,393
1.0606745928995611,1.1700194272805087,0.08150543112226175,0.25866048825787263,0.0635601428080589,0.0952097625132389,9684.542266284576,1,394
1.0741566694485567,1.1838175893401066,0.0698867855241311,0.21340231881320595,0.07066179358310039,0.09735745819196966,9900.482209774098,1,395
1.076146391442895,1.1965822584692403,0.07642446106321103,0.2247989944532445,0.07221919877605876,0.09742952918461233,9751.88322709524,1,396
1.0887811376496297,1.184492837474671,0.06262539978048458,0.24694030171564443,0.07934918717674484,0.09746492615897585,9832.857796429607,1,397
1.0575005142232863,1.1835912391068257,0.08004373588652176,0.2903716320716424,0.10058021908333407,0.0968306629423199,9696.758314878849,1,398
1.047993014825349,1.1927164824429761,0.08011409699288269,0.2622528080303033,0.06799827426469382,0.09686269818542133,9879.892707863648,1,399
1.0511664102769571,1.229652413831396,0.08539022447689923,0.2702711819514178,0.10009906437737263,0.0971091462172886,9823.111636431375,1,400
1.0785834098335645,1.2277833503802518,0.07056465852073388,0.20531860225535262,0.09323373794286402,0.097817470481208,9765.7949311049,1,401
1.0650589177391845,1.1870162457684728,0.054794844863611934,0.2678486579912942,0.0678600539393401,0.09776437970889056,9729.850774315297,1,402
1.0855865226208226,1.2012419336596671,0.07767763031358302,0.22384151419790857,0.091462477655641,0.0971690038016559,9748.900955813935,1,403
1.0847901801032769,1.1857484367382607,0.07761469524536198,0.19237713265531245,0.08213124816545384,0.09701874011557396,9707.370528217238,1,404
1.0577505992782603,1.1574285392178747,0.06971210716085893,0.3373652950249569,0.0710079576199902,0.0961337325753346,9688.703131949153,1,405
1.0666985258042752,1.1990115352893878,0.06434342380128258,0.26475148475000015,0.059007097273668596,0.09773827756470548,9764.732042420388,1,406
1.041682925983152,1.1693800507137637,0.08566157819730157,0.22199937006971956,0.07097593869988716,0.09679534650126213,9753.476796185596,1,407
1.0670544337386128,1.2144138314771742,0.06445059622865766,0.2572748906268097,0.07891466056913751,0.09619061157532798,9797.61375705962,1,408
1.0775962481118104,1.1664285346613836,0.0698558593904435,0.26035046018568964,0.0843098594838835,0.0984825021677704,9847.489715987655,1,409
1.09238792634818,1.193125859423291,0.05071650949714626,0.33942812695170704,0.06124328124290127,0.09531346982961823,9849.909905397495,1,410
1.0683037826358222,1.2190102990790532,0.06952327337339236,0.21747835991513784,0.08837854332679505,0.09715067715520548,9808.951081861604,1,411
1.0462394482663375,1.175454262166782,0.07113155290656105,0.22677032758265062,0.06966350983827498,0.09669401725567495,9755.602647633827,1,412
1.0582439625293465,1.170205104544681,0.08876369567299551,0.2114356516502017,0.07708591825052154,0.09684904792705827,9797.2099861931,1,413
1.0661824047824384,1.1435378492899126,0.06964594151905165,0.22757249075989008,0.08074149840220499,0.09603094599516282,9819.6169835655,1,414
1.0548345925245686,1.1755782586642962,0.06175295845439627,0.2583879725780818,0.06750924038665487,0.09740346101951826,9831.809241337767,1,415
1.0614713643510512,1.1810865726332007,0.057727866953362905,0.2317513299598923,0.061951653519066195,0.09730098327638308,9905.984645615225,1,416
1.0395182886461543,1.1751834138050976,0.06808785650225666,0.2542580386129863,0.06366964803478008,0.096135411784316685,9817.86501846587,1,417
1.0817296325947006,1.215060342036974,0.07899458743090229,0.33617143063131133,0.07595023945273506,0.09624013329041874,9816.32454790675,1,418
1.0813732034769534,1.21101328711043,0.06482103497695245,0.3031055672491759,0.08173244828221911,0.0973110799637363,9881.24981550984,1,419
1.0898149280983795,1.1804940964171315,0.08354767232728935,0.22300393004583474,0.09653766668342784,0.0970397444408405,9798.650790881962,1,420
1.0883537249596253,1.2285121294441437,0.05918512758839949,0.23096340735271675,0.10814512136630182,0.09585454982162203,9865.311399841676,1,421
1.0927460311120791,1.2578261269221458,0.07457141034353612,0.289493286495787,0.08132397490740978,0.09600204832321635,9782.833929444192,1,422
1.0616349376192022,1.252423673542836,0.08152803370735272,0.20704883504201776,0.07457225820851265,0.0977508891041899,9730.11313047187,1,423
1.060714783944607,1.1720724676913,0.06240391858906082,0.22445059245689902,0.060916100692569884,0.09650535272626842,9727.024055957421,1,424
1.047385125109691,1.1761027011423677,0.06416282747960163,0.18783102030017645,0.10537378315723918,0.09661601058862125,9742.027823480159,1,425
1.0591342121252918,1.1852817372037427,0.07055155654726614,0.22481286436029224,0.07568227658306045,0.09541858856029395,9810.94871814999,1,426
1.0759805926727464,1.2016711000518914,0.0668017695861306,0.25422743102826945,0.09351224455987413,0.09740780003841397,9849.906629214618,1,427
1.0712676863846917,1.2076410702542208,0.07394008774401949,0.249775685760607,0.08565948561628693,0.09712644597066805,9766.578963319262,1,428
1.0797344787413756,1.189323623949912,0.08328492287669026,0.31188743146856485,0.07619704667814117,0.0963959567082242,9845.263445288769,1,429
1.0610795463928455,1.1837984616647699,0.0675615374674693,0.2789916692878338,0.07955521982249664,0.09781188974454837,9740.551205269994,1,430
1.0473643583279315,1.1875336249923567,0.06420478613131593,0.23140042414203207,0.08294073292760376,0.09762506941228197,9864.314763432138,1,431
1.0614211761823937,1.1711523180643992,0.07667902382355712,0.2390509045908548,0.07363886221840607,0.09737654802512698,9904.586139656443,1,432
1.0717197304102135,1.1784587412102112,0.08855762702302808,0.17345100321548335,0.06181169362404649,0.09715525620358004,9893.2406103775,1,433
1.0512625298698022,1.2065089520780545,0.10434453624021191,0.26001887083886294,0.09424313805803208,0.09594867428452411,9884.021980285279,1,434
1.0666670962776466,1.2571993455168289,0.06687876257953233,0.2561034090976507,0.14186998137734966,0.09632617027334973,9905.220975493616,1,435
1.0914888310024597,1.239251628062157,0.07020169076603235,0.3436208882318307,0.09540745574402884,0.09724838867705392,9893.158451716292,1,436
1.079823471242238,1.2366994812455983,0.07572251409848645,0.30000731235140593,0.10092390779205944,0.09666151430441178,9777.76471076813,1,437
1.073113005537261,1.2142836013543368,0.06718685073412269,0.2795322392389196,0.10024563413959833,0.09809690959827831,9775.303270901155,1,438
1.0572863399676353,1.2392733453428482,0.0782243681895405,0.30812703203104147,0.11549675416564806,0.09486669406354677,9847.487335395297,1,439
1.0559788633153164,1.1661488299711762,0.08214962895585382,0.25169822780557605,0.10958018773795052,0.09721838717926656,9679.82870305583,1,440
1.0900629490708171,1.1880154507816956,0.06906905936486968,0.24895854051145538,0.06495426490728094,0.0982020868700929,9692.039617977925,1,441
1.0480617686213167,1.1692290682318023,0.0789233573629754,0.26240080939268706,0.06521326357376904,0.09658443282988094,9811.191645842266,1,442
1.0816120987995237,1.2123683535636312,0.055611163682978505,0.2790182389479719,0.10876681555099514,0.09826302890048744,9852.103779905787,1,443
1.0668718338226275,1.1740111997056253,0.07847299902407442,0.22944985202903015,0.07450843504855298,0.09767806299545548,9881.743704703045,1,444
1.0617822532189112,1.2544351696347142,0.08423602081616643,0.2666481097387981,0.10640259736780389,0.09646296074562613,9864.824418409113,1,445
1.0575950415012036,1.2351725488155418,0.06868431463875253,0.1649729336474345,0.09781018212345133,0.09674973817479973,10012.191752627019,1,446
1.036593440552648,1.1106568980423097,0.08510693100506773,0.17592682490437656,0.08209031990864714,0.09700293763632489,9806.200965165664,1,447
1.0844978383865274,1.2289974340800165,0.06336454373736872,0.227086533863209,0.09396866450704426,0.09614136353813983,9850.142032049429,1,448
1.0570030106240291,1.209377721806593,0.08138288600481877,0.2514861331062677,0.11025493313706675,0.09604107757481403,9798.98671764437,1,449
1.053781012078336,1.1619767025929066,0.08247979155624686,0.19692538224001754,0.07899787052667785,0.0973094252712667,9896.68968366619,1,450
1.0717858109727942,1.1893735115248152,0.05332369860263381,0.23876763337996415,0.07757127384731571,0.09732856149735696,9775.188887605342,1,451
1.0673832395394407,1.2190651911179977,0.061653422556293226,0.2196381380482449,0.08996132870601051,0.09857280883704507,9894.61447269412,1,452
1.0681071594234106,1.1638741767106449,0.06613207205555104,0.2291166292281179,0.08973692930671133,0.0968768194311074,9917.37214306596,1,453
1.0542724983997718,1.2249418037998285,0.06292285123744382,0.20884795320659472,0.11862155635464619,0.09752521727937455,9770.027864988973,1,454
1.0497839393748434,1.1380520447260571,0.07118157766863217,0.20972870328461043,0.0775505834038208,0.09640239702473959,9911.984796202816,1,455
1.0507162876139258,1.2130424753852185,0.08053596171680878,0.24994552667720757,0.07662749606217976,0.09676088794723849,9697.337565278975,1,456
1.0700808844385366,1.2039490297115973,0.08245352143561405,0.2607585864701712,0.06440083568380396,0.09782118988098505,9779.512417210639,1,457
1.0644338155329254,1.2411023728019348,0.08368290043291082,0.21825626353590008,0.11748476648675002,0.0970981414146032,9852.447904987755,1,458
1.116234578589013,1.219711902158311,0.0839779611177674,0.2433391133994654,0.07741009841162191,0.09741551247424411,9728.862637202054,1,459
1.06182522944042,1.194857993910132,0.059600361019393554,0.2483177752596657,0.07108013385561081,0.09706247857186741,9888.259482636986,1,460
1.0736540683659603,1.22893555277783,0.10560082429512094,0.2579532714883659,0.08644925710037102,0.09649028309629683,9766.409423429945,1,461
1.0545048332289428,1.1643202940002175,0.08385260147099385,0.30141435672639777,0.06841123112454027,0.09645616770821179,9762.773792138274,1,462
1.0911850033723887,1.2072492579269025,0.06555437426086677,0.25177121099588734,0.06231918300608915,0.095698384279189,9815.786902546695,1,463
1.0648170467667468,1.192439923091223,0.06176606805121331,0.2254476135693589,0.06814109416545944,0.09717278958443686,9806.665508615266,1,464
1.0520656731853568,1.19234574946446,0.06753393552491693,0.2966892353849438,0.1064603384105572,0.09811386708576357,9824.790106037372,1,465
1.045210729456912,1.1991263551040467,0.10473407650799268,0.276042147790517,0.07918501996485551,0.09636573138798382,9882.864550540806,1,466
1.0582650031485277,1.2276573784496194,0.06435260800973087,0.26542597802164175,0.09213291998298881,0.09756726614601123,9783.139167236257,1,467
1.0622098778513958,1.2131077068008966,0.06556373767838337,0.2373449679678784,0.07585555835564807,0.09715251332289758,9785.710735619368,1,468
1.0635195696864046,1.1952002045502956,0.07082695398808624,0.2541423733278781,0.06744122922309385,0.09641411078018547,9710.857204958882,1,469
1.06881044517278,1.1898276072568357,0.06939339264763061,0.3064075033656327,0.07738450668758796,0.09715252382400416,9835.010392138052,1,470
1.0876265570743697,1.2021293993729307,0.07553276860186564,0.23676100097221964,0.08381906828519359,0.0968925920093583,9787.171768262728,1,471
1.0770510417203534,1.19483458033504,0.06858079645805203,0.1848168731154939,0.08478597754604467,0.0968342486108604,9827.22298266561,1,472
1.070648057014155,1.1999916366586645,0.06337499888225544,0.25205212754174766,0.07888477637928826,0.09526016144845834,9704.837649675674,1,473
1.0792250957162712,1.1794547433439462,0.0665348882238862,0.19955404818127528,0.08196798953738973,0.0967769927205775,9734.800858298555,1,474
1.0894502767003582,1.1944272420963054,0.053969313703852946,0.22734109422742663,0.07949216022493202,0.09742543153738942,9786.228707190692,1,475
1.0825951381459114,1.173716150402828,0.06467057197730483,0.24101187039267918,0.07680364529232765,0.09673792043698203,9774.068774677246,1,476
1.0706426718092543,1.1462593419395968,0.0708420181381655,0.2085140817464972,0.05488302771448882,0.09728644170997049,9874.531495936617,1,477
1.0430353161284263,1.1755063828656604,0.06899814038540104,0.17968049249603238,0.08953930205177191,0.09572996966020596,9875.42953102137,1,478
1.0522726876580246,1.1941973562421757,0.07092983116644874,0.2341002003352982,0.07556887026632225,0.09601373159171445,9788.063635015302,1,479
1.0465585828689434,1.1756482503967387,0.07007095838003119,0.24679335786230353,0.07201498096755365,0.09637647121066298,9777.076893466632,1,480
1.0619250479781002,1.193968976674499,0.07296608218195043,0.250285006201405,0.08291890908111633,0.09658522890248458,9906.55295902281,1,481
1.047236312680744,1.2056657973416336,0.09264394486763143,0.2686964973044335,0.08243364797879824,0.09744625119460526,9813.50912980641,1,482
1.0626745106942694,1.1850090381112302,0.07105168688414898,0.2623131408303235,0.07565921816631206,0.09737267417203983,9873.811333358253,1,483
1.0574045311606344,1.2007883611911705,0.07983985458005542,0.2750042742432292,0.1267337417550841,0.09609456872757367,9779.01568197574,1,484
1.0698260122190033,1.1670458059798656,0.07888218476707834,0.22794312095147573,0.07732073466578437,0.09590974267781897,9827.956621075173,1,485
1.0470198424616919,1.2312717215116784,0.07997589191538504,0.24850107702452479,0.08623781852041477,0.09640575876842424,9790.138954611064,1,486
1.064902331906098,1.2468699060947297,0.08141198238619451,0.25502724877430594,0.09361382206274299,0.09857079446051595,9824.119332444094,1,487
1.0845240688599849,1.2350622489972873,0.0940098195124985,0.220008435355555,0.107438035847474,0.09659695189608676,9835.711577664051,1,488
1.0592571546232863,1.1876961285448868,0.06158930067873384,0.2568128792262476,0.07742413465803147,0.09610766261938469,9797.903674835454,1,489
1.0909505662520205,1.1991546314773538,0.05690537640894968,0.28926009417664317,0.07487461610190625,0.09678818697363642,9869.124490395981,1,490
1.0880008405323491,1.188828656744335,0.06600763018352766,0.2410215169020346,0.08005809322753628,0.09658697292596372,9804.103144512115,1,491
1.0602139032515776,1.1763601633237148,0.08058650257357344,0.22567067201410201,0.06899912820448789,0.09653046632260678,9893.298954126018,1,492
1.0638910923678522,1.2211194680573434,0.07807513913309247,0.2791270791272188,0.08918693087253964,0.09729587745192468,9875.372287216822,1,493
1.0930456086420284,1.244769838189741,0.07312035142555265,0.2844622300171657,0.0799198676602722,0.09826653490521739,9850.892496600583,1,494
1.0871116628674604,1.1924922126480737,0.06374753936071113,0.2818175705731662,0.057313399804416076,0.0963728394595723,9688.17443070919,1,495
1.0439056420905872,1.1557739322645053,0.06861402294690334,0.23208812480534868,0.06889163081460996,0.09762042537632325,9785.171751954704,1,496
1.0622748777524218,1.2210104339978525,0.07768179059598654,0.27696710097668187,0.09540468943558654,0.09678719750171612,9833.37780438617,1,497
1.0852054588591338,1.2635366085785702,0.06054250149251586,0.21835900272455805,0.08698029392242751,0.096782287308293,9864.64671489599,1,498
1.0746110401034612,1.1954920004340102,0.06848740509462134,0.1974760425585694,0.07810819002515816,0.09932045438800301,9745.419965846577,1,499
1.0952160031716804,1.2381346287149535,0.07198637956641396,0.2738647890806875,0.08294758389436103,0.09818711595132079,9849.127075399816,1,500
