alpha,gamma_1,gamma_2,sig_beta0,sig_rho,sig_proc,lp__
3.7343787404476765,1.1080569807948115,1.1540663799729005,0.02399534923887768,0.03890635261205493,91.15779745910416,-33503.83758367574
3.634850664160442,1.0906014813801201,1.1236842259242847,0.019814148269743825,0.034029125008437196,91.05307830839368,-33517.10228152335
3.5612076950119373,1.0794099813184042,1.1465854537154407,0.03847837622726047,0.032672682802322675,90.97417219119983,-33554.73720079554
3.262211928008364,1.0933162375835164,1.1083786621384697,0.03261403202508152,0.038456140571626,91.0509350973258,-33496.39687227371
3.1830912195177326,1.072302299991979,1.1102464900392124,0.040956831253470175,0.02661501226158079,91.09847075181837,-33522.208818818195
3.4398013911279794,1.0745662550738877,1.1381077756972475,0.04857453430651579,0.020961774726408595,90.88222119006808,-33377.789988264136
3.8004246244725253,1.0749777912087533,1.1267058868996502,0.03083031127406777,0.01527537725909337,90.1100457374697,-33631.60167650349
3.067338023012327,1.0774243694421333,1.124839213470161,0.04339898645771412,0.02974739426274408,90.24769985503146,-33578.14296749617
3.292845057675604,1.0845776790600763,1.1466106882496112,0.02957545964126878,0.03450176965997958,91.0076003738955,-33683.73706174396
3.241470144518579,1.094015215165461,1.125788972594619,0.03854811964108712,0.015494785707225747,91.22026882355624,-33546.68318645605
3.659001746743542,1.0768520327729678,1.127635387284157,0.050368507209597436,0.01663980580509736,91.63900972376835,-33504.55220769612
3.9887980231966615,1.0764382986882615,1.1426372314880116,0.046602847105039924,0.026620515697285903,90.85789686673665,-33440.149363800534
3.5680662567419166,1.103467511490541,1.1235913070795909,0.04161342931938242,0.03892880924691166,92.61654258502972,-33400.85756811649
3.4361283945309,1.0546970196041219,1.1020817708559936,0.025151565815302316,0.0332179339270275,90.43268154662151,-33607.58714702538
3.4886851324157333,1.089913115951128,1.1075929039165782,0.04525311670857046,0.038131314942774955,91.07794413866559,-33620.61420236709
3.394988848543394,1.0662690759113178,1.0985272746935935,0.032280719892928016,0.04722328091637227,92.18243466622687,-33672.956311507245
3.2266287285382305,1.0589601081440112,1.0889471722932975,0.03602522981300193,0.03310050867757545,92.79481006261878,-33463.05945127251
3.8065092232480797,1.0868446399583056,1.1035524405211716,0.02450014104164688,0.022420506092643195,90.01295860094133,-33650.510526686136
3.5885310900012928,1.0880629365106032,1.1102426962691652,0.031933971938136484,0.04516346587202778,90.81686057063072,-33559.49113847303
3.2982739453775576,1.0906607469934235,1.1380587190747202,0.03814812452987169,0.036070107693631656,89.72319549138722,-33458.663142145946
3.2302561480574608,1.0715796139331795,1.1222885630142294,0.06996867724608748,0.03928152864789454,91.51341655192867,-33471.25413591313
3.5595996748825134,1.12065587151725,1.1663977210587333,0.04135442859353693,0.0826325829556882,91.3329795516066,-33597.44921047933
3.5534086791250226,1.1082385065424891,1.1749098723465763,0.03197051456350101,0.038740563749534704,89.44641408373673,-33512.32883337416
3.322331056055619,1.0505234293565437,1.1410025844318388,0.04965613429254173,0.05924320886267051,91.12924688729562,-33438.95739792534
3.406243034409312,1.0599167125820024,1.1234493997923862,0.046288535884794514,0.08512250772019007,92.86639874900544,-33447.63981538163
3.7196773312780924,1.0670686036394232,1.1212779029677178,0.049394760443138244,0.03552527762300953,91.29072616753865,-33396.07789388124
3.5326274562193416,1.0671787737089256,1.1198243976590825,0.0650873907395705,0.019984243010161846,89.80263209769909,-33504.981370715956
2.9937322572449716,1.0667349575209308,1.1191301773275641,0.027038055461427266,0.0453521297527817,91.37454575745177,-33443.6079443538
3.572816577039039,1.059005563269469,1.1056526071698063,0.03348316603556083,0.03151565025192074,90.83394583986475,-33517.64631543037
3.4429431748642383,1.1062748787430916,1.1419016395414574,0.03336679852366615,0.03695590411595298,92.265407839105535,-33458.11040419928
3.565360925269894,1.0542707579363617,1.0952179968237652,0.03807728528456594,0.038822128527846105,92.0675837285707,-33708.732047682475
3.1327725358879572,1.089082826622437,1.2088794327584877,0.03097925922250117,0.06531315771474867,90.94222803956013,-33450.174589396156
3.2525590860367313,1.0963934390600878,1.1086320501867015,0.03217755424314436,0.04008638017882165,91.59614721025578,-33632.0200834242
3.201570791470902,1.0693617199911145,1.113188825590656,0.04565438054439743,0.03995601231131709,92.32614182378713,-33495.18264544304
3.7377685310534727,1.1013461396111488,1.1269868201793614,0.045242190513615686,0.0643726868666241,91.537448952595,-33485.562423170326
3.310790642043772,1.0814990859527422,1.1381267886696427,0.051488324158964205,0.07130002839088047,91.10983152075772,-33635.04859598542
3.3831652473628107,1.0942500875731498,1.1604694151569983,0.03751382730134805,0.05612462066467699,92.65347973891403,-33582.86873150625
3.7239924333478776,1.0907557832509913,1.126128651047381,0.02041863047606358,0.026821325939576344,91.45464308087219,-33585.66742008582
3.5206866260458374,1.0953027584429647,1.1598033414808517,0.028048222473716636,0.014028296082790328,90.93703559833438,-33411.75113129907
3.6210798673616194,1.0882602565716493,1.0736763660618447,0.04167327349317712,0.026661592748793293,94.04598535347526,-33442.893502634004
3.6245979240233415,1.0523953703149322,1.0982932674995431,0.059015576748619174,0.05469536197224126,90.20249332463759,-33766.81520308565
3.3390752152346157,1.0344229448436155,1.0930768881426214,0.04501354621162661,0.044033195695759766,92.74776577424156,-33451.50773086246
3.1873912019433837,1.0566270029720894,1.126914444434116,0.0647167225833108,0.06987630767875018,90.77717013417885,-33289.66581993562
3.0838238433578464,1.0620726922013537,1.0957914178982862,0.0658451601540738,0.030260655541439894,90.97095626078844,-33453.81401074966
3.470738209228723,1.1053142503985671,1.143980294205195,0.03199366775931805,0.020310348599302832,90.26835560052419,-33416.11669503914
3.1688483779462615,1.069084900155549,1.1405757780234425,0.05308108542299561,0.03315796463124665,90.74540124160214,-33410.97493565166
4.031872757670411,1.1126454538527326,1.154968002148721,0.029141412490054808,0.04841600014092518,90.9798829827859,-33764.40529595504
3.71754210716126,1.069807784762518,1.1403631471369537,0.034389153161917,0.057447696792765186,89.99176198451798,-33511.96155054567
3.2438572596591904,1.043504931345569,1.0901566938664908,0.04658337414275825,0.0355207984895958,92.07334122858254,-33531.41240486993
3.066800299410781,1.0888692728476526,1.131289059082606,0.0657797293083433,0.04616540292919975,88.42907651325214,-33463.71414582082
3.6315859345101376,1.0870793569522839,1.1379122663793433,0.01650038350097736,0.02709470152717983,90.87475108408192,-33492.864507383725
3.0090813865112187,1.079349718961307,1.1013065518442913,0.026351638964276305,0.027557351890329887,90.62483960348808,-33495.339579604646
3.198090566355215,1.02831853751406,1.0832127408018062,0.05878172207076191,0.038917224238465546,90.83628603492507,-33550.03249082514
3.3534827453820975,1.0474327108872101,1.0865968132161905,0.029405921532625896,0.02810343754844465,93.40387442855106,-33553.34772314997
3.429042385475297,1.0913802953022982,1.112022306086066,0.03912414447992896,0.04248944398976824,91.37750188733794,-33559.56608752941
3.6012544653693683,1.061687657377341,1.123753724880351,0.02457667337021495,0.07556711622800047,91.47721773277298,-33541.35121310941
4.283588214166537,1.0739685022882257,1.1348515028813988,0.0450600153267367,0.026053506521072026,90.25807252914038,-33652.10708549957
3.2099998270773784,1.0560140101405813,1.0912510164119418,0.04777072952168452,0.008384415180235066,91.64514481047347,-33498.62857901676
2.9890867221185515,1.0900985762642597,1.105734938466418,0.0339523381664846,0.030414930090388963,90.76864162191362,-33571.19333893785
3.501593976223742,1.0766017066881073,1.1366659511387065,0.023692294706737085,0.02699109656181732,90.95218323771503,-33440.85267747383
3.168053766149748,1.070076082109367,1.1096782244156842,0.037382883940779224,0.02615556784467542,90.9388976946189,-33569.99545638228
3.1952868928096363,1.0643678273255328,1.0930236878604933,0.0511869748593375,0.009917454382689253,92.09559301152551,-33462.923670816126
3.006511474116127,1.1078136166197055,1.1575526756275925,0.06685505292947361,0.05678449333507182,90.3560486711292,-33493.76995282456
3.6560547304222015,1.0822855419160333,1.1769369751123628,0.0422606373961506,0.06644472774643868,91.96168674769379,-33575.587443101016
4.290058455175681,1.0704620028967875,1.1057173526641983,0.04004484429647128,0.008231136548783472,92.79292963128377,-33492.33176754647
3.375875942861862,1.0911183710313221,1.1170682506679084,0.03173190992977625,0.05298133113536542,90.81260552362383,-33564.09279759392
3.552417381433785,1.0646932505085527,1.0951711089967664,0.030986696504265693,0.01992287957832162,92.35871663688825,-33500.96117905763
3.278732579714632,1.0950447634032288,1.1102513690070086,0.056492817002732905,0.040195905273833855,91.19632327045652,-33459.387387197705
3.0214904947934254,1.069924635184967,1.1243930739304442,0.06186293577324429,0.037994195520023595,90.52482719729645,-33767.475887548026
3.3290699658024296,1.082649277510477,1.1243219474692758,0.0457313770403928,0.07132119058197546,91.90002522341268,-33660.56434785289
3.80424263692023,1.0591551440645837,1.1288251291094487,0.032099873894941094,0.06548738364521614,90.71484065969572,-33553.07859526566
3.73294159461344,1.0612434359668748,1.1412144779126758,0.03921230718315475,0.04903186407159281,90.97193182546314,-33465.29957150666
3.2347618295978973,1.0576965818688202,1.0811987427008753,0.03502948406802175,0.013865413215707572,91.5694403263841,-33558.45685068392
3.1816615812887132,1.0848141014426984,1.1276217882676192,0.03923004038438858,0.03546821117605931,89.28110942972516,-33448.65951502941
2.9921005276503525,1.0935640367872175,1.1460114425071573,0.046182129537057616,0.056246016428005016,90.08886503458581,-33573.88453413953
3.337236700916836,1.084736315326849,1.1507989792187967,0.04418402574246002,0.06860523146207417,90.3643180331101,-33536.05014532619
3.1292930878582714,1.1021646986782925,1.176693447484006,0.04548466279645224,0.0833616602020595,90.69510830399037,-33615.20313823275
3.0989484726183325,1.0896114830648105,1.1574993343130742,0.028306566196830914,0.03562387335572382,89.68952301851834,-33616.54197532243
3.565317376996256,1.1155144747636074,1.1642360289469469,0.03375121887838384,0.022925652408144717,91.29898434342213,-33314.69024449958
3.7546769419542523,1.1016390720221945,1.1172809521831566,0.046140404231075585,0.035166807511495465,91.77644922751773,-33665.65649593046
3.2072855638315647,1.0790555839155607,1.119449880237878,0.030410203676306875,0.03631475940848743,91.29610757907797,-33355.03896602943
3.2551867956158484,1.0845229195923163,1.0960126202524159,0.060501042284397705,0.008731727201210973,91.4261660161836,-33442.38699951576
3.5982500370027104,1.093090781400034,1.15335965141166,0.022525951534240515,0.053764220119089254,90.07233243239389,-33583.537877795876
3.396031399343608,1.0339747569624183,1.0819766289446828,0.0658811088391979,0.03456605038830372,92.05702275410495,-33592.406746239336
3.416788704176249,1.0738939056531942,1.1293508656942068,0.05056906898403893,0.029610092684879453,91.09479538373583,-33398.12290290806
3.444565817715698,1.1032986855272338,1.1190812883910284,0.027072219206429108,0.05615170914043541,90.72295725375443,-33397.87635396798
3.6493617745048836,1.0547704349793439,1.1062385963705013,0.07263892672418898,0.04109680929818136,91.74407864246366,-33601.834261735
3.6193649483042076,1.0613403524607623,1.1076746729498341,0.03991954173160042,0.015142904383861143,91.51641914148895,-33677.89090473857
3.2763123977346584,1.0693938000276435,1.1448955949519677,0.05560897513338761,0.043299304151335594,90.89640925536241,-33579.40770005618
3.9983118748331514,1.0411292384174478,1.1048738629792572,0.038735472084047734,0.03656218861487933,91.42043088127846,-33481.09469965196
4.140295563933236,1.0724679463565059,1.1066102730217524,0.036038254022724085,0.03440861329749856,90.88083643505497,-33443.557330208976
3.5530456132155193,1.088583314393959,1.1004877783878682,0.043162375561187204,0.02599739483549795,90.40127203611198,-33496.49519652824
3.3405890663587794,1.0910240454858324,1.1226260028979713,0.0237422653634861,0.012081321938404619,91.69301535352335,-33545.9725159042
4.031887863471379,1.0841360220673621,1.1273207968892305,0.030220694572435838,0.03314469486935577,90.97282496745116,-33451.040725846215
3.3507044280113343,1.090123681563633,1.165224049150459,0.049514369154188546,0.04984568947026548,90.69210334054137,-33570.818129027495
3.6410622810894213,1.0662199661117744,1.1100678248392213,0.05327849596179416,0.037612826890534905,92.26412913238313,-33577.667322679335
3.0881870801133964,1.0880753454113004,1.097227011322385,0.052301624883912226,0.04910698518272925,91.17685179477228,-33424.738075033834
3.1505875805316235,1.0983125796078692,1.1170489687086713,0.03871106757705605,0.056979775689495096,88.79884082018779,-33533.85588856484
3.710701403479358,1.0763032960084657,1.1204996774774636,0.029727931807741616,0.046547791380935594,90.39711835025285,-33485.568485195945
3.4395738508343765,1.0585819404222288,1.1182950791046053,0.062030561040483545,0.0061014485549301676,90.72925857102548,-33553.34008356875
2.9055918045937403,1.062244453738618,1.1391712919696453,0.029506723170989693,0.02405430162184039,90.6608043900895,-33508.862195709255
3.4011924443287866,1.0840786507521294,1.1350470393986074,0.034043729866498416,0.06507769764323344,90.25277525196452,-33683.42589833827
3.4922918074153806,1.0601896107106272,1.1233294496705668,0.050547248412110536,0.05161766106428205,91.05098493295438,-33615.81514367669
3.3652887780155885,1.106013467622161,1.1213940563492204,0.027783369358910952,0.023863765976069203,91.40828200476382,-33568.02182941885
3.6940745964683828,1.0475232537614614,1.0940425159121425,0.05775176664263016,0.03767986848986765,90.83350158976849,-33725.3676127052
3.579466564751458,1.1073870080442605,1.1296020050155455,0.07884225940231916,0.0738373016447583,90.16226724015264,-33384.52281708646
3.4017122312253294,1.092702165946469,1.122595172346064,0.027430045619196552,0.03661096405976506,91.05147813480633,-33550.51263764021
3.5567996153895503,1.0525272127374394,1.138302863212545,0.04915805375384482,0.04382435934532082,90.84320896867595,-33410.881172978305
3.273073121226532,1.0461788557104832,1.0554843600655313,0.03162440134551745,0.0101404509191406,92.54699879553148,-33497.985818583446
3.5898107245544737,1.0840602412309213,1.1241258126411477,0.052566163057648746,0.02097774443896308,90.9101042106501,-33599.2384298755
3.8405082722062236,1.097762757556146,1.1430894567692145,0.03137534775847736,0.021801495093349194,90.48503373640187,-33597.0106702556
3.3238618204585393,1.1062633972356504,1.166745781078952,0.030904980077362903,0.08273077716512904,91.90474889802451,-33457.042699907935
3.2942414033348033,1.0618612899221598,1.0601033732790444,0.030975381387436843,0.022560378427784224,92.22803667739485,-33646.45727303751
3.287994460857417,1.0834927170788424,1.103870663871473,0.053338211035731775,0.053866301035839954,90.94213711194398,-33549.52945491474
3.548322944831763,1.069286846714995,1.1085521975613641,0.047392205862951405,0.042263939315751065,90.95661084117351,-33407.796491077286
3.0833343542990357,1.0757331878244965,1.1333613317549704,0.04965508057108459,0.044531515043325545,92.08853190626282,-33490.32087578099
3.78449122424793,1.074269249718252,1.126917344017175,0.027573677180868613,0.038851431990855285,90.311213300812,-33574.076617574836
3.8527991100252437,1.0683217604265647,1.123552552147178,0.04018255205826598,0.03281353034429673,90.97311455783577,-33498.76745048816
3.5210513143033846,1.1139915791500186,1.1150967645660779,0.035750132395720474,0.021276252241425413,90.57772380230783,-33509.515235723986
3.394085633608284,1.079686622223062,1.1272192893163995,0.023543513181237413,0.042970987193508024,89.98992609279745,-33440.69073945608
3.4378151090990503,1.0624035637849039,1.1033144774111978,0.07014571906174735,0.029043026861092898,92.59877130489473,-33621.10583760264
2.9112047105084646,1.0885876179653315,1.1369119520740476,0.08180049744145533,0.018874215042288207,92.45909910288636,-33727.91228464198
3.218109119272848,1.091007978725056,1.1168406737642775,0.04174900783764841,0.020251591675136765,91.78085826670079,-33610.31691555907
3.3991777207038156,1.0919029927403445,1.1327884956897878,0.039336868498780785,0.007936177062866588,90.77745675367512,-33466.41535923836
3.204367793996825,1.1070927505779187,1.1443226561884963,0.0680015501592284,0.03820523419675406,91.01153068381525,-33578.83036718879
3.253709033917253,1.072708497638533,1.1253480042215085,0.06022732670590745,0.04560890934028825,90.90393605458364,-33506.90722029841
3.4028441030935994,1.0586256980457316,1.0832866753388595,0.03669887857716559,0.027525232519761734,90.39934392213237,-33534.08621192036
4.188880661604785,1.0887941844553113,1.1346204189705906,0.029881257816410062,0.04598512046421077,89.29470399938869,-33545.45160945322
3.5750462577671014,1.0562147806157527,1.100454630685489,0.027010030825751905,0.03375752395144091,91.69027138163509,-33435.470848040895
3.831885572098454,1.0974553713185686,1.1303501601398187,0.023180059309549517,0.021290041094064623,91.19716311664361,-33501.612796708934
3.3872636400737637,1.0946895625435276,1.1240211147226669,0.058417915365897126,0.013996889341858627,91.22351683458614,-33335.71384007853
3.1497774421684,1.0534933979821381,1.1003841918931994,0.0320409884257371,0.02510015916086467,90.87967502566146,-33504.18082052275
2.75869142640506,1.0935975218565217,1.1037972654656443,0.037758181277414433,0.01886342640689994,90.62632054496957,-33522.88788288776
3.125435213544298,1.0649700474040753,1.1178466526793474,0.033398592912290706,0.03750180572898872,90.93497225902519,-33633.58510668048
3.638824364211405,1.0666457777613958,1.1057576879668813,0.02358718214103201,0.03834163650120937,91.7086300662704,-33497.55940411184
3.7299802941047266,1.0401692297634406,1.0869722108482835,0.02467049304975595,0.02339482982929795,90.74978207765314,-33589.91222549411
3.1798291604506903,1.088202059267711,1.092443373773916,0.022258810418869738,0.014463792134981104,91.19999127258069,-33432.2664220779
3.6957203949711186,1.0912926870366666,1.1094047179599422,0.040506732514564825,0.03087016597238636,92.0884853069726,-33643.304339443755
3.4804616211068273,1.0939347116613511,1.1660783497257994,0.04168641694996926,0.06316708884898717,90.71296414053327,-33563.18452477142
3.2824465403323133,1.064100653954377,1.120313546964903,0.021689274789008166,0.039770497459159795,92.49443992764294,-33570.69955337268
3.4925489743826006,1.0762265411472756,1.0834370837431637,0.04576940623710787,0.05104167271834067,91.99586530617259,-33518.63788049975
3.379542953461578,1.1118759974245995,1.1198651757333722,0.0705099859367719,0.038540526355743114,91.28321815025946,-33413.87015264457
3.2322298616831073,1.1292505349606696,1.1490932879350457,0.06473156204343002,0.0293331592784913,89.61127254670042,-33501.77878579995
3.1529654496208703,1.0863791572711696,1.1287244552241418,0.02950573251599882,0.029203189511348072,91.02384071857898,-33491.63636136294
3.5339889960086315,1.1057942952872613,1.1251074666496064,0.05788865363349037,0.020100121816338433,91.40359797385355,-33612.037887040446
3.5377418071572966,1.0568721577497624,1.12474454003729,0.0189220295057151,0.04329998282500106,90.92998841499023,-33573.54472873051
3.4621262574147553,1.0691877067432412,1.110819861151919,0.040448296984922506,0.02121794466388978,91.28374205655913,-33603.78267203407
3.2818585520792265,1.0725750682878483,1.13112738084771,0.018319400065681706,0.02129417109898265,91.36078942536088,-33634.55711862876
3.9043145835350983,1.1020329745793382,1.128409890986103,0.05011510306752069,0.0012673841990983182,89.06307470584629,-33729.55414277613
2.9516632728414516,1.0841048467279069,1.1272230935932375,0.038376876594452214,0.01902859536784685,91.40527011479337,-33490.83652964658
3.600392457911703,1.0647464185474265,1.1226418119543096,0.034083781663186645,0.04141563806264731,89.4951427804651,-33673.55067814883
3.4747179501026744,1.0603366983370135,1.0858227768183644,0.03833597849674517,0.015296639486788827,91.07092627920407,-33627.74097616224
3.8113753677906335,1.1024494736467485,1.124155706443936,0.05144480868940352,0.04472372408514552,91.61796178414147,-33446.74082843471
3.519122626161717,1.0772803535180584,1.1516575649476914,0.05455155361527846,0.07328249100155994,92.62636806272221,-33650.994580593426
3.881490972020547,1.112049401161645,1.18119894114377,0.046377011734897486,0.062087106140672685,91.81300115258074,-33572.65782678181
3.410743738509719,1.0802070172640208,1.1191164993567924,0.030878999658999106,0.025226753572033894,89.82695103539892,-33579.408299261
3.714016004575276,1.0805386995345712,1.0861378795609606,0.05205578281874751,0.03385401229935729,91.20741742081712,-33315.16130006608
3.543548899678187,1.0794410300968418,1.1234743087370465,0.05180816158164305,0.02980125599851281,89.91817393527614,-33593.93940184166
3.9800346724836184,1.0979805287842748,1.1579837164677311,0.026118865205795226,0.03637874549526082,90.16458217923073,-33691.63917120863
4.120993208616701,1.0852107861195324,1.121067405459088,0.039257755078014905,0.025354443777280338,91.63579692839572,-33679.541096107125
3.7681443741445135,1.1019903902199162,1.1166802543198067,0.031514269174625666,0.06072527427176031,91.63701424315238,-33483.9641824317
3.75459541222769,1.098399119026525,1.1676358617264933,0.040364157181830514,0.03557198050108315,91.02833790052486,-33535.62476867182
3.8659404063091376,1.0788575170214216,1.1216661367385508,0.03711509189365009,0.01154817368287339,91.44444439611527,-33502.76784015716
3.4146102229227155,1.128057244419463,1.1705879181967924,0.07818541608934464,0.06533807184799231,91.57535237235926,-33423.93551484875
2.9594376716750257,1.0668693842643182,1.1005806094323356,0.03306533520548225,0.03248056553657528,91.12754556903579,-33535.776777727035
2.938030937246741,1.0813743244667815,1.1035757081720725,0.02281617740489774,0.00151196930490786,93.43725375268438,-33645.2559768309
3.073903290996152,1.089709522057478,1.1086125033173737,0.0546849074904508,0.029696279425154185,91.64043599572683,-33402.03245090441
3.316210639706917,1.0751860227803307,1.1009484384157817,0.038772067913870695,0.028546217419803108,91.18920913741435,-33606.83139051162
3.3059700132120136,1.074000157285767,1.1307635090309072,0.03266041638272588,0.02365070860174524,91.67847156481233,-33373.2656459227
3.415543949197404,1.1137280648906955,1.1419764250671214,0.053413633776495224,0.03843525814087962,90.46116403137164,-33491.30074671026
3.4537554163349906,1.0796179307897127,1.0963284928073793,0.039064298150350944,0.029507608480284005,89.51598499842584,-33517.005816478966
3.35713321820669,1.06988869314858,1.0958996752440877,0.04123615389526015,0.035953115877098644,92.48711392234605,-33410.504831250786
3.7219902050677236,1.0843018315699884,1.1289086862122106,0.03775077965792055,0.04324716018861887,91.29888681012471,-33631.915180903445
3.4793091247010652,1.056077551239543,1.106323344005634,0.039400958953568176,0.01661788510513692,91.83686607822415,-33527.89558749886
3.351160509765276,1.0759370459399467,1.1029050458208247,0.04504861926899099,0.011365306378770373,91.72205840076109,-33405.861009897286
3.505164280402213,1.0588323935986608,1.0963856719875376,0.03484486513620059,0.040757852683117414,91.3090348179211,-33439.13652799638
3.53975763560863,1.087632703613147,1.1367144826520696,0.06944421573939667,0.03347644829118225,90.25527851027934,-33503.14343558272
3.967974945722064,1.0765294975676793,1.1256632966288425,0.02864235481484665,0.008347539320018749,90.12120938190237,-33450.23574676521
3.154386911404696,1.06653440211379,1.096894932478102,0.06298203934266948,0.04628789935320112,91.91980306156763,-33597.311887181764
3.6980136597120246,1.112937214527879,1.142472012073988,0.03461674887206662,0.019531939315949702,90.2698937936166,-33566.78699435658
3.3431928448433386,1.0963168395036769,1.0919130878580443,0.05876087954851238,0.04013087395215829,91.21998340849755,-33418.49132200255
3.5335392604240776,1.0777134946270215,1.1240387862008558,0.05897044632781631,0.0049932051747318944,91.74708162292868,-33391.272195272744
3.466412297505231,1.1120474422628448,1.173810155453673,0.02675028154386387,0.036355391673102186,89.82037944233859,-33486.67750133461
3.7179107238062485,1.0961322985346882,1.121028419751859,0.0412925175395256,0.027536058251355272,91.28546842738471,-33623.58624060762
3.4390181557937813,1.0749132360595026,1.1301623392909959,0.03429665018579787,0.03650945895708448,89.06373682554525,-33470.460428637365
3.268381048163507,1.074815889489399,1.1222064219069554,0.05242069140903277,0.03892056182379833,92.48855165956844,-33561.37615585967
3.381471545583878,1.0789461563544231,1.1620545783485405,0.04409560559712981,0.0583891261089151,91.52017126791925,-33554.65027465556
3.375190432356988,1.1045901596878263,1.129980454819688,0.051839187290015236,0.04698926642148316,89.89167785768922,-33434.489798187176
3.578290862210287,1.0921625733877054,1.139450224065306,0.03238855074923983,0.02889859115537481,90.19187706159248,-33538.163199697156
3.910958457395245,1.0648504763487125,1.0888227049649282,0.04066657988443208,0.028620974077203706,89.06712605099473,-33525.94056302827
3.8145973192092466,1.0944194988599327,1.1356186518549212,0.046109976075521114,5.749908046624098e-4,89.45967207687957,-33551.992866085995
3.364994996185718,1.090706510037797,1.1315280217584933,0.011245077533001108,0.024470280696326188,90.88986391073271,-33652.31653371122
3.7566063391706233,1.0599645341575896,1.1392501009315006,0.03349360672108301,0.051964278086396726,92.33277444848045,-33473.94866395413
3.2019723616535245,1.0933701026140354,1.0868892932191345,0.03234048774149262,0.039678318291378196,91.36210058989221,-33550.40632512238
3.6186413371011574,1.093272018112031,1.135629154373871,0.033309190408187375,0.04648484960292086,89.88857054534726,-33453.503317536415
3.651435053063897,1.0451036072034434,1.1235884625455328,0.051392530310896335,0.04885166084095779,90.14852990721508,-33540.29789647604
3.4863511700450234,1.0432543099509808,1.0635293573358162,0.032429796521294,0.014578572620375046,91.90556195363575,-33525.231046406865
3.0960961922281154,1.0787557906795433,1.1249156843142583,0.028243506115819845,0.04077608742294552,92.01069544869695,-33684.45876276168
3.656829371365097,1.0986390737652423,1.1556946460020296,0.06122407038948307,0.05541718368157179,90.80914611102317,-33598.10351865579
2.7623286174722823,1.0720448977050112,1.1118226496436387,0.03366344278217525,0.021601472788762854,91.57009623425662,-33512.94670142719
3.3264189084285856,1.071652916572798,1.0868901426463906,0.029766971269610046,0.006343203389873401,90.5603198021631,-33566.50431671638
3.553542263675113,1.1039950419341955,1.1453219484416972,0.03173942695739075,0.005971763501886245,90.45519651662633,-33555.74473150614
3.908669762687673,1.0800025171534833,1.1807809880808662,0.04655273550922185,0.049943841852337544,89.69883737140991,-33676.122534957794
3.8781360822756326,1.0826517982309907,1.1104900704250449,0.045714658231750784,0.017377694375212686,90.52684692470298,-33437.66290287987
3.545366903081184,1.071671337726748,1.105425638473863,0.06293581056417738,0.03179961814364076,91.55368722515793,-33635.4265586441
3.644932497399095,1.0991050972940593,1.1253037254403908,0.030475246210227666,0.015345317542925646,90.62244591380187,-33553.01139783236
2.6811361670008673,1.115250492759237,1.1576222424518068,0.04199433421852852,0.04101999758217831,90.93125148977362,-33456.43627665827
3.4837123273356942,1.073786184161975,1.1363894361394693,0.04951241419442079,0.0403095182606116,90.06592116718193,-33417.24755401911
3.4660982815728145,1.0929788317894351,1.1624211155618092,0.04064079197516836,0.059551363026578416,90.77454125041483,-33446.50519236297
3.136616608499893,1.0981108100903818,1.1256885390921911,0.05581798708405118,0.06961798976416246,91.04300179450199,-33566.45273425623
3.2081200856242016,1.1163554659399364,1.1443384066683626,0.052534735349547314,0.030807005134993473,92.33292069896746,-33469.74029848514
3.2979835212882445,1.1215924714141905,1.1371230997702095,0.05426205419909028,0.05198147290806643,91.16042954042389,-33480.53587634884
3.481015522816709,1.1031051812395558,1.140070288717473,0.04180776885507131,0.030560375715719946,92.74765498670138,-33496.099218463336
3.3781669188598697,1.1007882224038337,1.17207523391831,0.04694913973302162,0.07836218430166829,91.61600999668177,-33613.98031364173
3.4265197127397933,1.0764284058450904,1.1128228123586932,0.043103395868267023,0.025096190894198997,91.03416161041702,-33478.04592115264
4.01657847303097,1.0648288857968453,1.105770853417315,0.03962562174312631,0.030087571090568206,91.10774964669504,-33347.80201797318
3.223970206124894,1.0670179195465817,1.1095002280908768,0.04058058699920992,0.03502837185060328,91.13862468995504,-33608.12655568671
3.198943087710372,1.0834285370412784,1.1215267331161818,0.028186607703340166,0.04005766927834444,91.04968290390879,-33602.050788146225
3.266345892078191,1.0623248109770909,1.1383801897269104,0.0412257604852591,0.03294729428166759,90.60257039992986,-33577.313048226526
3.059795363022135,1.0827587444853704,1.1397518823774622,0.05985758106931646,0.030972879372774972,90.42597835546955,-33601.56763088376
3.369908032865939,1.0679516377555827,1.127302427199746,0.02397585173102588,0.06094521256819468,91.59081803324271,-33566.2337707455
4.009496082147445,1.1055412215424008,1.1182998359809002,0.051229487639335214,6.498788745548544e-4,89.6403350056503,-33546.00171381638
3.3434084181652124,1.0992912717872692,1.147389568071202,0.035911530696037926,0.07017673965384476,92.02497933685372,-33616.89534447292
3.268281875783071,1.0899795870682758,1.1392215437901823,0.03664259564471461,0.059412042764641196,90.2930071758698,-33471.70753143131
3.3275883095653724,1.1063529721589465,1.1472710198955924,0.04775942430502333,0.05447213031150684,91.39013086633875,-33546.91180294855
3.8930461454948664,1.0824107280294628,1.1468227859513527,0.0369081657453684,0.06052354253366603,90.7029410831384,-33527.564530482094
3.930941414767549,1.1307455783696756,1.1669155504071573,0.06412012158159068,0.05282032475599383,90.81168648995896,-33533.02447985397
3.2119190531702317,1.0921543995445389,1.1732317250011415,0.052693337685515394,0.056242648509946834,90.9313236264697,-33526.97719340921
3.2196726975794636,1.0727465116116668,1.1341055425167785,0.060529386748598174,0.026544663824524476,92.74480148908098,-33555.19288200646
3.427912010597124,1.081807992771018,1.1236700077831965,0.05870726066621263,0.027610833009639194,90.41668452019528,-33505.91319501184
3.2183779181853023,1.1104798858625708,1.1683559428606887,0.05352866707033429,0.04447658377002893,91.79443142690353,-33687.60253014066
3.50780214190614,1.0697593461324946,1.1253251645237452,0.07049520948436686,0.03632265770756162,91.43090347635231,-33515.990828780006
3.0725524232852037,1.0569394410351776,1.1064411033243695,0.035276193591455625,0.026061205440079786,91.18056491615296,-33618.71495188234
3.500040025372141,1.0793120207136488,1.200443170192352,0.043606023805608664,0.05356797467834769,90.63938984800325,-33460.52265060053
3.674511863747365,1.0676601150025844,1.0964096355981174,0.04014086141568218,0.03756214924897889,90.01678363489408,-33643.70563159294
3.5704925050991183,1.0528663210509424,1.1203089454610236,0.04630993436114267,0.03440057583392095,90.38624198945902,-33573.5680969647
3.7276421223049296,1.0824290012278515,1.1181309300915567,0.05294340960603737,0.036655112200277014,90.71675222846363,-33581.84253239954
3.39349105076325,1.0815581468379076,1.1258282298192046,0.06140363971973492,0.03207512979785431,90.38221529834561,-33591.43004936388
4.109512499648178,1.089961488153118,1.1087318972296938,0.03923597199062116,0.03265238319257174,92.00317504410806,-33557.7228101368
2.7609030125664953,1.081155546494179,1.1144518062783453,0.02918282966053141,0.024603616143396213,92.1921059392018,-33699.03508265773
3.883568941160408,1.075569889768605,1.1583320340069858,0.040677468587662795,0.07316331510905529,91.89181044001626,-33545.74515399766
3.4524111034841005,1.0619887898321212,1.093547094925248,0.038236339827797054,0.03558489536504234,90.78145527282139,-33421.25343529024
3.038298192994599,1.0881265437559722,1.1107415582477678,0.04864203180368449,0.028761348924369583,89.73251428363143,-33566.81543215354
3.354506987748532,1.1321813963822418,1.2153887662606804,0.030983688129134546,0.04102456390428625,88.65404325796328,-33615.087196901026
3.660842770305648,1.0462742803667167,1.1144248521327873,0.03426614044930281,0.04104521491878654,90.97629353053333,-33680.385327672644
3.3182673319796105,1.082553516138854,1.1386143291474193,0.029309885715317376,0.04297334967908481,91.91162503295207,-33777.84373986928
3.0857407272256805,1.0819612644650134,1.1400300423349954,0.048304217273934476,0.029965495482752885,90.26601592898439,-33653.78807268013
2.8912738726247547,1.0849651066338875,1.119374734574957,0.04000438372965063,0.03850631664765147,90.36760275391788,-33382.83672534373
3.7226363600778165,1.0691059089009227,1.134764184181717,0.06866586409822642,0.08549923577016466,91.62847726078338,-33536.01790348545
4.174407381229478,1.1263866348379465,1.1771004480260927,0.038476267516728856,0.057038589181161364,90.76230535740878,-33563.97052938848
3.645148587095783,1.096312020534069,1.1244432265581232,0.027845440663766572,0.028038264922574396,91.56606948564342,-33557.89782730338
3.5715666461558095,1.0532505525350702,1.0992594105180313,0.03104576535699828,0.04363143576831889,91.59159954842022,-33442.23018128619
3.5364359447499747,1.0792082153799682,1.1195363445239013,0.04197399252974736,0.027681517417303996,91.78689635554282,-33671.39644524966
3.2977497931929163,1.0504134932813334,1.0997397729541263,0.03476307456217807,0.06791194589807746,90.81754533057419,-33650.036512028055
3.639766606993771,1.0851560252453127,1.1280073134095951,0.03329987876805188,0.03854858824580865,92.84112015230696,-33494.00296738044
3.477772836043993,1.0777327564635726,1.1277971772779554,0.050398582172570476,0.035488300597462726,89.66917961139669,-33583.65833151217
3.296075473978244,1.0850220911822037,1.1076795920848372,0.027280022927772464,0.03859641746795988,91.48747234610323,-33669.98031057596
3.594099000464309,1.0816943502221608,1.1264750846314744,0.04408149028566609,0.037744204718818834,90.68805052281921,-33627.251387182114
3.28207892526826,1.0912031089825562,1.1398942826178717,0.04882929172747785,0.04007269862660205,92.14275340503391,-33508.68684894562
3.571475714249757,1.0947302114728057,1.1209297154800812,0.04589394046421507,0.03236295162253223,91.69679521631126,-33607.485145803555
3.427472485781978,1.0874501218279762,1.1257969233278204,0.03237248253100924,0.01952846281867115,91.49823859961022,-33557.811495069545
3.1767299474321753,1.0860552627378501,1.1208676679719933,0.05820713226464726,0.023652058338990405,93.17378385460351,-33421.50764308235
3.7358555172855383,1.0886364109624698,1.1179111886796045,0.008031569411403882,0.037335663338828526,92.58314258761962,-33414.59379995877
3.175438144451064,1.1314607328267368,1.1579710574844198,0.06600681584928532,0.035423749122081655,89.99749644544018,-33509.8789140665
4.156464031591562,1.0853181360089046,1.1080615415307578,0.0570149642959964,0.022825271026909722,91.38391789188672,-33494.82848239811
3.41465551087076,1.1038788428178323,1.113446979288554,0.03439327842369546,0.03288056787487062,91.72909238506979,-33445.65878034509
3.172372903456859,1.0954437915051636,1.112523156628098,0.034219211481466706,0.03320694079509789,90.52557444358514,-33534.69749732083
3.2711260429747484,1.0690677320940947,1.1230642706097176,0.0411791291168751,0.0674829426282813,91.00662187495833,-33501.137097754945
3.738246658290496,1.0872610705876575,1.1165367981119967,0.036507308610809634,0.0341623555287465,90.90043172280411,-33610.57978554758
3.3916414727510418,1.0758109101781852,1.118025035867553,0.06387905543055328,0.030895247998709872,92.28223413040554,-33536.03950686563
3.700144282198005,1.091868926638481,1.1270510284660626,0.04560984711550166,0.010769260741772473,90.8926352599441,-33630.111930849154
3.5784890956577384,1.1128423096753657,1.1436640705593406,0.03277305709174296,0.03824560845738445,90.59914623411301,-33754.40169738323
3.419430761072315,1.0857237213384596,1.1372707794679382,0.039400775384000476,0.017121130526423507,92.58434536304742,-33643.57901979371
3.168248089364754,1.084016779104258,1.1447477035191693,0.038900438498624755,0.03660553113518535,90.34509947366857,-33524.09259199099
3.3776982863488114,1.0735023692773193,1.125404001505267,0.038641638958414805,0.024930838855834983,92.30618687531457,-33534.97757245186
3.220113628767184,1.0842959717778229,1.1047867558141677,0.03329539937243585,0.02878171355479791,92.63386647638515,-33595.63675176941
3.63456190299665,1.0737850191610576,1.108121157810497,0.05849747241949243,0.004991474350098307,91.36467900638083,-33450.13645199748
3.651305243539732,1.121154950323657,1.1567009307370675,0.051955051436620096,0.0506403155428334,90.32394944108195,-33323.90777301575
3.1453145548412946,1.0760052313329176,1.1056920661402139,0.056465132113292425,0.05966709913080989,91.24553308264743,-33608.5471106976
3.2194309550885314,1.092858931121855,1.1774203743898515,0.053229799811103255,0.057938268397330746,90.90165824962041,-33532.14347554572
3.751625216630221,1.0662360286343378,1.135614214589677,0.08692206061789229,0.04001358088004724,90.96755740660623,-33557.70877163589
3.2020550326289685,1.0899048382869454,1.0880444000419003,0.03853057558989163,0.037450226524896164,89.58005705827861,-33552.02997140863
3.451245141658752,1.071047701922989,1.1038083975430573,0.0426022016117737,0.02479714764279573,91.97087482609501,-33610.091065206
3.4309234188727484,1.0691227151962166,1.0863904541104354,0.047354469420786416,0.0066525717851491795,90.54141249748304,-33574.02442521015
3.2632262216639614,1.0760059257888894,1.085978721192176,0.04843375635375101,0.031246271409758677,90.89784203053425,-33644.787580888835
2.9940596417831604,1.0839176997393978,1.1122907725005742,0.03085345532068586,0.014888553473039422,91.98137525720075,-33787.925159275335
3.2952118675809547,1.0943756807320755,1.1337926009008443,0.048510338673877294,0.0596106300733792,92.25005268661398,-33425.53658686475
3.2942073807576664,1.0729286097647728,1.157492186230237,0.05433959149581079,0.04802052149930449,90.70988681024737,-33481.46644453862
3.579267724791209,1.0355465899824217,1.092599415493396,0.03408896187345698,0.01998165432634573,90.89930569023387,-33492.60855771085
3.4612943447564364,1.0769702885350267,1.1680409226995851,0.06759575549298757,0.051887660103351066,91.01243487806678,-33656.87457555355
3.2046697141627076,1.072920687108275,1.1017043344356732,0.021423614279663473,0.024804299132477097,91.20548502687394,-33602.4663375983
3.533417245703595,1.0684440555144308,1.1020293740694596,0.02890075632605579,0.016267616072034013,91.60424885570396,-33600.952261582715
3.5321335111755605,1.0639361881630707,1.1157867661768577,0.029799016538005943,0.05486910204024958,92.61247948197864,-33372.2402376669
3.362694469131994,1.0877032390940307,1.094060737650488,0.040696405917541964,0.03588977602338602,92.2479551715513,-33454.380518095495
3.596515714559821,1.0831209130703279,1.115755831255921,0.03455716384790454,0.040214757396101065,91.95820138932189,-33607.55239238267
3.3801590787250158,1.0768567603800223,1.1410329960223424,0.04071128879675804,0.031493697315458834,89.59579849489582,-33570.548567388614
3.2627699897759985,1.1152712738080577,1.1397930847078643,0.0278963471507189,0.017145635116655292,90.19814116490932,-33599.54713742483
3.2734572959222863,1.1056566306300704,1.1526694660380308,0.0360745039204259,0.03711062567474341,92.42669989420632,-33473.06778421013
3.7612328691824626,1.0793072042694518,1.1446497338836832,0.02920605767324005,0.040720229178069535,90.59437868121731,-33407.162857055686
3.6907162640748554,1.077739444886445,1.1349428255915455,0.0285070963296859,0.018571317467785124,91.00146745642672,-33419.12004345783
3.4621872170355457,1.0869022567908355,1.1274197431918596,0.03817662615965252,0.02806493270589445,91.49545627996547,-33592.204993317464
3.761903134440453,1.0142434212774472,1.1218871179106873,0.06256468713436365,0.043669775100032365,90.68678698874956,-33609.798721911284
3.6265845091874906,1.125215497719022,1.172903426816428,0.044477296318884384,0.05305782047921211,90.51988832588856,-33456.09954420355
3.5893136865503643,1.0836265152476328,1.1416131089541,0.032007148083483594,0.03498651076118178,90.49075856258264,-33534.429051187966
3.5485810552377113,1.063268836743558,1.0856857418990815,0.018960953163320568,0.036134197407095836,92.5843478898816,-33564.79899556011
3.1592603851095378,1.0760229030282027,1.1043368008560126,0.015019533124514158,0.02276003804598982,90.41021188099691,-33514.70771556635
3.531459080051928,1.0654392960970753,1.1022710603308734,0.024539506336449423,0.04309082249481495,91.72385796392594,-33596.10837262738
3.820283833525882,1.097743860915116,1.1299894933524526,0.04891747586240851,0.04316884603340766,89.41430840723439,-33477.57510821738
2.859588972485708,1.087091886956608,1.1437015080984152,0.07371317804653266,0.021919362535617402,92.69880347513354,-33729.51545196924
3.855981439546029,1.0897294820002277,1.1537360704693271,0.036059054325747054,0.04074834060844536,90.94863296172119,-33340.30808456899
3.4996656401042676,1.0731837249273621,1.1345531575502508,0.021798244944885685,0.031136737358585093,90.56289108512742,-33440.117443905394
3.257443515598163,1.1110131742725535,1.1141211489028768,0.045877113357879216,0.03875999772434319,91.3639928778981,-33556.57535482096
3.7890877896458464,1.053528250759648,1.1212583050460643,0.04397935973610215,0.05185920238533697,90.09266444343982,-33479.37099886875
3.3637243367194842,1.0852001542817318,1.1460564210533708,0.018126881977125798,0.036840750529454055,91.33998276431511,-33695.74778608644
3.3427560799573532,1.101704253426722,1.1120349848892042,0.04688416859574269,0.036924532602880054,90.1028210391634,-33325.77257899059
3.6314631104459267,1.0667418002425288,1.0881028534697244,0.044117386000842244,0.04729099403106289,92.92741335760225,-33474.28988429662
3.6539164756335283,1.0982996019201345,1.1478756666877623,0.05247518636249564,0.08496203411044106,89.9870091124529,-33420.01193025953
3.328957211869675,1.07777999508348,1.1331799352917302,0.036059590543494446,0.02827507783526443,91.75946304303078,-33372.99955830379
3.283522906502397,1.0771612480004358,1.0857847766855622,0.038013532513715025,0.008908193582237978,92.9552290992735,-33723.24089129175
3.2402626461198807,1.0749570148157712,1.1188943669043487,0.03249499672183911,0.059338980964786965,90.8038046403915,-33439.027201597215
4.047508397957194,1.0645660861377246,1.0908540030287173,0.033647512547072815,0.011847908545619996,90.26851767207381,-33495.006560570444
3.422782475297973,1.1126337764511114,1.1432102717256043,0.029143747812096794,0.056615324450154214,91.10519723028428,-33585.279737287376
3.3308153810849364,1.1027114929837867,1.1096774879261824,0.050438731529365524,0.05522928531340904,90.86367290633254,-33625.15608551672
3.6653608983617776,1.0573096698720865,1.091289823610605,0.046992320091038424,0.03378358398159827,90.85356523903356,-33488.745442020365
3.744744712138806,1.0964447946472533,1.1698430352597833,0.03662233389994589,0.05391308331208463,89.76963396857508,-33690.04305887264
3.3544089545456552,1.0660237219673379,1.1174003284089558,0.04271887501287118,0.05145547277927131,89.81911739334807,-33670.804752986674
3.5157122385654422,1.0680772868121817,1.121896782153979,0.04976067559711515,0.02752833937279507,93.1683415471433,-33596.97819672626
3.3080550477049098,1.0790643128601027,1.1132658649023415,0.027866255451618645,0.014025311887335756,91.50860144469708,-33473.26100595891
3.3542076916238184,1.0933180614115827,1.1174728260151434,0.03739887255889441,0.04116536707605939,91.07319608558085,-33579.42536540399
3.0850507490571535,1.0916209830096537,1.122246624169863,0.049942343164890025,0.05028877610459977,92.22290368354595,-33439.45158532196
3.6084373903700606,1.059797176973799,1.1024450753257875,0.03503279806319851,0.055722174982647955,91.44061082923254,-33605.794724192194
3.5464724659779137,1.0723618676221278,1.1090942167232691,0.05293101628842909,0.0475808819622162,89.39153163462804,-33474.03283889646
4.190663405965704,1.07398031723998,1.1179366332104559,0.04148957318032219,0.03198717112682027,89.91972133339904,-33642.65588081803
3.1471251557069424,1.0876998052841893,1.1260004075688839,0.04799348268924781,0.0339055171101688,92.10343932028638,-33432.75248072998
4.112988569494084,1.031541806803781,1.090245016418447,0.04338342106973292,0.05778700791310204,90.68882095713286,-33583.69303422024
3.3642658253676703,1.0565946953018093,1.1166829369810052,0.062335474189821515,0.034003258599988435,90.35845788995886,-33602.80397071594
3.136025122472656,1.079278631029303,1.138217053145425,0.0443251118232506,0.034672576075873415,90.16255080857862,-33440.93408897612
3.026490268985357,1.0540267097188867,1.0994303694753391,0.028746287884336478,0.04145354203221426,90.90334850288218,-33549.95424453186
3.3654887634837607,1.065005179694513,1.1093784437042626,0.039481653648241986,0.041830408860353836,91.52572283008794,-33460.11163074042
3.6210481491317825,1.0957690471006634,1.1123491893051107,0.02304197114017961,0.040997851536499784,90.75237929654932,-33582.11623177502
3.4538384555523454,1.0587361535832156,1.1103628367227953,0.022864592395192885,0.032541629642772095,91.61246802898545,-33493.135161426115
3.0989733782803386,1.087113995638822,1.118845038177128,0.06318733934002807,0.015648418813624058,90.67690533139387,-33491.58547699231
3.4462286027890956,1.0737651251181493,1.1143324222175155,0.02894550627586166,0.03044091652590863,89.92245392338289,-33485.96327760816
3.881074097444809,1.082878031704145,1.1291516248993267,0.048407097725139334,0.065479513126763,91.68763150093942,-33432.10836994136
3.296090909721643,1.0583319478066773,1.0950066238207732,0.0535880981487163,0.03937782498813519,90.52180026389367,-33619.14435206388
3.7376220850461026,1.0754386244271887,1.1080968007126364,0.03503779541041589,0.02994831935269396,91.47187340867218,-33643.0223336948
3.01235888552776,1.0645291500017318,1.0819923215126277,0.03776405123419307,0.001227205924294208,92.53287626837502,-33471.97565580082
3.409006762516946,1.093056519280699,1.1420105748565212,0.06260716110737638,0.03422207572733728,91.99613505835106,-33730.80430659119
3.5078038592937646,1.0693649321934933,1.091429256243336,0.050836047315498775,0.051015270887167556,93.70366288687418,-33477.55430700078
3.183508349503585,1.0764971201249147,1.088655178579864,0.03903510394875334,0.03783385224327809,91.95423543334876,-33510.30421760638
3.4284370639180093,1.0957841363995247,1.1471512685334049,0.02156597087636558,0.05561818768247932,90.65196423946952,-33579.04694247901
3.587980503859275,1.0730902968058047,1.0937043792259886,0.06567863455135896,0.050184035285120956,89.82219357978373,-33588.39801483857
4.066423832303614,1.0645917908104774,1.0943438868008581,0.029761854358485572,0.02111996178743978,90.65742857200497,-33658.895841290905
3.6487649122765458,1.0804093121267966,1.1473840320111945,0.05215965436642951,0.03943249358445847,89.7951778010576,-33542.303295773454
3.2752063242934666,1.1021559498208002,1.1141708864259836,0.04468950060537873,0.033080602534354395,91.96845060350536,-33514.09236641536
3.554277495926814,1.0772644686123924,1.122637433685852,0.08351646946069972,0.03403928192891013,91.50150617897143,-33456.595969349306
3.3303561093601237,1.083432357208245,1.1419544243088073,0.04626135029107261,0.052968746223547206,91.57347218122452,-33432.22413890299
2.882548130169456,1.0774255559404553,1.1054689389801131,0.07136992015414031,0.022553940393511905,90.47190204364038,-33438.790259887595
3.9768607412256816,1.0633988786793045,1.1038162035545986,0.07641414770119953,0.04212198616180397,91.42999192782972,-33427.63112042129
3.116997920491683,1.0795773679887344,1.1084129831147362,0.06304026344969373,0.056423154201947615,91.19581044440729,-33426.534198891946
3.8990063685668677,1.0760309019368461,1.1246250552156656,0.05681893459798918,0.046912072665028094,92.11266524527419,-33506.56026292479
2.9993053221369768,1.065850163532071,1.092855363004104,0.05455879322924117,0.04462201138835835,92.08682803512352,-33714.86620110387
3.271137471000636,1.0755403125855147,1.1200738956388092,0.03448763719296316,0.05644600156710836,90.59014199228105,-33657.18976721133
3.391697567505391,1.0833226267098854,1.1156541723206828,0.03332350159333185,0.012687927857579022,91.73736524459645,-33425.20568038548
3.7187989329915356,1.0723579087349964,1.0996338919308648,0.021847862263713356,0.041086128336266355,91.74085908224194,-33523.3543278888
3.9871965281250064,1.0567269493066296,1.12448237822456,0.03247660156142756,0.03898525604719707,92.4130731173679,-33521.60116203602
3.0724463807233886,1.0558326446652866,1.1083868007649162,0.032515101753509905,0.0631455714081464,90.39121744976086,-33398.42867709849
3.563776883815362,1.0577122158713264,1.095408794014147,0.03756633921469609,0.05839618254343916,90.6444427270271,-33612.88764346771
3.449279051931186,1.0600625034440596,1.1362788763564151,0.062408293555479645,0.044174493914041386,91.70553374095648,-33460.49375550144
3.502360258599337,1.0677995890395033,1.1357436811646706,0.0489869496068185,0.03695157578045301,90.77231950167287,-33524.92920349161
3.084914735091286,1.0708385555488724,1.1446937245665094,0.05531708444312604,0.0819790949244397,92.27574176827392,-33406.95447911131
3.3021328227387237,1.0960753821838523,1.1315708040938985,0.0329929824978917,0.04533588215178887,90.9084856552275,-33498.74293234161
3.3670316885118323,1.0718610930546892,1.1079554571957564,0.03666887036787239,0.01421634249191842,90.78099767405863,-33548.11424395294
3.597491655407871,1.1256402113698605,1.1588639893714274,0.05238288801355434,0.059027167572199286,91.50861631612514,-33445.73704550709
3.2475009284625975,1.0900863276978312,1.155394435174358,0.02610068250662774,0.036566268697947796,89.90591340661184,-33621.94790037759
3.5008832847034026,1.0620857245084216,1.0734097715541255,0.02263712184179172,0.025781846161683056,90.42389638360964,-33475.47153091105
3.3334513313606253,1.0593425356267396,1.1101513402940033,0.04375804396486605,0.02786063961465433,91.35823431566945,-33469.19738826873
3.1786246578391433,1.0532619906000287,1.0798289371353087,0.04548313450187293,0.03863006274281279,91.04447054756439,-33466.93677573823
3.843319179442905,1.0685078977538427,1.1356779974443505,0.0498250349531871,0.04765233241857454,91.70455266877352,-33443.75955420625
3.081894629247206,1.075163644002448,1.1080423330464126,0.029472226960278288,0.03233086759579006,91.87189358623029,-33476.73408659469
2.930855375629658,1.114352211485421,1.1734683256074914,0.06049786540161758,0.07758763894154344,92.49509526277497,-33564.96822753339
4.183334142002835,1.0667952634787738,1.1042698680233527,0.04298746733494115,0.027338302678691567,92.06158714707291,-33504.61563325137
3.3760142950169807,1.111293505277368,1.134425422942134,0.04203861110665686,0.06166237492798686,90.63636963807875,-33447.94851005939
3.2608854881908185,1.059634455390337,1.1013367671775782,0.05407870080823057,0.04501697209157522,91.78903155056854,-33618.905808113566
3.992646198664233,1.0964514346066216,1.1234506362196723,0.045419165380346134,0.05365692866155484,91.55569174125556,-33529.813849824175
3.92592392169806,1.075775382046126,1.126681095779103,0.05850795847608988,0.05266347191535074,91.965634815469,-33499.5359301107
3.4656529413921,1.0701232291128562,1.1063864192261341,0.0417662444868418,0.02771526608835242,91.51388488591404,-33669.5336166971
3.2817884499161956,1.07844835792418,1.1252085721471135,0.03237268688571426,0.05329139765541367,90.31036586505799,-33606.63803802545
3.883953539791112,1.0873526467420074,1.1231241764020725,0.043321216705939,0.030432033729013094,89.95487201109152,-33735.40665139009
3.576155934566481,1.080032181153877,1.1765673150529614,0.03999476466354237,0.04314085796526879,90.76290611824746,-33484.978824099904
3.8607326951165537,1.0608113065446498,1.1130389673336933,0.03871964767040433,0.03968853607671696,89.99960869579654,-33427.96648226759
3.5617510178591814,1.0801299286092096,1.097870254450655,0.05625710502939702,0.035817760223171985,89.81434454342825,-33384.93178165727
3.6677012185767737,1.0759970879740104,1.1162790366489597,0.0454462039390182,0.0362878165702914,91.83537464489113,-33523.07478844498
3.4002667070610815,1.057436394467474,1.0868451294395929,0.05883375498913693,0.03273821690335833,90.51899749445228,-33620.894255333755
3.5665805046064505,1.1052973017229097,1.1599806532067638,0.05210242135203537,0.06328026254075872,90.32815451546692,-33569.41048597772
3.4323844490627025,1.0991786106251782,1.1191811976527437,0.042691013906184114,0.02961488673297391,91.01968986958514,-33527.80937548279
2.935410451756925,1.0315787241186887,1.10951300338108,0.03928814871761359,0.040514043486223214,91.50417992327434,-33617.429338094895
4.116293935229138,1.0895794945325628,1.1662850724970326,0.04136714730389358,0.03510586859156392,91.9519321348608,-33433.00350144716
3.1105499410215223,1.0382742210293732,1.0891541317522797,0.061725351526724884,0.0488158699388335,90.93132817232251,-33575.975621359044
3.2162316438218213,1.0580101331514764,1.0990871795432486,0.03535226414198934,0.03861548579704069,90.62715670166644,-33493.46226662721
3.919455416066819,1.065419083758273,1.0967949704429987,0.02178398026358249,0.03233967382030078,92.2915007830858,-33637.60697709131
3.4574586968312295,1.084546813472411,1.161627106146058,0.04317578140416783,0.055109314423736976,91.94913196838858,-33509.815248557206
3.043201335766658,1.061366604297054,1.0971836313331123,0.037042603996833,0.027846864038662312,90.97475565395614,-33647.11272601338
3.4254420998221304,1.0602708003650634,1.1357516483383454,0.05525913002729654,0.03150832558123376,91.63830515928979,-33687.41380579227
3.7368262962503396,1.0684947510796712,1.126420477938316,0.03189126176875713,0.026465798489072885,89.58037885084424,-33483.26781482361
3.7445147953735693,1.0533060916084467,1.1234642570350357,0.059233891941450185,0.02135056963447357,92.2335073968932,-33536.465277640775
3.5309174647068025,1.0867013453274816,1.1196732356722323,0.036581039401826804,0.11524131758007398,91.39834193913418,-33469.721946264195
3.5810631057490103,1.1060092824982488,1.177763383127345,0.051997854554427236,0.06406496101853798,92.13850202970652,-33381.110442970254
3.304647867034042,1.0856499670690634,1.1112184371071065,0.021889008439717823,0.020110275905574692,92.19534142442521,-33647.228772051945
3.5805676930240082,1.0883311759150165,1.1346283063493194,0.05014548665012597,0.04193523785928751,92.40780928915416,-33623.79246486758
3.1565923705478918,1.070170008769726,1.143571440775736,0.06341982129889268,0.10559762355190008,91.32874683955248,-33397.30545847713
3.446113315447856,1.0920080477309808,1.152743885106215,0.03914059521731733,0.025645793352137167,91.10369524355136,-33534.95159071204
3.7331787643402508,1.0463862890367164,1.1230968773814085,0.04650193034184339,0.02721334438726871,90.92527212800161,-33405.9525198246
3.4261246400837577,1.0572679872977309,1.0901704078011867,0.030988867691999163,0.033014669600964566,91.11909668272634,-33615.99099778113
3.7817586505801466,1.0736072716707092,1.1065648224324045,0.037252113801799006,0.020833294503656792,90.57103134705845,-33646.682376258424
3.5139804249053217,1.1296127451765754,1.1788570933314626,0.06645516002204105,0.06300454175016083,89.85461542738965,-33492.56552456807
3.307094241863852,1.0807403786620822,1.1419486566625068,0.052623810976856984,0.013681546827014708,91.05370046010484,-33603.19691804595
3.6843947371194368,1.1014194055468742,1.1465743363708554,0.04048109965762523,0.037845546255436534,89.9466080946174,-33458.92587459366
3.028781570337347,1.0733175594330198,1.1415801349174521,0.056365195150977584,0.06574744756187602,90.02888771129435,-33475.518401107314
3.6787764618937615,1.0601340035691265,1.1079184556905133,0.04728144064838275,0.026407214895906663,92.54764311798534,-33621.2363224071
3.682410096720808,1.0749433626478222,1.125770730347311,0.04761726394328974,0.05591854313207655,89.95329377959295,-33447.999278093244
3.8972695261576886,1.1022732522328302,1.1273996926668612,0.03717317482108532,0.045729073834671334,92.20332692577459,-33431.96466784165
2.8867503261204295,1.0915651505306987,1.104749255944987,0.04848952719638485,0.020393493553459527,91.48317851303729,-33520.3943522112
3.304519217765755,1.0644692027936409,1.09136564219425,0.028408819719078826,0.02176127601407805,90.4674472836286,-33462.72723700191
3.081584304989786,1.053899453488195,1.115893146598827,0.04666665509321914,0.018100541218663835,90.53810426752457,-33517.18156222564
3.6636771855098584,1.108864137992999,1.1535447823371647,0.05623013432233857,0.06395136408031515,91.60415190220135,-33598.86422377388
3.646535621584346,1.0614404844031158,1.1522160186575399,0.052543932182561495,0.06493548665056818,90.49027188014392,-33680.129647080925
4.083076047677617,1.0760172501963186,1.1244686344860348,0.021110677421291923,0.026469221754062952,90.3986115868292,-33629.660311563355
3.244130835658723,1.0847666444130313,1.1284512126722848,0.05618891449361111,0.03332186667805964,89.86578813182142,-33614.04419362549
3.368836628264921,1.0749762830995298,1.1082594677579123,0.04889160694130051,0.020647884749729922,91.90070950584854,-33523.202931529886
3.6076679652838477,1.088897694773243,1.1260271731618936,0.03747912545688118,0.03510764747665001,90.43964607236992,-33449.36857106079
3.226213032131912,1.0824141894396098,1.1092236628948067,0.05492157874166671,0.06317620879422335,90.45822188014813,-33347.78778820728
3.1496974361577976,1.0538274552013593,1.1365118693242513,0.055225589125277474,0.026583737186859517,91.0874793363707,-33541.273074976394
3.8573386244995937,1.0752445912350457,1.1799804505325464,0.04842391014283356,0.07365271575861385,91.85837300102939,-33468.13583905171
3.8257906171889378,1.0620701744839764,1.1315211766793456,0.08500139060693036,0.034493585070632854,91.28406898550466,-33633.33022284256
3.802628487285321,1.0665956387724977,1.1025826482671532,0.043812056950546026,0.05786660545266919,91.8106737837871,-33685.63986878155
3.4444208636626636,1.0839196619537452,1.136819103728636,0.03507524745049661,0.03454795272986742,91.05916303778477,-33449.47544363419
3.850735345911606,1.0569302106933585,1.0858530211602508,0.031763924098414525,0.03985098335096371,91.2976418516152,-33768.86551827232
3.844863668199822,1.0547882497969674,1.1023337448469634,0.038026442031994505,0.009481923451058014,91.75956134643064,-33559.53139836063
3.415451686253582,1.079695383319004,1.119669902041794,0.05827241881599539,0.037006989885163336,89.70013068186259,-33523.3241714581
3.805118496752521,1.0964167205608955,1.1713211481399064,0.039262443302169964,0.05536960795516107,90.29143345070575,-33649.262521923614
4.036582982833481,1.0694310053950105,1.1438001890142206,0.05768492719797524,0.049930117243771326,91.45516919091611,-33528.463644964904
3.2449871605933103,1.1154545284652186,1.1768749560891711,0.05841517560694624,0.030967985690907664,89.9899333314422,-33559.72758049979
3.675605910921592,1.0833380415130376,1.1000367778140285,0.022406381350087084,0.025198248148655,90.98801623520157,-33679.77916398325
2.994401704863867,1.0546722554946886,1.0848823748157777,0.03220282109245921,0.028581806740186323,92.14613921596452,-33580.437225944646
3.7665905461217726,1.0779511710429972,1.1268965026117121,0.056909923719617325,0.031280833116803276,90.98671791854879,-33538.74461923028
4.0342276511921,1.0860470296023101,1.1334113339834404,0.034125184297451705,0.016441152404777257,89.90871868795931,-33588.999233884126
3.3897217775335426,1.0822796771235883,1.1112216596462159,0.043262846157165163,0.03593987067169672,93.23583556413828,-33543.67264045641
3.7072665594319902,1.0705180540779236,1.1192352376127312,0.041221541980351224,0.01406848345394934,90.1214742625748,-33566.66256181817
3.660388733926678,1.0714577197641701,1.1279097773607403,0.04966929805480664,0.03883924921390167,92.25985589374909,-33312.95331296873
3.9882902090065158,1.092864871756621,1.1246287104460562,0.024813294761128004,0.027052218105676446,90.7844519585218,-33502.91443288063
3.509256273075579,1.0604872483765901,1.1244407006014576,0.07480998530302674,0.05231631500661319,92.55746454639889,-33587.214102320875
3.5008779045040486,1.0950269057575734,1.1272686439827768,0.05653162796524244,0.03416113102854477,91.82903458830924,-33682.884343845195
3.6065889963080973,1.0839339171981353,1.1271774249462831,0.042890361901205404,0.01387512168705874,91.151738293446,-33804.38726453135
3.963245647409248,1.0688436734749729,1.1193863134431725,0.04191785208934369,0.018209300100365245,91.29983968192285,-33420.341774960216
3.454113547785158,1.0767244738398731,1.129805786889234,0.05075595449369056,0.032233609392693735,91.2897951343764,-33460.31641648825
3.2330362845072056,1.07109700503076,1.1100940667468067,0.05833682523475115,0.05189099768506794,92.81344776052865,-33530.321135184655
3.7124471010666094,1.0709879318049296,1.0991895719621976,0.0335167826068196,0.017228890050916892,92.1373660572995,-33563.33530456858
3.818268752482254,1.098294008830667,1.1057007053199075,0.040058528043958666,0.039549285138616865,90.67867438739708,-33662.077990570986
3.3875309689290174,1.1079405622685974,1.1099320372776562,0.047225169618647436,0.03812393368762684,92.31289909373032,-33507.96462955278
3.3013184916178426,1.1019808418028982,1.151053843658563,0.0386336561951537,0.023311563447855347,90.06603641509092,-33566.59486478702
3.4223433305189297,1.0609544652599041,1.1179396498991874,0.04702157021005692,0.07848949034903961,93.09168175534451,-33453.6243279052
3.1747668223339724,1.0627016188513527,1.1246816701976594,0.030101021451379325,0.05263328608462654,91.55401688076465,-33417.397279055825
3.0481895883893686,1.0651413798951825,1.120893983364252,0.050849070964729355,0.03979438488402988,91.46723817882271,-33524.18528078778
3.804270099132529,1.0865042244513954,1.1227058745142628,0.032397664538543265,0.0554735929345616,91.07446083572444,-33564.91792140506
4.245927609029904,1.0701759330825735,1.1669255011773554,0.021171027779518348,0.040589080434064714,89.9790203253118,-33694.500659267236
3.2709013838081806,1.0974064663719574,1.1317624631499283,0.046774784065798554,0.06979226963871583,91.21130571048943,-33472.49403615319
3.812560430923254,1.1157981117686915,1.1323008969838124,0.033810412680883056,0.015347556650116452,91.14682705466075,-33614.11669657794
2.93064534258081,1.0664989665399314,1.1104356907246058,0.05292929951971747,0.060037374968235656,90.87735042037866,-33509.63641797297
3.963048258104162,1.057148070812806,1.1142514121784086,0.049529821203785955,0.021377068879087774,90.78815510440485,-33565.15455857391
3.461665939525849,1.0902637185833626,1.139886922357064,0.025140624439297314,0.0333176745203407,90.23119569757164,-33509.35581864281
3.2539872063846844,1.0819191104900452,1.0828624668905007,0.034505542682943986,0.013074498023774394,92.05621103958092,-33550.40408500816
3.5477611795519586,1.0670379058269779,1.1185438512398704,0.04585176844819802,0.026035537223708233,92.79271420911185,-33504.53134325551
3.053517313916584,1.0812975192932832,1.0965338021945648,0.06412945015553767,0.013992517668201537,91.93131884791013,-33588.930013916426
3.6399475835839867,1.0874626731123,1.1022745009382549,0.028023566768197884,0.01700949442685309,91.44490555132234,-33694.076932135
3.2767831247348367,1.0747629936674035,1.1397182554396705,0.06946418237818637,0.02841573933661829,91.83532681145306,-33656.68036509124
3.525356448676485,1.0655175962410863,1.0918097950790993,0.046416606239898316,0.03943333767058062,90.55359714464659,-33638.05664479021
3.2536823758483253,1.0672004144030025,1.1519670711315566,0.031008511250358254,0.06320512511033301,91.93510477012303,-33290.071034004
3.4701029727992094,1.0558732856122242,1.1263567685577314,0.04852716842665838,0.04344509924733506,91.37913009101729,-33456.4796173671
3.1800366206694273,1.0738988821034952,1.1218136786908235,0.039831348457490715,0.058959704085113335,92.17912197880311,-33516.60416899839
3.541770707686787,1.0860447972812737,1.1019082088958665,0.061026488478478594,0.03234664258057459,90.27722554756735,-33483.54435366267
3.278887704193195,1.0886417245597189,1.1493092432716014,0.03709294076442846,0.038460913155168336,90.64938683910572,-33548.50600206356
3.528853484098401,1.0778475472316762,1.1395313756604089,0.04818721288968389,0.05398001882248799,90.2837717268757,-33533.697934920594
3.5272220398808276,1.0544456824703559,1.0994310302998525,0.08660823085604859,0.033341659605399046,92.10157461569607,-33737.48622859323
3.4801764308191023,1.0666330884730535,1.1072029473303722,0.04570034785719447,0.045948347001557165,91.50626002205277,-33528.34592921944
3.4835704656024795,1.1121827425068143,1.1875979594894732,0.03015976331897651,0.05738427803354709,90.43511945019075,-33533.55815566628
3.226943293912052,1.0770489109943375,1.1557560539295662,0.046504835231371694,0.03932303796284915,92.08937483190587,-33640.18071519719
3.6735071745482712,1.0464352538149515,1.1008161135593757,0.04263412290993192,0.03608674699386467,91.96576363870648,-33426.38242649695
3.773459132870923,1.0769950551478011,1.1109983467105558,0.02662412172750339,0.03548361150528502,91.2945904116856,-33535.81983059666
3.55815161788961,1.0413797260660187,1.0926644553479758,0.05016392275942716,0.052400477746234575,90.8065965961021,-33448.112237289795
3.142025893192582,1.0959309969778794,1.1158727125224037,0.06025889440123241,0.04980668656003631,91.4361862185198,-33574.21924839417
3.3980708105362623,1.0855700424899573,1.1183791962836782,0.04535045181954301,0.02116530692323437,89.88365415601102,-33616.544359802574
3.0498993023356413,1.0745127110859778,1.1262174796430149,0.03994272474011813,0.04464431827727054,91.02672424999697,-33348.36905586985
3.5900835622362637,1.0526944110498693,1.109609046408322,0.052330811208897494,0.02838299735925293,91.63141172722639,-33516.85814223975
3.4688607843130947,1.0808497879918613,1.1179158516239813,0.046973048848123776,0.033649152785386084,91.25813129712255,-33779.65467352931
2.84925356841259,1.0483554338493652,1.0716761851241032,0.05578509219032759,0.053803648926665205,92.32619692348621,-33601.69344522823
3.5298201996133955,1.0422260066860811,1.1009205589274649,0.04547677646300543,0.043416279584381566,91.96014360440864,-33463.203332080004
3.234633223962433,1.0588486305700526,1.1016434797320485,0.059637489842912214,0.03297023940803276,91.19261736949058,-33473.25745532305
3.591698032051149,1.0790505855519998,1.1467522690148906,0.043140028397388175,0.03121195377780372,91.1771666804985,-33476.409701447374
2.9769523499325525,1.0863566844101131,1.1439998770569195,0.048479091016351616,0.047176939554486666,91.0598447260135,-33700.2376857861
