gamma_1,gamma_2,k0,k1,sig_beta0,sig_alpha,sig_rho,sig_proc,opt,lp__,chain,step
1.0622527956005343,1.0889262799349035,8.618902809684117,0.7374498435444878,0.07106087814697011,0.15642588555094378,0.07562578286670735,92.79013663536819,576.5180727064799,-30412.72664420228,1,1
1.0814846416002672,1.1446010177445867,6.899759478942963,0.8919613006388752,0.03166658531442065,0.16578517726645853,0.08089446498478904,92.5284585680425,611.8295307962609,-30460.17795097032,1,2
1.0871777365960116,1.1112559438063074,10.147089054675861,0.6867957176586789,0.058706196862527274,0.20264942469803288,0.07890172697918749,92.92387789302164,562.3710988256106,-30360.208236125305,1,3
1.0467959964547424,1.1124647328221116,7.492100929480054,0.6607976809065449,0.028444343658683577,0.1290250925751629,0.048382881124427436,94.09770613308856,499.34230928345977,-30360.058067478512,1,4
1.059506554208274,1.1144652884187514,8.840046904453384,0.7506251335987268,0.05655894199391246,0.13889789065609934,0.08490513860392776,93.11612384150536,601.220530037837,-30457.861972028008,1,5
1.0766911333425928,1.1326903863995843,7.332844617923563,0.6119770339813894,0.05724925270815644,0.11623935431239704,0.07284086207526154,92.09417889392898,633.066875758404,-30386.142820103618,1,6
1.0796410530720393,1.1223400690625538,8.292168616534394,0.7800344027884205,0.015463217312788909,0.18239553784078807,0.04694095712424378,91.48702139447607,567.8225477935653,-30391.812417480527,1,7
1.0802448747075226,1.1301000155813412,7.2754190053155625,0.7196641369248763,0.04518708505654628,0.13003169432120162,0.07522622292339226,93.85493779700707,516.4689371283729,-30450.450671777395,1,8
1.0329010865112378,1.06792947978384,9.475318471021284,0.6621430679078486,0.04602174475917415,0.046242639124544495,0.09960316480136995,94.18259498182029,557.5351903302153,-30435.679540742352,1,9
1.0750799626594632,1.079689619146672,10.546588636034597,0.7702602844329505,0.031040510603903906,0.17295655595112663,0.09051795896630742,93.5453657628806,599.3978793173782,-30431.12674329316,1,10
1.0638652344058166,1.1001208052561626,9.294047626200491,0.7162943426086498,0.0319271496813452,0.14441779356714754,0.03961599181571103,92.61073172464275,577.2657900967247,-30405.877204518805,1,11
1.0568411841462766,1.1092770624998756,5.929540864208952,0.7882389682571956,0.01795257424227118,0.09514500867597048,0.05772519989172925,92.99605774361238,544.2729931872606,-30431.670519070918,1,12
1.0985189508297881,1.1531833581284996,6.071244657886471,0.826519084076709,0.05588954463196422,0.1428467773369263,0.06565112841166099,93.40014716637161,553.596245755933,-30465.405214227183,1,13
1.0596778413871832,1.0782945779748894,8.609973788611484,0.7111698674891169,0.052245182359533626,0.1536323466582094,0.07805291224223808,93.03042268092993,629.7691634222052,-30503.076302191123,1,14
1.0944585763747745,1.1537307206913563,8.29531271067234,0.7319598567833656,0.03685315999773287,0.19501647276905892,0.060595515347122694,93.84652014366957,571.4008393066832,-30445.184946694222,1,15
1.0708676042918934,1.1056128357609214,8.407463138360768,0.7278438967452323,0.04373248257017215,0.17082645501369492,0.057196414767415334,92.53362479437509,567.2766868108247,-30430.50148273779,1,16
1.0651625924594132,1.1473354312990929,10.00144237592151,0.6722772328027093,0.032466522698180185,0.11633057860649144,0.07889058947737837,93.66827671725937,578.457344454874,-30357.58565109708,1,17
1.0801601038171125,1.116027008706312,6.57287424337122,0.7441298359752572,0.026327751330621894,0.07198081808929235,0.04330552272259342,92.92935730422221,587.2627174806464,-30320.791776709313,1,18
1.0398099185846041,1.0690662363812482,7.154966076810815,0.9374225297882115,0.03396824982081354,0.1161688052033073,0.08322911972943779,92.1395673823773,528.5395832078284,-30377.219278585595,1,19
1.0510668300333097,1.0760390254946024,7.453307232445991,0.6694640582570891,0.024733650385473493,0.13750691061148015,0.04987231191252566,92.73977637670997,531.160676527615,-30473.371952683472,1,20
1.0622376110247875,1.1428108862169117,9.600048560071933,0.8559006076113459,0.03421082655775988,0.08515516336373935,0.09231829501048294,93.23626717542,578.6540614177322,-30544.62928642198,1,21
1.0967919194599727,1.1436558523533285,6.629457110576568,0.6292457243497728,0.03451573215421341,0.1740630831155552,0.0568264826872043,93.96045495914989,531.6950730883497,-30441.93929172973,1,22
1.0468076049719295,1.1052328515253278,6.204002655270846,0.8865767181751337,0.04813963192385864,0.12745386429331376,0.07899460746120752,93.24556641457517,558.3992849466678,-30430.529033711617,1,23
1.0599278591181998,1.0411299525006288,8.080185784759223,0.7589909126288045,0.027092451788872134,0.17428676205889987,0.036386360083661445,92.93430548396464,577.2863900733466,-30513.83035860464,1,24
1.0518247436698198,1.0629231129365224,7.880824588050675,0.8273465143415455,0.039191088172379665,0.09926589996159912,0.09254394179158644,92.97148245633134,519.2599829752186,-30526.396519059203,1,25
1.0564612942164822,1.1104699716014863,8.479478897850406,0.7438531221737371,0.06116749251229968,0.08265580907380436,0.10070660488114785,92.78175299749994,575.7216825257113,-30357.10788481996,1,26
1.048947100604845,1.1533383617964452,8.381944477273533,0.7159168289453751,0.06205127594409629,0.10963795205204728,0.07058599288212182,93.1222029801852,529.0982681193373,-30383.528003590727,1,27
1.0760962050212175,1.1529164099570417,9.060397672571549,0.8548496025716964,0.0418172143247796,0.0986053011944423,0.10495925092986905,93.38301927565567,539.5812537585414,-30468.49108356685,1,28
1.079743731505698,1.0836938040671298,8.933239057508231,0.7812434933191574,0.03833948316303233,0.22645692576921583,0.10841678810613056,93.53888361232369,559.2668434558092,-30396.356708545787,1,29
1.0405548613726583,1.1186003379543208,7.772222815176817,0.7495247708802225,0.04480095274781786,0.12844750250007486,0.07475773072392795,92.71840438235321,546.1280460124675,-30468.56349775621,1,30
1.0802171068980524,1.1174045296772215,9.030578594349052,0.6482844035953916,0.028061152327025333,0.14997963706839829,0.04086401667794456,92.1033987279683,594.8164258967503,-30376.326905289134,1,31
1.0378706048909974,1.0988054777068046,6.878265837157022,0.8310763514536962,0.039907719954174956,0.14053045312718868,0.06550760234544657,93.36549501584282,490.23876825584443,-30399.713220976355,1,32
1.050863331609867,1.058604413844645,10.0241988215556,0.6932080075156025,0.04256056863276605,0.13725105685972347,0.07462661106991608,93.21628417608393,591.9041876379548,-30412.660328321166,1,33
1.0672693860524909,1.152416394115042,8.42963210946075,0.7313140562387369,0.05223836024295526,0.14240532365846903,0.1092355720698403,93.12792357452183,569.8206170914146,-30445.620681218126,1,34
1.1020797743366293,1.1737168179660464,6.252280162018748,0.7204393970342845,0.03712065436601153,0.10946687650414128,0.0724496332647614,93.881942182338,591.7178298460213,-30392.399850525184,1,35
1.0792947746027302,1.059671333204142,8.297555724563678,0.8181685552885938,0.03943184205346676,0.11789177450976192,0.03949882451349637,90.46163221567106,543.4094354822982,-30409.68766041237,1,36
1.0847514449187456,1.1451413400392767,9.400348659225067,0.8413956992692334,0.04089158872986936,0.21467436927287842,0.08563227549574805,92.8395810804023,559.3172032103042,-30539.505891640263,1,37
1.051042438373876,1.0622724426574093,7.700459948891666,0.7086881965019843,0.031214566981804002,0.15718938408772606,0.05201209974619241,93.44223596525244,591.4668053336395,-30313.49113150593,1,38
1.0777652746556343,1.1709739302060216,7.555900012974395,0.6375677612287332,0.052669185321256695,0.12614275023735214,0.08449013159412284,92.4592823318144,550.2779386606769,-30434.00327325968,1,39
1.0696210237141404,1.1095232408487283,7.893954311319542,0.9017608545100668,0.05808800135423291,0.0941578863431223,0.07778783985171135,94.06281911746692,534.9851040061222,-30393.875052344378,1,40
1.0644966548658552,1.170071450725712,8.554118408331147,0.6911762045441134,0.038303530242860734,0.1484066748460513,0.09603794254351547,94.89059219085348,565.6271688999228,-30387.597696785917,1,41
1.0634552299026085,1.0465918072427838,9.367131131821171,0.6363750581616201,0.037151176645813015,0.10423469541814682,0.07094001995972327,93.04811034374937,558.7936051838037,-30332.71181186997,1,42
1.0265897456036466,1.095990967819621,8.666282006047659,0.7763869664130405,0.03394642394447357,0.10243011877595413,0.0886577686057208,92.1322400136585,533.6534815928077,-30403.32246158875,1,43
1.0927942971257165,1.1134048826895901,6.986128377888024,0.806848982410046,0.03851755320002296,0.10927826557065698,0.048820710651339284,92.30358995383905,560.7707766673109,-30447.672006750665,1,44
1.0924259197835438,1.1220004305825542,5.704852361812686,0.8541855032996974,0.031182450818654228,0.18662868910044794,0.06867165875904613,91.78860310013897,563.6454683756804,-30403.3723585996,1,45
1.0962515639728518,1.1670665793357387,8.409446044698132,0.7105583580495602,0.05401946023717596,0.16526080220674866,0.08016800534077337,90.37084131256461,578.4394115429586,-30366.678888069622,1,46
1.0897388122757645,1.1425103388836912,9.447876680974666,0.682721934203274,0.04688212786868699,0.26539410491367754,0.08531941099269835,93.0925477934182,574.6380221846255,-30420.433498694652,1,47
1.0818413788940646,1.153672108885556,7.078057208054642,0.6928034488147129,0.03858120427847046,0.11304306541934737,0.049456275693303305,93.48946499948993,575.8032354776916,-30435.731707910298,1,48
1.074721752463498,1.0600166617737066,7.907003779432569,0.7816248420592687,0.02552149626886524,0.1442568203977425,0.060343277898852694,91.24596266799446,567.3673388784788,-30512.5772803806,1,49
1.0561786588509832,1.1142356432508422,4.8483481121907905,0.7992640401747624,0.033906716401998105,0.11897739332427446,0.06757146557395918,93.74153589094182,547.0615762084809,-30384.482591427575,1,50
1.0748536587522775,1.1546547775145284,7.4415787986030155,0.7781362086289489,0.03219031684913194,0.09407865661785741,0.05563959754160101,94.0130847778434,592.2875909879865,-30409.57190644278,1,51
1.0848547565959072,1.0885824743822563,7.909371518727891,0.676935953868359,0.04102982645832012,0.18567695561752304,0.09005378308503428,92.2225972989573,553.9224180333583,-30408.082273416218,1,52
1.0728991237403007,1.1619255913804887,6.198218553861932,0.7301906672645608,0.04833862116601364,0.0769896987814932,0.08545795718797593,94.80870244938676,555.2940753833814,-30448.931786297886,1,53
1.1068740604117422,1.136269184152978,6.968226686329072,0.7723301418897933,0.03939356294472741,0.11225726750877782,0.07494393805150701,93.27627089080697,570.4655148750603,-30434.954299749785,1,54
1.072063359939201,1.0886884953604667,9.608851225022205,0.8146326714061556,0.04484476105199381,0.08801792545277431,0.11215982947755543,92.26959708760876,580.5785859926625,-30363.960690158314,1,55
1.082555211834603,1.1413749110601883,12.085209852859116,0.739849392598818,0.038507778746337575,0.09276573545835358,0.11868527461197198,92.77455554232434,557.3975861874274,-30397.640885240584,1,56
1.0834157074500665,1.119825168042582,7.5851213335836905,0.7818485541569259,0.04955559041342589,0.10620396254645831,0.09950640891699747,92.92390509240641,566.207068850983,-30438.04464252546,1,57
1.069849884666988,1.0988141571870054,9.280419007355247,0.5667540349999975,0.05205212504290823,0.12342886946754554,0.06976318392380447,92.89265292906829,548.5598194878689,-30381.028512306566,1,58
1.068398318832902,1.1068719408274825,6.945480935411001,0.7975187403156652,0.026117313796911786,0.09740222904873477,0.061256036454314766,94.26907367779175,579.2854940227511,-30385.941529735097,1,59
1.074422807857334,1.0493644636859814,6.856353009775135,0.7563330481894439,0.04249216481673334,0.09972371197016809,0.06731901846071947,93.82198889618341,549.2126777492078,-30431.41628829609,1,60
1.0465460514933627,1.111848950928043,8.278438542375639,0.7279619986153341,0.035962087357138905,0.15155498938890663,0.07443144617031269,94.76288534560584,497.25325340257365,-30545.304095338495,1,61
1.0995088597772842,1.121058443689982,8.505180974377375,0.7851618916268404,0.026506279508702605,0.1466729937655802,0.05687546014055904,92.84972915097839,574.0296735030012,-30415.91285438189,1,62
1.0719402971741885,1.110890378731844,9.140454447044835,0.7210368527992234,0.02883289963841394,0.12375176540664211,0.05832071668800661,92.75486551933619,524.5514344887362,-30453.562306202777,1,63
1.0648478490812545,1.0933922991364895,5.850289110003497,0.7426026480789455,0.04807310004786549,0.08735181996363431,0.011428005912889094,92.65057530358133,547.7375293202896,-30378.44387255436,1,64
1.0477882035011912,1.0734825796015062,7.737721770684407,0.8388175000244228,0.01718004743721563,0.1550388944946423,0.05924644176274404,92.60630777428713,595.6407467564813,-30388.20344203611,1,65
1.0785584720408423,1.1165236440442443,7.45149436524548,0.8250135947076024,0.046993211533889405,0.11359434820164098,0.1037476652261532,93.57035990071586,596.3539535694161,-30399.652143132622,1,66
1.077440761043065,1.1367062943554083,6.466805294612123,0.8191853813258984,0.02519833330085777,0.14510259652565102,0.07645712835465195,93.07236192591913,551.6981194761139,-30419.597098647922,1,67
1.0668151140271556,1.118761096687232,4.388662563948603,0.8623848172363501,0.0433978952796562,0.14856473113756538,0.023725304225261295,94.40047185105902,563.8313593033076,-30372.362962650284,1,68
1.068359193833504,1.1280729705379264,7.649924871443592,0.6941784596346561,0.05460092991849307,0.16704104226202707,0.09016330102147657,91.58605597287598,584.8663955977835,-30484.98159920072,1,69
1.0872704830053417,1.0997687892068706,7.172311020302067,0.7029852926859147,0.03052055701006114,0.12245752291674634,0.05979453194448732,93.17562461405439,624.2118853795736,-30392.16901477916,1,70
1.0689040897709674,1.1288546013845449,8.615378082140651,0.7493844036474662,0.028651219178554375,0.14831981010576006,0.07476596201488836,94.68152098237636,551.7370490293297,-30368.562914103113,1,71
1.0853674120661594,1.1264914644728192,8.120092901967771,0.7648676822283005,0.050561037271547676,0.21815199260087362,0.07062721233126508,93.39881559871333,608.2229146635901,-30396.65939961835,1,72
1.0506597792462806,1.1025892936885446,5.273772499192643,0.8105430507589432,0.03555555737399196,0.09335903906788813,0.07662667302955617,92.59380640943262,566.3745925566452,-30445.735606470324,1,73
1.0957928624286937,1.1143283198119311,10.066075781959686,0.7356395089511555,0.028747504146957616,0.21135806087802325,0.04508662906993038,94.34606732398296,591.0685681674864,-30417.436858670986,1,74
1.0858111989381007,1.1184338707868005,7.631493135668464,0.7850226418787686,0.03974874346896784,0.09311107358846774,0.09550748788650494,92.06612851430508,567.4700773519277,-30326.000842064135,1,75
1.0619348169969507,1.182360308644158,8.539798476229148,0.7030160015763748,0.05401011145945609,0.16950362459451565,0.11984351966697476,94.28296660744965,619.3901814504534,-30394.172685448775,1,76
1.055843491500231,1.1042306195696745,7.321333584516115,0.7496305675104599,0.03530007257045348,0.15802692872567542,0.070426317604329,91.47058583821004,650.0616238296861,-30477.60695476953,1,77
1.061013888409513,1.157177725947304,7.267990903999454,0.8054468937508942,0.0431588746545507,0.12847250325344428,0.08521070632478997,93.56965918349879,549.0070742517265,-30361.88127701536,1,78
1.071974515091939,1.078386381179998,9.418372125414653,0.7415829847138752,0.05270368740718184,0.11242297764258069,0.08941281557752911,92.4898180018995,634.403103487101,-30461.19695982243,1,79
1.0827412868554989,1.1410684581737154,11.12015074440136,0.5452665043145275,0.04107319268685689,0.09767917890145743,0.07666954461433279,93.6080164296197,549.2765401118587,-30452.22110009191,1,80
1.0701546343798674,1.1022918890431237,7.936426418241607,0.8179811352338545,0.047516929224608054,0.11060389523002125,0.060938637423551115,91.99650812400527,585.2780084271833,-30419.696639527498,1,81
1.0851660847933127,1.1110462254825249,7.096200818831396,0.8083150840615102,0.05009645622019689,0.12221320816269929,0.09973796881708681,93.42971476418441,578.2823334454748,-30415.71890768224,1,82
1.0301740844745186,1.0861712535531183,6.226566870319712,0.7006541638238799,0.053573193998695014,0.08641866987661541,0.09443757738914717,93.34964943348552,548.7038040229883,-30507.602975472826,1,83
1.0681247966850018,1.1137060069982552,10.540157111197912,0.5775852861519529,0.0333975398018173,0.11958607032580398,0.09747357669679779,92.72579133784812,527.6281285677603,-30416.981257725256,1,84
1.1051729541643656,1.1341539983895301,6.344985179901714,0.7140583341828983,0.029006382753298515,0.1126694675930788,0.057163188156094114,94.32783027199501,626.2256457298128,-30333.882271317925,1,85
1.072518400175358,1.1262954565304517,8.54896454609679,0.8215686680246486,0.04955542300413242,0.133532412701068,0.0966821518571837,92.99573810430647,549.4222227762867,-30429.286204316886,1,86
1.0830532966435231,1.1160843505598719,7.365643678473802,0.7600632686410288,0.038576773544154744,0.2010839100466122,0.06654422186513632,91.90905242703705,570.1358208552756,-30472.840789822014,1,87
1.0724145273692582,1.1801740360245847,8.185097288899144,0.816994033937277,0.04061220297940419,0.1459236681348958,0.054346085931976575,93.75654574918974,585.9188399239997,-30360.941873892327,1,88
1.1003338156493583,1.152552604867245,6.626296726792084,0.7434107099148786,0.03253845038876709,0.09651173609488098,0.06896046631748216,93.04625315265231,568.342268168523,-30471.37334552765,1,89
1.053830729425935,1.1159770782226588,6.738187311402882,0.7620919996661123,0.03796615301457801,0.13331435762449775,0.09966691312176194,92.86782375398109,632.9172923936526,-30472.508602648788,1,90
1.0776663526687218,1.1310561813677658,7.4532910644245085,0.7652983072568922,0.034170047658522204,0.09651501319054683,0.06817991802753427,92.77161693505977,576.776173936277,-30455.929109746798,1,91
1.0996128688486664,1.1544137143182458,6.811954562311335,0.6774155271650101,0.04475227872502528,0.14973025056447808,0.05248262029939316,94.10131326969231,588.0184793845914,-30453.372145039317,1,92
1.0680991539135534,1.137573070795915,6.582115800876399,0.6469723217822022,0.06116214823815086,0.1644195542240239,0.06461390822789777,94.5010716855546,542.9044897834236,-30428.495853633576,1,93
1.1030987249627242,1.195984528992138,10.072291004587047,0.5852463633327136,0.059350893102367554,0.105826974626594,0.08729783309411455,92.0030513927702,520.6006071635754,-30542.681255132535,1,94
1.0660829783432997,1.102772879592887,8.884474467279674,0.7656515256477934,0.03637138129376596,0.06788319637666233,0.10291492583161023,92.5280586270936,523.3946842516491,-30291.316440704122,1,95
1.0781964791619032,1.1207942426973754,6.815835385401524,0.7332064822596377,0.03988261985346432,0.1336175804823771,0.08075171423473487,93.35100200559086,579.1300600967927,-30371.88278496089,1,96
1.0705563060505243,1.1180656921769327,6.978982258105601,0.7478552963158275,0.0484725384398658,0.1150637142221131,0.06578940492465128,92.45949740911526,652.1145283346573,-30295.739055969378,1,97
1.0748695825344257,1.1309097199004519,7.758056772151592,0.7846494695480309,0.024822664567588602,0.1107227357495651,0.0695930360687183,94.20523399076416,594.94956557011335,-30425.40862989951,1,98
1.0809956035269315,1.1005745243225116,8.566638937221347,0.754951745971375,0.04311826056918002,0.07898609176783337,0.10517497747575286,94.77479613159976,576.2400602675765,-30452.79059686481,1,99
1.0736855751290078,1.1306008265030902,4.382783983910007,0.7612792018313915,0.027848874090227422,0.2033862400071383,0.021783050415988908,91.672089452478275,599.690646663877,-30417.69486801154,1,100
1.0523228642447449,1.0662467375420117,10.296595253483217,0.8461431684493402,0.042383266307470656,0.06605750750387802,0.12481628141671958,91.58858992946173,522.5120741282826,-30474.37055763926,1,101
1.0980063428392055,1.1734742832606593,6.211133341545833,0.7004561715063855,0.054645483852248475,0.1651283417746961,0.062130623424204015,93.59633017475251,564.4051706635158,-30368.632608974192,1,102
1.0631206233998636,1.1010712444143176,6.209137586338707,0.9339590016138558,0.047411738682381126,0.1455636065552808,0.06395663693418766,92.78411212698256,598.6154258125246,-30466.226905772757,1,103
1.0992108851703157,1.155622393186719,6.1262573395531215,0.824811575853312,0.04048547130499762,0.15881862579652367,0.08330184538816372,92.61056588019964,587.2383547519638,-30342.926451750067,1,104
1.0440333924928062,1.0780681352353778,6.616211673403178,0.7869323211785307,0.022355383424644812,0.13802111384935262,0.033823771156880206,93.04492300474969,624.2082171576934,-30510.05386845388,1,105
1.0399785737520812,1.0841712595271005,6.485065446577516,0.7148364076665161,0.047346614788437505,0.07016475741074571,0.03382117373649364,92.80123509079701,593.2364674286199,-30449.055364698736,1,106
1.1088134635861064,1.1801638774859735,9.226981385648925,0.7334404302928806,0.04895799138996336,0.07845937781732129,0.07742274683448562,93.01175454115639,518.6818604698154,-30351.972253673575,1,107
1.0679390072727581,1.1023246574274412,7.152512853932774,0.8079974712645517,0.046332200895045354,0.1911161435761233,0.08429596367971948,93.80830466407964,552.1015305001655,-30330.809218078466,1,108
1.086121967908096,1.1209166830774973,7.992348343122311,0.7795247548685729,0.03940498596489251,0.1371731673370701,0.05714849248192861,92.48737770669514,547.5565947584805,-30367.499031105828,1,109
1.0581480622229915,1.1173872361513169,5.639760466362847,0.7949770107201263,0.04941765675133144,0.09042287530618473,0.08178538324846654,94.06387024392477,648.0321002745344,-30432.86059813831,1,110
1.0898674639385342,1.156487419690679,6.873139154699441,0.8718036290874203,0.04126705418921269,0.15553470836218444,0.05098022234627865,91.3732758557686,621.533463934008,-30407.699663385072,1,111
1.0743006697330986,1.1018115359128977,7.870770373825883,0.7578733297525615,0.026848939336079812,0.07314593420424326,0.07407210221163965,94.81135574137295,516.2479628447976,-30353.993350318284,1,112
1.0806262401177054,1.1207207875508614,6.816411592717063,0.7330511265689391,0.017037496331809517,0.16258423005716965,0.027711240228780184,92.50078106869968,550.6938348266633,-30410.77166540934,1,113
1.0860393484220368,1.157631890761396,8.52391451064742,0.6746923233722748,0.039384086885630075,0.12805345260236606,0.11126073550108342,93.25387026836206,503.708376196975,-30398.852039855068,1,114
1.0931921108521887,1.158378247224332,6.9586428541522,0.6888678021416467,0.046128566651833125,0.1417756652269078,0.1000937939015918,93.15209075218796,551.0430122908784,-30388.753663345968,1,115
1.047066603456425,1.0587400278697876,6.554911532034695,0.7706534103814324,0.04410192063537374,0.1833191617468911,0.0764800110696466,91.71588957295297,604.4974992867054,-30444.000431276865,1,116
1.1019322911838028,1.1410391346336457,9.33390804995252,0.7240263379414542,0.028709534761412643,0.1351888593642826,0.0647933333879733,92.60939122101891,608.7590831576241,-30333.73368705528,1,117
1.0544517430733393,1.0868131971777593,4.528675942941744,0.8170789637054832,0.04562678682509509,0.11102722831583066,0.0935312535244237,92.69955958490586,530.3092361422666,-30394.211012539967,1,118
1.052177390049119,1.1163585955474076,8.27297952612814,0.7203357380292713,0.02043278419929779,0.18595250327536475,0.06897896160473517,93.4460144092739,556.5750048164367,-30455.845587401553,1,119
1.0989842837422106,1.1231855560150943,5.576323826024127,0.6579043478488842,0.052645168935067994,0.15604982985175034,0.06689829205251537,92.69629199588562,583.4829978225655,-30399.21328910266,1,120
1.0817269290663587,1.1145910134607107,9.48939708376527,0.7179890817361787,0.04088779643837514,0.1257064615326595,0.089154557172572,92.96883732810029,576.5751315480469,-30423.058689922338,1,121
1.0786178483660351,1.1498886645157507,7.7193651757794814,0.689501667024209,0.015563140371931548,0.14512647676840304,0.018484446869889922,93.06763673453294,521.4754182436999,-30396.54907346689,1,122
1.0448410573346105,1.0667535387951306,8.590364175664366,0.7011272901538901,0.023080297868307387,0.19452511256165508,0.051622678369063243,93.09531081993961,525.1665437369303,-30287.388115715163,1,123
1.0727051012451487,1.1215531872867097,9.849143314964724,0.6732442635415102,0.03732803577211269,0.18126233887143578,0.07695505609760755,93.0245580205829,517.366532897965,-30424.797411982123,1,124
1.0555282736548608,1.0822410680398382,9.36873634319475,0.767920250167464,0.03239022290961661,0.1427077486952291,0.05450643980226616,92.50656908983088,576.2624811823938,-30378.35420146983,1,125
1.0477127258436636,1.0881947162797723,7.1748962349001655,0.6810676900186284,0.026691302724388997,0.117147725140251,0.07662285172561017,92.99509699434265,560.6991466745128,-30321.123354311236,1,126
1.0813265652042194,1.1203172097105307,8.541001417848756,0.7169142565488474,0.045410914754005244,0.19033912653062976,0.07094523407173361,91.94729326619165,569.3580178279387,-30433.322011818153,1,127
1.0780359540572595,1.1219971912600446,7.280584119791144,0.883633545589104,0.04730621431488185,0.07313460666746062,0.06556702781672324,93.607193516327,579.9132285806066,-30385.059054567704,1,128
1.0631679010499377,1.135214115387933,6.486564885016914,0.8338711623352913,0.06519341858983717,0.12682020043836778,0.06422006535974854,92.09804274459482,618.2491312259463,-30459.47681385712,1,129
1.0850414009730995,1.0792022799605672,7.290055147298602,0.7779085876760381,0.04348815608176533,0.06786146292773902,0.07005361450079918,93.17035604714523,541.8059686641014,-30501.95909000895,1,130
1.052651281868834,1.0954483912430375,8.4301587098215,0.6952171054874879,0.03430754738420791,0.11108422034290226,0.07533614220065354,93.48621551104148,571.3431339934347,-30440.210622992072,1,131
1.0812200151322724,1.097895463648106,7.687836496155429,0.7345930299179924,0.04624588803460104,0.07189561402940664,0.09338087626911601,91.77565154994177,571.044649990409,-30387.781591881805,1,132
1.067158165880809,1.1313023238795743,7.095823578891953,0.9076734930299415,0.03452974784433758,0.1313175258551731,0.10578643864923364,93.33519301536451,594.7874566358904,-30387.24439444828,1,133
1.1198211039382535,1.1697679413373558,6.245270703164703,0.6727210494011604,0.04617139810112361,0.08943145947816568,0.05967332000394479,94.06543537554543,555.8489888730584,-30422.380306754643,1,134
1.0757127476698338,1.134575604296224,6.840035668518584,0.7631218877173884,0.04143129931925827,0.1743344436629644,0.04896343918581328,92.57451686094272,562.4434084699753,-30386.109226835117,1,135
1.082146098827082,1.127227059403519,9.485958795437787,0.9113071273886857,0.04278437711876546,0.156672086435734,0.070487910809912,93.7394368405195,583.7502076210505,-30563.10115433647,1,136
1.0811719369053006,1.081845977508873,6.901821011586478,0.8674737050227442,0.05822267055414665,0.14241142345966004,0.08423596722296026,92.04797855173422,512.6757213592846,-30390.70554273906,1,137
1.07253762890898,1.1439280502358482,7.773071374987847,0.7681430330671649,0.03941664701106543,0.21315190361621306,0.039767792376062705,94.17981856448664,575.4162757032084,-30405.600430781877,1,138
1.0910225451675495,1.1236590403065465,8.622909749383133,0.7146537867534355,0.025420490951506235,0.10784082290608964,0.09197891542100518,93.30534475923082,570.2457393730008,-30379.034830750163,1,139
1.0729438779661504,1.1599956030737473,8.140665462316672,0.7764816545071233,0.02882401061817014,0.11219120620021295,0.0859581923729431,92.99035165817746,561.6691460779683,-30457.35343738591,1,140
1.0332353833274226,1.0911277114311508,6.751135061713296,0.8461715869578935,0.03771386595365375,0.18389427390470556,0.06216048662387878,93.57396132423716,561.1316427880703,-30550.286473975768,1,141
1.0570081914917844,1.079996301042933,7.2465787868215585,0.7998073815161818,0.038825669721769124,0.09843568808021727,0.08220603444377629,92.35261137979448,568.6227100145898,-30310.745162402036,1,142
1.0698134459262272,1.1589964587903567,8.806615036601755,0.8251048573360663,0.0499219216971207,0.12149293033778728,0.0794142339030115,94.70109417973411,659.9368381000369,-30485.337164186934,1,143
1.0689267125617508,1.0983336593892792,6.1647261221778615,0.7637981505391218,0.027976323580927255,0.11675669584627915,0.03335379453971871,92.01918560024146,564.8434165480367,-30449.046730478625,1,144
1.0497868221380486,1.0720751006667535,9.315985956958325,0.7997295139526289,0.0699123836977294,0.16175034694379722,0.1093017095792964,93.67590375957668,562.9904982720275,-30298.691760354825,1,145
1.071568111157778,1.0862276726069233,9.052032796619509,0.7819621949253324,0.04353360411490009,0.1431900557072101,0.13449053758905827,92.70938511941037,591.0919708091861,-30371.225803262616,1,146
1.0493550675601375,1.098214430472654,7.77085588811682,0.7684946115127935,0.057335862645250944,0.14014407187748243,0.06391022080365741,92.39969051654914,564.6592996675652,-30373.191810970813,1,147
1.054443583214014,1.081779578196473,7.86015755657977,0.7587437375530274,0.042060336854365964,0.13683168440495233,0.0520606283193117,95.1524525303434,572.3240651168906,-30468.582515770973,1,148
1.087614149068455,1.1298284128974254,9.193110899739004,0.6309702215202521,0.044533295263742396,0.16974107714546544,0.07422259466196535,91.80453242749816,575.1334314601169,-30376.055906636506,1,149
1.0507651229756059,1.091603559123215,9.089723213074423,0.8190472133270053,0.023330406582290745,0.07630517685781861,0.0698133901713191,93.10433045938095,557.436109324036,-30365.761406860816,1,150
1.0690602924427337,1.1140728130658886,8.530764371085052,0.7631110085678157,0.03578779019643975,0.05485886321009155,0.11573560471530106,92.97818321967534,511.82099931519883,-30309.703807217822,1,151
1.0741653533387672,1.1050541305980668,9.215332947795433,0.7651707662431582,0.048474032809612995,0.1419434605287939,0.07259594488453613,92.20783899797132,581.2608568679823,-30303.201128815203,1,152
1.0908954249584273,1.1359431249698981,5.943932029350355,0.8659141561675564,0.04336152672618553,0.11611854766557353,0.07026564730598213,93.2763716923235,550.6942161014226,-30404.613276578355,1,153
1.0760293819314566,1.1378266644572872,6.506834049310667,0.8166625695173182,0.043080075539011775,0.13000666003145048,0.07261891239398624,92.30398517816528,561.4854469834968,-30439.876981501187,1,154
1.0772555679593752,1.1314001090601467,9.159934670756858,0.7997349341453651,0.03066889862917928,0.11963761661106379,0.09084748732284406,93.37167967726273,581.8630285567639,-30413.564634939696,1,155
1.083312645727101,1.1545081655615108,6.863018213481499,0.8242241237973326,0.04541875287152496,0.15296871977822646,0.05701508681073214,93.38247866799877,586.284702817715,-30400.540076762172,1,156
1.053351458869867,1.0980079814672281,9.59489157207645,0.7108123722598395,0.037026655209404326,0.13285920025448594,0.06894655045969367,92.3151024096856,557.4595153949591,-30318.936010517962,1,157
1.0765286834399757,1.100898771442586,5.2792221634019345,0.7499248079387277,0.042783395467318325,0.16814768404684502,0.0385359402039608,94.66097815820294,638.445495424094,-30365.559481773424,1,158
1.0857687566952616,1.1092087812484448,10.683659624712961,0.7961032335345353,0.06348775795072743,0.09749594895466505,0.053470481492338545,94.64917040221913,566.0660162318459,-30432.687449064924,1,159
1.091529079854206,1.1426943470473785,7.675945946363836,0.7460063526498185,0.031491788146339086,0.12837326336914906,0.05145720170767018,94.05573475405431,520.6377347185082,-30338.850778737586,1,160
1.0685516738047298,1.1177394737292035,6.940257035089836,0.7585526040221201,0.0567462699753688,0.13523682756071928,0.06563298056685192,93.89552579020771,553.4195590897884,-30467.718546844735,1,161
1.0598147531078068,1.1200659132912936,8.075560743233677,0.8395173682955097,0.031646915211957054,0.1788906177975607,0.07783703112014982,93.04896994019218,533.8636243135333,-30387.469224586708,1,162
1.055936666523382,1.0583303944300626,9.640549484719399,0.7888495486690464,0.03105994262030834,0.10342064026694922,0.08288862726156312,91.36086384384785,536.6711878279591,-30363.428831010977,1,163
1.0738916274060804,1.1068192132423342,6.801577951899376,0.8423724330939809,0.052852972673169324,0.13247941768626256,0.05001771685903178,92.8512476648274,549.8815002292389,-30427.463880283027,1,164
1.0510239207931111,1.1013764324416306,8.642588847158313,0.7976991238118109,0.03548412539774771,0.21013494015987058,0.1196379258812526,92.69766347473274,598.6744019186615,-30349.57983929814,1,165
1.0521481501995826,1.1411126427372018,7.45119646397795,0.7541572933666151,0.045165709297145445,0.11153160793316032,0.0732382863723673,94.07331943365125,601.7815759479146,-30473.685874777504,1,166
1.0445232477892499,1.0943009672850024,7.450048105725722,0.7129002924499305,0.02451260178888755,0.09469732284379717,0.019586966433648653,95.02037161119277,587.8069751976319,-30482.113369539944,1,167
1.064967441655757,1.1429517503200943,8.442089297238484,0.801435917813463,0.04653891848638354,0.062195620857491654,0.11145417930861114,94.01707222350153,535.86265893289,-30400.301113583402,1,168
1.081520621012163,1.1573075552449026,10.361386348405844,0.734630427704075,0.05195538241549517,0.17823316669577338,0.1015921763037079,92.60456308616348,556.609956424161,-30437.226633169645,1,169
1.0665587677173922,1.1150049452341892,8.24179396642792,0.7099468041726716,0.036376863272750075,0.09383911105667726,0.07027218491653403,92.30481970690768,543.6874177227861,-30426.35265796086,1,170
1.0636228559870466,1.1689052203441226,8.217494586154015,0.754011424748575,0.0612084501626609,0.08939303907589603,0.13224103354872885,92.99647849778263,620.1421813237341,-30377.893864378737,1,171
1.0418204858851727,1.0999584276342433,7.397984111409626,0.738283685504714,0.046934254383898734,0.18377333460836037,0.09078319562850336,92.46326569376488,618.2626609180608,-30353.628824701285,1,172
1.1092468184725242,1.1854237044594984,6.42944008305747,0.7531786688368223,0.0315095350977237,0.1526743001506515,0.04678706696320271,93.10081801155158,550.225333497588,-30436.910881156477,1,173
1.0665490505951316,1.084278771985529,7.179840769736137,0.8053593283362497,0.043825320117571,0.068724921798615,0.07081817441250654,91.1681087715032,537.0601538514517,-30342.48853511565,1,174
1.0683971736425706,1.1589230065799412,8.220122611640148,0.7638769948615587,0.04878035939892045,0.11087598252644129,0.11059296275542127,91.82786244141475,571.9338384727581,-30371.110045548696,1,175
1.0902179613019154,1.1628358456330334,6.0306802494139715,0.7101353388445906,0.033048190154963,0.11152062111738403,0.0388689006576379,91.26586321911246,602.3726228561883,-30431.856190547234,1,176
1.0793366791095775,1.1008960440875433,6.0732858861673735,0.7678671253255595,0.029796167635525533,0.10171753462681886,0.0629471247773775,92.95300489260707,529.2185312968819,-30374.546955096666,1,177
1.0599630987855082,1.0914199784283045,7.417869628477673,0.841987844446873,0.027543114078380053,0.12312671538614975,0.07535475058719499,94.23023268716989,624.8573823761457,-30471.291406865555,1,178
1.1103990822659902,1.1530953089536788,8.82925400664153,0.649246120977728,0.040231083719991435,0.13812091530164203,0.05676615482451901,92.60872508890964,535.8582909011644,-30489.429770222832,1,179
1.1072388869100758,1.1570116729448803,8.572608330894054,0.7660778785884869,0.03563140682485894,0.0804502262992526,0.04241091825116074,92.18402184084988,546.6778935262989,-30374.798833927183,1,180
1.1043665031252443,1.184585172466833,9.97882208887905,0.7391947445786519,0.025225733490364534,0.1501695342001645,0.08896072602149939,93.30558361543687,603.2613681961418,-30457.312984316606,1,181
1.0841327578338273,1.1372012606136837,7.168246280767432,0.8370616141615798,0.04168701578767841,0.1042073426659996,0.09867825696890116,93.92137668954497,560.8838809109626,-30358.174570337804,1,182
1.050099459631319,1.073536676994352,7.432156070416542,0.810526312239055,0.03699236058098746,0.21096748128377185,0.05091992057289814,93.37151126050726,571.3076521070365,-30559.03583035133,1,183
1.1092610409547472,1.13244371811237,7.88897622298508,0.7044811884791501,0.02768605972254126,0.14826965850642104,0.077433871717947,94.74175937343378,577.1595628560267,-30432.90592257434,1,184
1.0742126075931258,1.0882426732777457,6.89037467433474,0.800792873871676,0.04232771760318257,0.08286536036387886,0.07484419685363038,92.91390613824463,594.9370444712166,-30415.28405860449,1,185
1.100602442451123,1.1638877424312866,7.678543849206165,0.7879761242026859,0.039909081697289586,0.14158967582291654,0.0776542003699203,94.11955342476634,588.8153319185891,-30408.39345881164,1,186
1.063777463585262,1.111799443257306,7.567226576116639,0.7654252765633753,0.047831353389398756,0.11655556511308782,0.08202544086978353,93.48406257644368,597.8875201564059,-30334.906284954865,1,187
1.084041301612363,1.1227838281270115,7.44501813708602,0.8325361900275159,0.06640413070640631,0.10731005162351942,0.06641961195448357,92.18245372198706,586.9238840210892,-30350.438520863438,1,188
1.0302725169945373,1.0486131562628196,5.826314755622596,0.7761681273886983,0.021972637955833662,0.16033065715472355,0.05211922451513174,92.46037008267432,567.5475003421762,-30432.954539677023,1,189
1.0533226705420191,1.0823174044711668,6.539299855938758,0.7365569378954463,0.02420166064814036,0.09523452829983664,0.0710360939012098,93.4223933802467,475.55460680212764,-30369.973277112367,1,190
1.0582113773323063,1.107009896710307,8.952384397293777,0.7415848487940653,0.059150017542153994,0.08095160759961717,0.10024933371834559,92.77132020372977,579.437702914621,-30373.932229618462,1,191
1.055402957736536,1.0506720315386155,8.574049554844725,0.6458124450223628,0.043704486126988094,0.09968978088268547,0.0724934535858699,93.49202517555226,547.7209632065097,-30385.52243678368,1,192
1.0795398399480733,1.1269945054402335,9.656754303241943,0.6247049315543004,0.061277561220863135,0.12486814166623818,0.06409551548823696,93.0840137795872,556.3720288017873,-30386.598918090942,1,193
1.0558273077602185,1.1775702987657406,6.68477852690442,0.744361565064558,0.03305614900374862,0.17353686772967508,0.1020347887853698,93.34092112851685,569.4149980735291,-30358.96501989606,1,194
1.055973070112195,1.14702949334646,10.535719643946383,0.6881524083360954,0.026551051368346984,0.09732144215208806,0.06629790464119022,93.34439701064217,544.4197159391093,-30390.350598021054,1,195
1.0767717783789421,1.0727416067262556,6.884538394517671,0.65736230553116,0.03162985275565451,0.08713408459850816,0.06785570848550879,94.34490459156959,533.6670975371511,-30341.12707894613,1,196
1.059326800809396,1.0907819704856505,5.735253506811848,0.7382302061246145,0.05136664456969829,0.10480681350586041,0.010950477676807131,92.45185346762139,541.7747472742759,-30351.241530977284,1,197
1.0670331953331043,1.1173884564974585,7.6852739109665915,0.7479869103868247,0.02562420855286804,0.1714258640219163,0.08151437862675924,92.95636367779242,561.3445783914044,-30375.356712788584,1,198
1.0506259752161355,1.0813657308303763,6.954590119307633,0.7666771256055106,0.042297929353022005,0.22584376024043895,0.05860595989523755,92.59599982162332,584.3503921505467,-30398.2017087265,1,199
1.1001195613047647,1.1620392648531337,8.435371888235476,0.8236640623402972,0.03824004675318693,0.1304742531559567,0.08675191911035018,92.96944226321997,557.3225699811085,-30444.457646911906,1,200
1.0838810514097175,1.1100401874744978,10.961253566150228,0.6956830516771572,0.05784128966211116,0.12819097394582996,0.0616959164909501,93.7780957319058,564.0247543657897,-30419.091612120345,1,201
1.0909630751079942,1.1605111514841604,9.669211170160484,0.7276656302172277,0.03102405242474112,0.15796364551624453,0.05500560292020292,93.42920895057392,626.222164145799,-30442.6838913709,1,202
1.046324137979745,1.0597030941540364,7.27996755202133,0.7520809808286858,0.027413602626449145,0.13359363773675226,0.04361426833696746,93.05460773897718,572.185701872666,-30429.817365482333,1,203
1.092220969894838,1.1509623166888883,8.468118103019414,0.8541684683327875,0.0552178874601603,0.11649920243585311,0.07345545377582227,93.29031056184034,562.9204965311671,-30380.608074076565,1,204
1.0483889505745687,1.106495218642575,6.808095895424696,0.7073802575827546,0.032431116886636364,0.10354777157982045,0.06287697838211172,94.56765907088669,546.4871944854857,-30358.77991890505,1,205
1.0749540917867584,1.1528883113190522,9.177547825771022,0.7117027684528688,0.048672694865155644,0.16903847148213996,0.07525592841446348,93.9330437383174,565.32597304226,-30349.401413499636,1,206
1.0779231667552283,1.147175472884655,7.326387070005009,0.696407473012021,0.02871731009382314,0.10097114508076571,0.06945611797322057,92.47929615894668,510.61728686852393,-30353.179749103947,1,207
1.0801221919924169,1.1009369811412915,8.577977858062921,0.7793467115768434,0.045584668643171886,0.1401010531677175,0.07122042812503544,92.09141042334362,564.3684836762502,-30388.100218318275,1,208
1.0787900336066296,1.1002584511098645,6.001423653066235,0.7867083514588119,0.03801072565449798,0.1609832554877654,0.05375317338804188,93.58927420551096,552.7341591812193,-30386.46073392814,1,209
1.1001772477017395,1.1651282982064386,9.331953118630771,0.645763235629977,0.043273789823895216,0.1555111463785464,0.08348562267853572,94.55613601412449,546.8774110824698,-30364.227037907815,1,210
1.0641953150629033,1.1915023856596048,7.5454214541958855,0.8737343090537423,0.03878040121976636,0.1228308576048917,0.06380508656781769,93.82947587996331,518.8756890563127,-30427.53566303109,1,211
1.0828814052357834,1.1118256602386227,8.544296612552234,0.7231030746194672,0.031558630117965406,0.18917770610989534,0.08467864017074841,92.43414316185036,565.1322469927532,-30526.227347687982,1,212
1.0713634694142977,1.0739647240182972,8.510000382979793,0.7787979544546866,0.050192962891390684,0.15278575514012777,0.08065926364138253,93.0492801277218,572.7479354799458,-30416.980739412073,1,213
1.061130371987555,1.114380035414234,9.816623994298729,0.7418071245620146,0.03025112692363978,0.2079393842676395,0.0611572669271536,92.64990767128917,599.4495876788366,-30421.498765126977,1,214
1.1389015070337098,1.208557819018875,7.705338850254296,0.7145349114854112,0.04235124320161884,0.1288402308145982,0.0942624970426335,93.46754485817098,579.0325625808514,-30360.597399772927,1,215
1.0772481325801784,1.1057374838734273,8.070857029587364,0.812712227781555,0.027541447041728947,0.10747049959807516,0.06127394189368674,92.57577893067744,540.4961993739964,-30492.140079069904,1,216
1.1053573320103918,1.1398783380078228,10.338668511930235,0.6949880776713754,0.06056897172566808,0.1749027381459131,0.07422180737144315,94.92129989181477,591.8878992636755,-30429.36249406762,1,217
1.093591765345019,1.1324992585925493,8.683682814688112,0.6987551199566464,0.04503452616147635,0.13138014197554415,0.08637774389343153,93.24768636798889,570.2676347961662,-30399.03216821349,1,218
1.0871650388300547,1.1532064885162874,9.163088784471945,0.683198688787771,0.03506535520648438,0.12018832029269795,0.08006615815479817,93.4494548842698,561.1569054594536,-30358.206390479165,1,219
1.0583354840904902,1.0832331880127555,8.621372341419558,0.8169794466424527,0.04824838596692738,0.15465846755014862,0.11113721232290562,93.46307322774607,557.904204604221,-30331.080821102405,1,220
1.016044145465592,1.0630722876240248,5.657581477046509,0.8216014225076229,0.04819451024393763,0.1779397396041219,0.03409622800690123,94.0398491438037,584.5562114973133,-30409.729499517805,1,221
1.057373321583759,1.1149176770907823,7.081402147740612,0.7200117859356298,0.025341792493790035,0.15602199012372372,0.04587453592695637,93.1829211198231,567.7028337357741,-30451.591225355904,1,222
1.0799673910110745,1.0666735327688985,8.132152364670407,0.804303778077087,0.032057565664035614,0.12693222533039242,0.04784453210720521,92.48024979632935,520.3647208675411,-30423.254562759594,1,223
1.0959276024828672,1.1306506249480477,10.832021306884032,0.736287129643246,0.035786982502927,0.13644415398752097,0.1021864418065108,92.25922974809426,584.6302516096298,-30277.856627260033,1,224
1.1091503258405944,1.1897848573331027,7.418787652049862,0.8180315807965408,0.009676975639160448,0.11464328854099147,0.05299673287843937,94.0749906021395,608.791802734188,-30422.0554262126,1,225
1.0853909200954917,1.1560650226285807,8.947283708406536,0.7591347779383034,0.05384576951384727,0.18582410382129713,0.10944213067065847,94.46473448900609,535.8884245567276,-30409.31436908718,1,226
1.0591391021779122,1.0734771379778294,6.7774676354592565,0.7072462333937197,0.04972167524652845,0.1739255110146038,0.05217126202420835,93.28619893358031,560.652411934574,-30422.417404560547,1,227
1.1066065788475727,1.1921062294077507,6.5301849662623015,0.8315534580088914,0.0388341821761869,0.22499145171843132,0.06858124309394192,91.4386657268775,604.9534128134293,-30373.11619804744,1,228
1.069293159087452,1.0851660528558704,10.277827346399517,0.7955564012242613,0.039790431898162684,0.12513164984453318,0.10272372739481926,92.62646525516813,513.2695195683153,-30447.811896038966,1,229
1.067328034161799,1.091574982445186,7.72693553507708,0.6760688391137136,0.050354907919040355,0.16924624654267265,0.06324490256023305,92.1693306090627,606.5343908679915,-30367.744896790315,1,230
1.074640434198702,1.1565110349208512,8.197058634121769,0.7368679310977896,0.042693772275223925,0.1242784668281082,0.04816723289811325,93.68068710373807,548.2687074423545,-30377.234482921678,1,231
1.0865816971800932,1.162321641283578,11.432913217451487,0.6771814240895596,0.0404128666303926,0.14790926934758017,0.07363699083049312,92.79480663143308,572.040959090425,-30424.782988986542,1,232
1.068743302269722,1.0854907752820702,8.253941199342462,0.6799940984163939,0.04299979431380448,0.24632072183273998,0.11029924733674512,93.3794576081533,574.1339752307755,-30436.341814147745,1,233
1.0873925779429798,1.1633198724801959,8.969353754313854,0.7135995893455405,0.025775805769642404,0.1462397867529549,0.06870346570034247,94.3341544024975,560.963388469888,-30479.98950026841,1,234
1.054655276354547,1.1357708548976024,9.39981040662812,0.7543118160592994,0.06355886785638898,0.17683856032004053,0.12856116321803407,94.38650152983475,619.8443005936309,-30394.33939721973,1,235
1.085585913973337,1.1594206284679003,9.244571075125927,0.7059990744757028,0.04150717684951584,0.12985467885096846,0.08698044111139949,92.91830578280437,555.0171413938616,-30392.299998531875,1,236
1.0518035393961216,1.1012330000229393,7.114926113870609,0.8754059155979707,0.03454685299404833,0.09834571432910294,0.06134173517424567,92.03235035797071,571.69106950094,-30388.51182970422,1,237
1.095660209784739,1.0769855993696824,8.44480679930049,0.7045633067354388,0.058586398311008446,0.16429379775090774,0.07472467777714313,94.06238055638244,526.4354187101574,-30408.20856497161,1,238
1.0914533420443078,1.1280945208427107,9.580271591663674,0.7151811284660511,0.04322533219930295,0.15217502590711857,0.04226362352555972,92.34855248035741,588.8157162514016,-30343.148103249343,1,239
1.0924555010728279,1.1773687760975333,8.880937886724238,0.7473276766024023,0.041131491608411966,0.25704552101436673,0.055827048990879174,93.22720900745506,566.1921729603542,-30364.481137927258,1,240
1.0573811663584936,1.0528252649291505,7.871282603699485,0.789931540082173,0.03378085353339206,0.2560523475514692,0.054166015240925396,93.08151954616294,565.0751833865564,-30458.709018277325,1,241
1.055787621355677,1.1273032452116294,7.500429121641248,0.7499475523176189,0.047572368379467954,0.13895171489815802,0.08584518909395618,92.81244169165163,581.6458297934164,-30388.33175825673,1,242
1.0811130703221776,1.1604295716739517,8.628597805421798,0.8580137788134309,0.040568473526676065,0.19311941170181926,0.0964977528216909,92.93658467592024,578.6200734691154,-30556.280598194728,1,243
1.0891005231766748,1.126673479541091,10.53044511192926,0.7440552710853473,0.0398378477370955,0.1378189398565908,0.10684339708180987,92.52723730845078,553.9615465539044,-30403.629132293852,1,244
1.0819274323365844,1.1430082772258932,7.99910270490767,0.7763607769795801,0.019471351951475247,0.16303561346848863,0.0469441482107964,95.08662874363866,598.3653318110939,-30471.654721552928,1,245
1.0777814403074462,1.1368701446455318,5.708734738043919,0.8127697248979195,0.038539348890722705,0.14412500956486163,0.05029819850058601,92.32396774190387,601.9220538490381,-30397.524400826453,1,246
1.0920912070645943,1.12954571319478,8.7438736080821,0.8411590649553722,0.029304271523747847,0.15428776026034283,0.08881801884160782,93.27404808671032,605.7452469371636,-30319.664578424366,1,247
1.0540226596502535,1.1258923679630468,8.657487020554699,0.7604601327933637,0.038228919661096025,0.14300587662796288,0.08506033187075814,93.68205937918702,553.7292208975555,-30426.623233476726,1,248
1.0326175585751887,1.088757079850755,6.833508964934766,0.7198573282652383,0.03934227270950848,0.10019172276761272,0.04720969649131785,93.18825400790068,526.9082108024999,-30413.190899577596,1,249
1.0847360074961785,1.1535603732161732,9.394065610253598,0.7305681753555473,0.050389686776207955,0.10859120654479082,0.060475680987347596,94.48432433048522,574.5894320232234,-30397.02012774677,1,250
1.0462400744797216,1.1024881957852233,7.940684754454418,0.8129113398956974,0.045471628311480404,0.05681284231212262,0.08096305176903032,92.560458528195,542.3111325452189,-30326.64859517006,1,251
1.0738462294401252,1.1500479474965524,7.44989010425135,0.814772883352182,0.05041950396361518,0.0956112333135814,0.09393726645427986,92.76255657041715,530.4303232217342,-30355.02087272871,1,252
1.0644586962009572,1.0540285400271638,10.240547978951922,0.8696734374439178,0.06651464444950488,0.1616248735547716,0.10816582487257008,92.05268262832018,604.3364014740628,-30480.3742813368,1,253
1.0424748056518462,1.1078915482502885,5.430997009415624,0.6429139490750804,0.051591485055357655,0.08233461138988346,0.07343930538451986,93.93130887448109,525.9723480476766,-30414.605279819065,1,254
1.046367282045312,1.1434390309808398,7.273955204162081,0.7510752860054853,0.041039630993709386,0.08602840636652093,0.08720019262136375,93.9327110690311,560.8317682350067,-30427.12636984096,1,255
1.0762502273338448,1.1357816475283657,7.676907836305642,0.7224241133962072,0.04135992671678572,0.09972614487848817,0.049249517386620735,93.81162676895396,615.7711593416157,-30459.092301582015,1,256
1.10175793022977,1.049829341165502,8.23047694179653,0.8574910473670916,0.03111859673779009,0.14867641421456798,0.11310216401884586,93.9884927431227,602.3766227962996,-30441.142910373914,1,257
1.0771633501413018,1.0823550231929178,9.174337778810395,0.7109657537060292,0.04143144117170298,0.1504589317625106,0.08091222070332672,91.94544058262701,583.5540465835735,-30487.210660922396,1,258
1.0616883154558543,1.1487773820310485,9.726185552529907,0.8236385277059886,0.05179977765228296,0.20525483741554926,0.08286749219023806,93.80805979906286,548.8296354345238,-30341.516389527667,1,259
1.0974099113801983,1.1290096090280213,7.839924697172018,0.6491771520843475,0.031303184938715735,0.12115630689008607,0.03961326503225927,92.94249092960743,578.0887926175868,-30399.347696635803,1,260
1.0830428656541464,1.1302340453762085,6.925100982488554,0.8587294825183797,0.0347535886281388,0.07718278390089908,0.08592569733525697,91.92324140840343,542.6363058491979,-30486.779588770525,1,261
1.0681430090692374,1.101806519701273,6.732477159384758,0.8445681631987338,0.04335813174746031,0.1444979911395256,0.055857531735652485,94.03115690808659,493.33947677277627,-30339.303785436226,1,262
1.0419031766798272,1.1153736217514223,6.351561034203076,0.8225004178002813,0.05033566959636899,0.1602501383900727,0.05621538129797617,94.0440592802802,498.2585793804088,-30369.31995012009,1,263
1.0651051449887454,1.1537699893584936,7.949779292077335,0.8627925784920767,0.02388046344695529,0.08742844219573807,0.05975672838330791,94.54954111459384,556.4186841923985,-30349.82047971106,1,264
1.0713837345037278,1.1320183292101196,8.060275566792201,0.8336560247293151,0.04863745234281738,0.13014151081535458,0.09887416823088126,92.24997357947277,552.1934789579769,-30375.29722278459,1,265
1.0691446319856652,1.0719124728035159,8.878719960947674,0.8948328118038974,0.032140735268846116,0.21140182639347999,0.07949770390557001,92.32175648604057,533.9240644770986,-30372.53399682147,1,266
1.0467360518567685,1.0509272185034733,7.973145286999545,0.7533417671030644,0.0585401727819488,0.1738294172857668,0.09138388214857093,92.89552679284789,543.1033673583416,-30360.29862427815,1,267
1.056871471232822,1.079697845894429,9.016260189700507,0.6883324976286849,0.032993723861548765,0.10712487911542423,0.04793772658543209,93.4181854411835,630.8099340182007,-30466.579771224668,1,268
1.0847387083148459,1.102525434792812,7.8960482917962604,0.7007611087587332,0.059330740227070106,0.1299102721824051,0.08083910721581719,93.0517650577016,549.6027266045481,-30385.078187433108,1,269
1.1075263897005163,1.1618056410307613,7.891324525899967,0.7695057205729882,0.04696676634517322,0.12698413623460503,0.06382389421538436,91.72653585279127,564.6459747652734,-30428.84765435551,1,270
1.0664452459261953,1.114598036544132,7.104401523584573,0.8145398669246204,0.032033122383077046,0.1356980733040564,0.07197565564262744,94.51837977638284,583.892337792541,-30437.0462356264,1,271
1.0611742385224885,1.0876990420680797,7.764073132017049,0.7527163609232798,0.06186253937414596,0.10319622223715089,0.07178789586301673,93.18796994100654,592.2099155830443,-30432.509770801695,1,272
1.0840485316789683,1.1152879060224965,8.165704553759442,0.6537686004258386,0.032317919290540724,0.14578952193423209,0.05708849299574193,93.06153409703359,556.2864624323033,-30425.13828166725,1,273
1.0792744535159733,1.1533624532488687,8.932753827053832,0.6869963008761764,0.042783671841843944,0.12770383869096752,0.09040853519961516,93.04784907937089,552.9158876219434,-30426.605045338634,1,274
1.072653830346192,1.1167696993652478,7.455931911681173,0.730626061604917,0.04224276127387119,0.14859771539712474,0.058467457125828105,93.44673394198927,591.6147665325949,-30448.858890279524,1,275
1.0683248227149793,1.1365329652170155,6.526236256554972,0.778910159346136,0.06343623265292817,0.1321522648917739,0.0533201175563427,92.83558748952504,620.273342714207,-30426.057132726095,1,276
1.0799039672647783,1.1151300911211053,8.928788943563758,0.8248816328733551,0.03836815594022074,0.14987562938281446,0.06022539352817936,93.1077295465584,585.7829788200022,-30461.818283515233,1,277
1.0875079467516016,1.1772103225033783,8.069982600291253,0.7568339174385132,0.06489644441231925,0.07825518948783175,0.07419126159364284,93.95654117678622,567.7183579361157,-30384.84353998409,1,278
1.0887576101816456,1.1442652270667006,8.425248646385583,0.6761769194688998,0.047103412294557986,0.14396678338787064,0.09628950826741481,93.3906391523384,583.8059245718296,-30447.844358921164,1,279
1.0927886498747437,1.1789154095906702,6.343535535479973,0.7004477594074877,0.03649322004658796,0.15557645016152272,0.08533243720238556,92.68550225417782,570.2306709229848,-30461.449077138965,1,280
1.0713639895700662,1.1397692554038006,9.437754190397937,0.8392518842296417,0.04011081364840667,0.17529940823020074,0.07707243090392242,92.1131129333036,567.5577140133304,-30411.156396507715,1,281
1.0971188084241559,1.1473082294489017,9.517914636408396,0.7495905842111122,0.04648424172266567,0.18826580391854209,0.10808571315718087,92.25541136648114,565.4850879512084,-30362.551985380072,1,282
1.10615595438209,1.1095631649720596,6.267498800451858,0.7313546935111096,0.040880070477418616,0.1440129293710683,0.051925163531903545,92.68184326864525,632.5031488351935,-30498.76996426929,1,283
1.0725188177385545,1.0888760719316823,5.452457000285439,0.7221166369219965,0.03940939499831876,0.15621726073239703,0.0669584834262167,92.83810999608397,584.1741297233101,-30441.024355692407,1,284
1.0732345365649887,1.0888554520250902,7.629306858949659,0.7518515615458294,0.04526236949662377,0.10243955504083062,0.06414214206021435,93.28078030310563,573.8413416162684,-30437.572714487065,1,285
1.04354314603862,1.0408756596419082,11.38254842351328,0.6359869330778801,0.050036828898064704,0.1375371765258125,0.07376493927985286,93.38296334870304,580.9448252482271,-30327.8961993809,1,286
1.0490430286004868,1.1028871785152694,6.752125666990018,0.6963510026002913,0.03861067332517261,0.13080413937701924,0.051607706452007476,95.22521362861058,573.5228011142514,-30367.651840210117,1,287
1.051316640371851,1.1213241132857648,8.179012972853048,0.7928647015269841,0.028475852936223834,0.1685463676804432,0.05719333816646244,93.1490862565309,566.7375470644394,-30395.860592008827,1,288
1.0622789055592372,1.1086432801959236,9.112755672459219,0.6494867244544865,0.04639481634397522,0.18175779676136974,0.0805821468824494,91.70579245129754,580.4498971106625,-30420.286553622784,1,289
1.0641711721048979,1.1205779620685523,4.996291509670069,0.8249847369929251,0.03675130581208914,0.1028904437133129,0.046910751856817236,93.13176072836471,556.497848385542,-30387.745353129994,1,290
1.0418087641970941,1.0590642006242792,8.22461246546216,0.6846149263728422,0.029631575738350804,0.1094294160155621,0.060014376317449776,92.76699781430568,610.8517253523704,-30406.138843330238,1,291
1.0740901912542449,1.1261706673639018,5.347209374676758,0.8907092857087587,0.03709842971141115,0.09564337199697034,0.08081519646242943,93.52409850567871,556.3305100947026,-30452.690747383793,1,292
1.062139524012719,1.1036208420920581,7.835986110609881,0.840608789185536,0.018135244247361317,0.14893718748863338,0.0774032748989318,93.77484355157428,568.6834173470464,-30403.00187819745,1,293
1.0893591562534772,1.107557248747725,7.36852188431039,0.6971980216835664,0.03829819774784666,0.12338165304168305,0.05160058260473172,92.96257948588301,555.8573910456455,-30355.36685395899,1,294
1.046885615896677,1.063022350850384,9.310484708299038,0.8293437136893381,0.041043677618851276,0.09624715723438804,0.10832140937957707,92.33846608308515,606.7993034045419,-30402.73891049488,1,295
1.0961967161728026,1.1399617438147214,7.8757555079116734,0.7513009390820263,0.04091335369541772,0.19025474304108708,0.06727985406437542,92.52257647812807,630.389800514449,-30431.239377593734,1,296
1.0839816325179066,1.1290471344317459,8.680352213552599,0.8141960348626749,0.05701435850130473,0.1054273785674311,0.10812744177129696,93.11141750814254,509.447517182934,-30368.156645246316,1,297
1.0640927623503025,1.08264966320607,8.082517236951894,0.6285928748107936,0.04648858468659886,0.10548852127761336,0.08611977026229838,93.2839058711494,657.4223776761763,-30391.31503033835,1,298
1.1020121373018708,1.192263110075542,8.628597151100433,0.6565351208584846,0.024904598140133002,0.13205175331390068,0.061889469595832164,92.77559167445897,548.0363022738161,-30400.23590063859,1,299
1.0798317085709883,1.1410698455682047,7.955011358307711,0.836265800929207,0.04247505303702529,0.13929636527039022,0.09840990776604147,92.36285090754997,568.8873669482764,-30458.250493569598,1,300
1.0613323532322034,1.0913524608276544,8.600734895134075,0.7707242382887344,0.04541218706442629,0.12272010858057225,0.07275776242802234,93.0434811468055,516.879692629355,-30433.263239621276,1,301
1.063581195910225,1.0935334033920712,8.920602842652611,0.767920948545235,0.04875050315522553,0.15647399182963673,0.06560106077028414,92.72098267975869,561.3922736750112,-30419.341616176585,1,302
1.0322579682742483,1.0739653415559873,9.376007558883385,0.6659694610052842,0.04647620746634454,0.04779624866342968,0.0983191241764801,94.34368024712447,562.8973152720893,-30429.666747918756,1,303
1.0410977036324465,1.0960455228684864,6.181642782405136,0.762099785687097,0.04772467635639037,0.1131524697623121,0.06792329631796223,92.71874619768447,535.714972524111,-30455.026712511673,1,304
1.0588460899522152,1.101116461527463,9.885174390475534,0.8132478569275862,0.042982846703013056,0.23372406056138323,0.06792926674377478,93.26231278671386,557.5640106076778,-30453.351152422576,1,305
1.0683424387670954,1.115811100164559,9.552334298050546,0.7839590663222225,0.04299396633304771,0.18320046869889375,0.06763086928474754,92.05177236782534,569.8054282926021,-30382.926326856603,1,306
1.0725291271158448,1.0964374252875562,9.03013744034326,0.7058079222986211,0.03885668219418913,0.175130737737444,0.07380193508429271,92.30133626444207,586.4254025618716,-30432.766487620207,1,307
1.0979418938758163,1.156981965353035,8.088609864638272,0.8952572631347421,0.031207376996941507,0.11905730795803315,0.09331745972381124,92.36120020516059,513.0956086388268,-30450.03938169897,1,308
1.0675599210572295,1.0915252861230946,7.391347800117255,0.8787144208730635,0.035252524947094036,0.13278197127546562,0.06096828666254293,93.17186139570336,578.9941804915778,-30500.92558072719,1,309
1.0655774643004328,1.1221794752796368,10.257388888752216,0.7061623118568766,0.0341236563584137,0.1557424937761604,0.08937203737332415,92.78387120208245,569.7868452089637,-30423.68935737663,1,310
1.0343242017932326,1.0643993266913583,11.840547824898886,0.6584094730188976,0.04858860057799539,0.18658252949641796,0.08898104090944092,91.996705091024,591.0248812548058,-30377.97244492805,1,311
1.0828983878214775,1.1595054895433536,8.106731472097694,0.7481623208566369,0.038719476565145954,0.11816666179210815,0.04637887040784776,92.3930406394112,548.2423060512091,-30435.206702077612,1,312
1.0628645197506537,1.1017871549005414,5.8925441438804755,0.8704594314115743,0.04780837055147156,0.19875069769541015,0.09980117758385765,93.2366955674158,623.6080156259886,-30550.603913281997,1,313
1.0847397824977423,1.1621065178745604,5.673768667470929,0.7504423348536077,0.02408919867815447,0.08242679331966817,0.06074365647488496,93.33832511129937,548.6048855617717,-30440.904692738,1,314
1.0580659333815159,1.0898968144145509,10.447687967736597,0.7673325816624234,0.03012481772148938,0.13305717685598115,0.050716795696158855,93.22228064574512,579.9088384332454,-30368.57262802443,1,315
1.0746085641065042,1.0895572566571152,6.701787943138042,0.6386797360271574,0.050309518422021936,0.07749943817106063,0.08488575442637859,93.94156514856674,585.8269838294916,-30401.999911715997,1,316
1.0427021885935979,1.07496098709793,9.500663876641603,0.6640138679940822,0.025090421226099353,0.1766826390471702,0.04554418496473026,91.69977747106135,531.0051426947292,-30422.778894241936,1,317
1.0598745504639944,1.0924694733958447,7.897100937380114,0.8163565055615429,0.04734357687722076,0.15036990787243484,0.05640559386533592,93.1870577421345,506.4361192687096,-30461.650471129196,1,318
1.062712782089447,1.0379215187791635,5.958779005073941,0.7992370604034975,0.04804451686990591,0.14800280715510836,0.06058998914865095,92.39071640734977,553.9624606231604,-30394.77866626214,1,319
1.0787128172479186,1.1975658517949566,9.29676981138506,0.7019925552114427,0.041893856666313393,0.07109160256943682,0.08838588168775575,92.82256993480296,567.2991134246976,-30368.809686043358,1,320
1.073843244921539,1.150055711444012,10.820175731900152,0.7119943814042228,0.049378475874022755,0.146305177434623,0.09999369765071624,94.48108442095995,533.4287141294644,-30460.949202397765,1,321
1.0679626100210937,1.128141231079939,6.619976375624043,0.8328965886689595,0.029707109412411257,0.2227773838688077,0.09171968307356769,93.53254295436837,543.1654329797145,-30455.881733396098,1,322
1.0963607200545133,1.2168649025383824,7.207010980935517,0.793687795799601,0.035495456855661627,0.08752866228142704,0.08984557020433488,92.73197009328423,566.541425570623,-30292.14175350012,1,323
1.0911147035947935,1.1163230937197501,7.23728186245162,0.7259348562850639,0.0419033527810746,0.06704194463991289,0.06918437029070836,93.79149730390553,574.8177944825022,-30387.439550605915,1,324
1.0711409652470405,1.0991736901593092,9.368505746118865,0.7806782827243605,0.04848493738979587,0.1119497706848038,0.0696517186289208,95.5627050661882,538.5014633779892,-30414.471881927384,1,325
1.0632033154327922,1.098902486135719,7.5563409787037745,0.689287796446429,0.041115975683241955,0.1897990231877524,0.05606546498903311,91.96232061686183,573.4760043804847,-30464.876922974483,1,326
1.0652442154258548,1.0468453307948942,8.452111891539923,0.9207240044463637,0.026643137780505245,0.11694275948052585,0.08747328685005225,94.07070071697139,593.9916961818554,-30464.616214837515,1,327
1.0555097277699854,1.1170490100392025,10.314681288032382,0.7895779863422883,0.04706873338174145,0.10672200629741198,0.11110312267844633,93.17933852241435,558.1427506884804,-30420.495729883194,1,328
1.0743287206828191,1.1155026987158567,5.7290450108423565,0.8256587388906647,0.04022550565131855,0.10137074809769141,0.07219794741670593,94.87964364630375,558.604608917389,-30464.414892194636,1,329
1.049478488901982,1.1050757636069755,8.137884840037168,0.6937090574428485,0.027946041922411964,0.12619514005794086,0.05063640840919381,93.45857257469724,512.5937143567011,-30374.07420513786,1,330
1.0424213880689701,1.1002368204748842,8.12027350685945,0.722316073892286,0.04123544732000109,0.17115490165787942,0.06435458874852971,92.03284786106141,560.1090979249535,-30379.48165801112,1,331
1.0636332415500185,1.1153522484553704,10.036556001316185,0.659148417379043,0.04270886028463454,0.12909970520397246,0.058481166224370315,94.37421094649845,563.8537251904717,-30384.489099497037,1,332
1.0491292446486609,1.1049301549942785,7.701162391493234,0.6871374866516906,0.030560591274586567,0.17430153316776412,0.029833497756157384,93.54329465320497,516.07859806174,-30331.313545164154,1,333
1.0830225402626261,1.1743554002002188,7.399935929326192,0.6922084849368632,0.03622385363301269,0.2027516663262268,0.05792057704850972,93.19097241689354,623.5101610977268,-30401.41847269387,1,334
1.0900546542857241,1.1551725135470337,5.970782422469474,0.7603991589955296,0.03277585916305848,0.16523781961241926,0.07146092251157606,92.0114907525365,638.004794306273,-30423.773864448187,1,335
1.071039608727207,1.1054390077438279,8.360545211921488,0.7501524911550781,0.04024428038622401,0.11675094927136483,0.06615151418077053,92.86992395992752,528.5165404435953,-30338.579447629152,1,336
1.0506115504003237,1.0390776661192593,10.236646757191606,0.7604962467678718,0.037871130720380536,0.1275132303494014,0.10622139546219994,92.51821936890846,579.6366607009122,-30412.841160297532,1,337
1.0873814276018972,1.149877752650702,8.057163295561288,0.7217626642287951,0.06107664962617485,0.22862208302169468,0.08471247628813051,92.20130153933634,550.9171072695989,-30325.276513535475,1,338
1.043616551423203,1.1226789233271324,9.606095886393812,0.7958445530838593,0.03386129927643748,0.11847324077904084,0.044304998641127455,93.27439248847142,533.0096325122377,-30446.875950461523,1,339
1.0799891005590208,1.162690568177681,9.299383686306951,0.7202918490477579,0.036920451895214826,0.25403297343933273,0.06498769412657866,93.27152070653148,572.8858071566168,-30348.57321627485,1,340
1.103925989824642,1.1462977005850798,8.165674603191654,0.7119180913637018,0.05953863352696646,0.11920898059154228,0.11306212169212065,95.63471487881688,527.8532095750902,-30450.94939862969,1,341
1.0551990846345667,1.0867454000682446,8.04921323115172,0.7973286286191184,0.054759410102056816,0.1508232241844264,0.06705759051962393,93.17408961443469,620.5791931533842,-30390.166741022822,1,342
1.0416385508964128,1.1541898581116163,9.636175508742618,0.8040142945794354,0.047322541337060396,0.0831574235740938,0.07317436828789407,93.77522551335416,555.7571808909689,-30353.54490490725,1,343
1.0907212158739146,1.1406596958903783,8.0859536722539,0.76397157833705,0.01839978234784749,0.24187785141113113,0.05567421883959845,94.09640117894865,557.7773953860695,-30362.992065921386,1,344
1.1086433292222666,1.1629483106391993,6.4045081006099736,0.6968013956103809,0.04931919161216933,0.13658623115024218,0.04029822894722549,94.3894861240096,505.33372644430233,-30431.57530563392,1,345
1.06760208643483,1.1385815838679665,8.600122482799671,0.6586242491054705,0.051508073902002995,0.15568037212459582,0.10177656000774642,93.38730049472791,580.8681578105173,-30427.259481073135,1,346
1.078592834086075,1.1390362587933063,6.468644511531298,0.840122274226858,0.04167863409439564,0.11725222121711663,0.057691924532033124,94.7183611858142,554.5940890693031,-30484.671811812503,1,347
1.0615524362298818,1.1325369820610087,7.803944108190347,0.7573719818547381,0.05658093533877084,0.18753019684013533,0.05574643474269098,94.20775643984207,539.5904035309645,-30432.73772166673,1,348
1.0981415034797333,1.143719407356561,7.389084411357454,0.6085075114165623,0.04249108404992769,0.14389355897415387,0.047864350234688054,92.75003470406874,588.6252947996303,-30527.0181998726,1,349
1.054517362277149,1.0612885376750278,7.388099409939866,0.7731432211717204,0.030900812416879208,0.14565170719682574,0.05504573767083626,93.60694632447333,559.7200957206189,-30296.806642501517,1,350
1.0608230241367687,1.1073704376428477,8.84108202450869,0.6736208558965728,0.0407310611668117,0.19876796980838687,0.07964695080116535,92.40173179917068,590.0505473028617,-30465.33877713181,1,351
1.062739334797198,1.1084537768161118,6.745109936469573,0.6715457956728182,0.028090591715216322,0.15734099291263065,0.043625926044631065,93.67802124371103,606.1291170585529,-30417.134693653214,1,352
1.0662862087067282,1.0899067890203373,5.849631399147463,0.8036632802268806,0.04237984198696524,0.1582600768205523,0.05474757199379282,93.15003051689831,590.3260903812219,-30467.76061261309,1,353
1.109853617219894,1.1625954004005565,9.912034711226124,0.7547302547509269,0.03719777737546899,0.18232781403287884,0.04476744572325937,92.1062904273369,638.6886325952497,-30488.381221661093,1,354
1.0717421583550053,1.151088394566596,7.853110828514135,0.7877272537234884,0.03610826101088008,0.15818555711800883,0.062440059155257244,92.77146717754617,575.5913778873787,-30393.348649911986,1,355
1.097554039619304,1.193869898297815,5.990959487951037,0.8120747787786063,0.03892843404591024,0.19201163916076155,0.05931654536414797,90.84866558111703,616.9680056661051,-30388.95847725171,1,356
1.076910023043542,1.1286420272799451,7.084991743232949,0.8620745873460657,0.03520221359446826,0.2238923367053364,0.029134887182310602,93.62851700398518,604.2351063552865,-30433.67844573908,1,357
1.0673300970671267,1.1133630573715754,7.3415621014329275,0.7330852110159481,0.023434543133897503,0.11042411410235368,0.044719276163431375,94.44289496501158,496.1354322524145,-30477.381085539695,1,358
1.0531162865499137,1.1697318677168473,7.0103732987627865,0.7082573929022353,0.047555059512745086,0.13907201963904492,0.06315438446919179,91.42972020239499,519.1054556902063,-30452.294307977398,1,359
1.1380146612185362,1.2140494761100298,8.669760297715591,0.7281975229297533,0.04553717877253187,0.1837005220054611,0.08282246278662381,92.54651569686926,572.5124383306487,-30552.40402199804,1,360
1.0455152040126354,1.0776941604984307,8.640001645693193,0.7368785446710463,0.034120380755687865,0.11897628848023507,0.06815911088830119,91.96132965733983,577.832292854646,-30386.35394388086,1,361
1.0628671533194312,1.0815590002885005,8.962778445518216,0.6093287087603315,0.034437318066448425,0.13629737004699957,0.05712412044352552,93.95683425242765,592.9394700408127,-30508.145467387923,1,362
1.0605219335797635,1.064284055407471,10.59112996769545,0.7977034472510309,0.02647213860459406,0.18083430931745692,0.09051912972147393,94.1817226357787,601.6730790122322,-30427.15133890281,1,363
1.070386397525368,1.058677559205522,11.181296445742879,0.7025146497832733,0.04797595779150818,0.054031490173672245,0.09203444978041009,92.32144487953725,570.8110141368098,-30447.982459910323,1,364
1.0575655616274848,1.0591248095785761,8.004119701614073,0.7266608543481955,0.042022535751349274,0.19657458752778184,0.08819392481900894,93.54324575066308,552.413593362116,-30338.45986826469,1,365
1.0441348681226623,1.0781267907247847,7.148858739669766,0.7215474675731269,0.04119294244371004,0.13374259875503264,0.09745714832678543,93.47289135483862,558.8934143322999,-30419.33851521157,1,366
1.0506671707335684,1.0983844255917266,7.1469378473048595,0.6809021039414137,0.03585430411953532,0.19040408155205196,0.043715875837935715,92.94585774505262,567.9598264308702,-30447.068963234753,1,367
1.0664447495076859,1.1267903901423495,8.794984522601352,0.7145396152964606,0.04654772491125312,0.05657974552601937,0.08396596964182204,94.33862664016765,590.5649377647218,-30364.466242558647,1,368
1.0960281841500774,1.0776424115478174,8.219867007740088,0.788386434125456,0.06144783174276727,0.15259039279002262,0.13770505010919304,91.55109791577753,563.2465067877578,-30496.650070543805,1,369
1.0726085339723994,1.159961614175798,8.0935877739399391,0.8406434812681393,0.035165248554537634,0.1204683675018816,0.06440437115025477,93.07586082385033,579.471059031552,-30362.436637666186,1,370
1.080817067981789,1.1293840119609722,5.447380856493954,0.8342992427449935,0.04086828075033323,0.1694477221356867,0.06975931599211124,93.74819213527479,555.9770104058888,-30487.61871892268,1,371
1.1042619133041471,1.1622120324052911,5.675882044167953,0.8377302738870442,0.04247026231759115,0.11899475261612603,0.07526220277856598,93.36094781509546,581.8168638950988,-30331.9456358197,1,372
1.0979727359054514,1.1567581558753681,8.48739513322937,0.7731907432965305,0.035530918830258607,0.13795454562691561,0.07510362398168229,92.76653087552542,509.78715129147116,-30510.70501934684,1,373
1.0409612928268333,1.0816023564485282,5.480033605591487,0.7535790317575295,0.03538947178219559,0.1415301552716471,0.06556987155983382,94.89143297907405,546.2497713877231,-30426.855843145706,1,374
1.0781766368028451,1.1459622189142922,6.332373305945867,0.8087886654853483,0.0756191372425991,0.14360840717897325,0.04512023845137353,93.6511596457772,560.8821222609038,-30373.701966549615,1,375
1.0806111445522988,1.132352543383698,7.764353643104781,0.9126671663030027,0.027842825458554907,0.11687823802877892,0.0526586686375342,92.6569877501844,599.636068531366,-30440.8352121795,1,376
1.0519616537662924,1.1058644631568038,5.930328416303762,0.7204673671405886,0.02961598429243908,0.1754644309385607,0.04909554575788933,95.74224859727292,559.4667808836109,-30415.847440256566,1,377
1.0796745667865364,1.175444397716538,8.052768228741924,0.7160743152440463,0.05642573965662864,0.1912318532954826,0.07165587048169368,92.81124668146482,578.402917436828,-30323.25408205968,1,378
1.0996008466225966,1.2031041043352082,8.127351524088683,0.7842882741737434,0.05740999785942651,0.19258218234622695,0.06252729901396153,94.28352271300085,608.8811828871568,-30389.34856483759,1,379
1.075721297962382,1.156511044664005,9.369707964406523,0.8061239052332316,0.05583959517117146,0.128609000780025,0.10678578871594532,91.8818508669871,598.5217870527025,-30402.016321876068,1,380
1.107533156006379,1.1874728119579436,7.835710752781816,0.712146533527094,0.034616631696293754,0.1324519933264571,0.06401609989009592,92.6062655614009,560.0501360159741,-30413.853302124287,1,381
1.0758811161636315,1.1013938859068653,9.43796965945195,0.7216580468976131,0.06060917478757682,0.1373651759080849,0.07691940460294452,92.4038567124043,517.6883767935244,-30458.98852056801,1,382
1.0682877077552972,1.1055174541747474,7.832215348338194,0.8091403639634344,0.04359951971230655,0.1955998645639344,0.08153252205494774,93.31954977786236,558.9188919672454,-30347.25887543085,1,383
1.0914363044685222,1.1813517422162887,7.1286669175687045,0.7724957742419895,0.039294378000973886,0.13139167431798326,0.07003233982343292,94.48920034331614,577.0773286886019,-30405.49901007245,1,384
1.0575738147510472,1.1135735894447516,8.126537226402888,0.7739454844404366,0.047058688263314385,0.14803064457732554,0.08837660678198973,93.1255773319706,587.9467683639922,-30379.671506115345,1,385
1.0752431484998564,1.1184658898292057,6.497362138543886,0.6110897882051386,0.03572211468939972,0.1514357065938925,0.0853384749605227,92.70266439855664,571.2867961076388,-30396.82093506022,1,386
1.0991128748654602,1.145330606522466,7.384859969118662,0.7687400287614027,0.036448937798163494,0.19078055573330324,0.05280086756601658,91.89970123022633,642.1836442099301,-30391.79294527812,1,387
1.0525328756647243,1.1138952599441307,9.547912695736505,0.8320409533582485,0.025685291987159957,0.17161330717529197,0.03554291537175831,94.08199590780573,530.128322914295,-30510.410240004414,1,388
1.0866347164505243,1.0934553997139462,7.988964028324938,0.7042153636328006,0.05897337168828911,0.12138042729606141,0.08156146468947865,92.74643703529871,538.8870318876727,-30386.84175070861,1,389
1.0695803935066281,1.1435300199720688,6.275918239252123,0.7724261176266292,0.038859915569791,0.13326925607120418,0.06311877135682199,93.19535418043289,550.2916750433063,-30429.380015433486,1,390
1.0952387374424302,1.162136050182948,8.24082986522618,0.759355581668126,0.03439378690884651,0.2304756145355672,0.044032538924484256,93.1107206772304,626.6022992163832,-30382.611593860867,1,391
1.0744310079699242,1.135900927776683,9.351055954994141,0.7060444914613653,0.02990801717120838,0.1954201759650607,0.13302681320415602,94.08678644339427,604.3746587964299,-30293.25121662025,1,392
1.0466982628165622,1.071502221671192,8.79190070484235,0.6353383976038149,0.04087251888351007,0.15999695383545606,0.08966008520943959,93.70682727742958,614.1396991516923,-30442.44358260746,1,393
1.099504396433628,1.155568202040097,7.764510434199075,0.7312724307774395,0.02387947046588129,0.1207281325442454,0.056996108333682426,93.66975462628794,547.5373277349827,-30473.50009995363,1,394
1.1122701431615811,1.1214551916793496,6.7606250052969035,0.7890089038959771,0.07065890432678756,0.12765420662564933,0.08062198641066534,91.38041034391817,528.6123074894197,-30442.273836793796,1,395
1.0385027271017266,1.0595448113082198,4.920243848897593,0.7440406913669904,0.04074892272345184,0.13473492133317205,0.048946729729856586,93.06837710801484,546.7618906530442,-30385.886325201565,1,396
1.095118576618176,1.0664704073183096,5.414038739715378,0.8723864131004213,0.040821016072866104,0.12272421742992436,0.050384451549993034,93.9061391113533,520.9222228428589,-30453.530366941763,1,397
1.0570203483347804,1.0797976044681734,8.669021665521267,0.6309585123263078,0.06428068750875005,0.07368336608741209,0.03396401242948206,93.44602051344059,528.8767797540587,-30455.304865426904,1,398
1.0558091278458985,1.1038153047696964,7.212746108853144,0.605995531916419,0.028592985777167575,0.19393365974094737,0.04312268696091412,92.65247379689696,573.4977096815168,-30427.576214997636,1,399
1.0470376082855783,1.0969165094710256,8.335177119339594,0.8283052006392433,0.0605874659825459,0.12133342131021826,0.12416102785726682,91.824632030338,642.5849282870879,-30477.36071107205,1,400
1.0845404766127547,1.159921487372385,6.985834784821132,0.7077121204053715,0.028658129500736443,0.1265362127913247,0.07146091350176166,94.50002418411995,594.9212670179606,-30400.235207966998,1,401
1.0560525937022063,1.0738914079901536,8.465742866605844,0.8233412941144224,0.028606794398851755,0.14620315802373524,0.08524422654228841,93.51895227288875,573.6335612820209,-30458.53035941171,1,402
1.0582143861136226,1.115011560061272,10.479412050620148,0.760784530432344,0.03799496194123698,0.29382531352034363,0.05670364791840468,93.86914896723208,595.9138500609338,-30439.71415839882,1,403
1.084099224132073,1.1295650938763862,7.617374859944098,0.7534283861680848,0.05266776547066239,0.16217245006295644,0.05658014181828905,92.81504571075399,554.8055783118543,-30349.93544270046,1,404
1.0305056667204897,1.0675298297413547,7.010552728455526,0.8038610987960384,0.0430375761550521,0.09043140994117638,0.08210426452384033,92.19852214499136,540.3834769877562,-30367.074923246455,1,405
1.0768348969021069,1.1396351688072106,7.193440342871013,0.7440479465246067,0.05060969362769669,0.15692877789130877,0.08657074838032378,92.6057125248182,576.0906721801409,-30443.671245721613,1,406
1.0473638523217434,1.110900135068898,9.362000866999077,0.7354344007721796,0.044031871907507084,0.12641627588444207,0.08454149664070053,93.26672653866844,622.780767071015,-30429.359512446194,1,407
1.077059803191888,1.177894439492005,6.341053417711173,0.7433285367977515,0.05459770037487986,0.14993004117074796,0.057328349480644324,92.5059725208073,558.0887004092181,-30342.04943693884,1,408
1.0759647061852058,1.1362623868876511,6.468435408921073,0.8218317354473006,0.04412470355313872,0.12664207943573288,0.07530303829420552,92.22595203488885,560.0711982750432,-30447.686564252257,1,409
1.0629835817530422,1.140153919650914,7.787353557746264,0.7418959535218355,0.04592297304437793,0.19140035705968123,0.06555103023084255,93.53852850002178,602.9516999073207,-30442.25921603814,1,410
1.085844980586507,1.1241666361344786,7.991550080072127,0.8341775636629951,0.040074977692180325,0.0657899357453702,0.11184471117390199,93.95016924403157,538.7789907143589,-30448.851948198135,1,411
1.0917737017816502,1.1291154089255766,7.044512733795633,0.8125645316918996,0.06569543317539733,0.15828600225865633,0.07152737062414281,91.98849760790091,570.7636094813633,-30378.47392502148,1,412
1.0601819872078362,1.1245968592659503,8.468854337691955,0.76835747141297694,0.041637319924532804,0.065824539070563,0.08965542669807089,92.43514985018219,529.818525785785,-30391.181781128817,1,413
1.0917120255230455,1.1978221730979939,9.797807183489427,0.785335901643188,0.032595987813627096,0.1779901895612878,0.04220177177792873,93.94838338519212,571.5249208715243,-30540.594232080297,1,414
1.0717352511477136,1.1189131176332268,9.526926683743639,0.6196161366890546,0.048859791731942666,0.15944086440550678,0.08811157075138645,93.1064711762734,509.42925503929195,-30360.871997382987,1,415
1.0964204640339714,1.1203002966511788,7.169198016181324,0.7630518290939879,0.04233455583215472,0.09421917953649381,0.04739395660908702,93.59519394112189,543.8177221202924,-30297.57108187055,1,416
1.0911505101091983,1.1529164899490587,7.289682836838385,0.8575722643722963,0.048440201641686734,0.22740345272327414,0.04475646158837319,92.71163500775353,535.2733894804082,-30383.935881865084,1,417
1.050670010482684,1.1287259592486125,9.095369299569631,0.7614054623298842,0.016859539379201885,0.08123516630214028,0.1298519265334721,93.52206626619076,505.37036460622045,-30443.400815998815,1,418
1.090850082744587,1.1393795702425864,8.211977998934776,0.798517161529714,0.03898370431825381,0.10880913958305898,0.09398996652766024,91.79576073087973,583.7327857030164,-30383.69315306772,1,419
1.0937432034007204,1.1364064170917514,7.141929246418046,0.7385869070021203,0.04055210521446435,0.11148877091827496,0.08076210265493752,93.11514451438352,627.0914905947686,-30428.70564692476,1,420
1.0598329567236817,1.0697814880541252,6.140556473383444,0.7939698033149697,0.02198800726268478,0.18629517801411785,0.020983533341408653,93.53896535406795,593.8802081235979,-30385.864990433904,1,421
1.0852831942997745,1.1039240054439317,9.46575951448127,0.8127177701065531,0.048945339766488113,0.1559317084668105,0.0962344819987148,93.43940483405834,570.0858102377325,-30440.48439405203,1,422
1.0641501786517762,1.1019587477602706,6.970780399279912,0.8152153981576908,0.048687062796600816,0.20441121930854203,0.0818875305050308,92.72855880901517,614.0081659093668,-30447.074280115055,1,423
1.0799894759870556,1.1098851116129067,7.5099975043377185,0.7010589372052016,0.03005555838616061,0.13018017251805955,0.0712320919673577,93.35882416671129,564.5811950303456,-30417.17505738618,1,424
1.0584046968550656,1.1315969547165279,9.8658484082171,0.6462543260363387,0.06707914604351135,0.10236165134567826,0.07339010760876272,94.21694811331018,604.2545136837321,-30407.75115037457,1,425
1.080284657462754,1.0661278424729084,10.076786584924985,0.7486337300372802,0.05172629442985471,0.1708036719680438,0.11570866838927513,92.6617207176554,582.750541748457,-30524.011476038682,1,426
1.090289918089868,1.1146144822243593,8.918114518550837,0.7420382589181825,0.03809886428609582,0.19350214513930478,0.058335246165002665,91.55133502563973,607.6978376520241,-30486.04260199671,1,427
1.0824112221151856,1.0804086375663648,10.670363555481993,0.7938259418236754,0.054326612708299866,0.13178071377716788,0.14666054103127366,93.30129840258331,589.3040234745101,-30479.217354933717,1,428
1.0476281603694868,1.087724613982081,6.979052523754014,0.5967888209697463,0.0319511040774504,0.17604843881673057,0.04971166172393604,93.07630409055423,554.9416483910297,-30351.962702585988,1,429
1.0713019335984895,1.1566459013731334,7.5101079224374185,0.6693620461081753,0.013929056075603364,0.11306060540696197,0.021544235745447157,93.9950961538909,579.9292381049393,-30389.31101522211,1,430
1.0609429969937267,1.1181336322626543,5.76155772820608,0.7579701042661949,0.036038505994274724,0.11791735257183172,0.06564188441385599,92.29858733963002,567.6523463620997,-30425.938124908247,1,431
1.1063032231977594,1.156443766170339,6.656019100604878,0.767921558175813,0.040210267671109745,0.19740621775873957,0.05144051677626354,94.15732917906486,576.1892672553155,-30361.222947631843,1,432
1.0547352681902504,1.1015683100088918,7.561853534354924,0.7083391736427737,0.03154956770255733,0.15452483792401156,0.08513176354184529,93.86124018866715,615.2173351138047,-30347.952914168458,1,433
1.0705839273465543,1.1075588300541352,8.665204246504322,0.7613035300605698,0.02578517861799513,0.08886161899707436,0.04194383420856996,93.15469300369375,528.2743501069017,-30451.887816451715,1,434
1.1275945169119332,1.2059852501051187,10.880520755372538,0.7802673437732863,0.033602448272976385,0.17130702887809712,0.07791446268064982,93.81641182334043,596.5602086439822,-30364.87926734637,1,435
1.0725479602925594,1.1157950640380758,7.301530463579612,0.7579896237639182,0.04517186051874696,0.10760197690837456,0.006554765093016781,94.0326545451861,533.2307081345546,-30385.347682565058,1,436
1.058133357228575,1.1218911381371197,9.667670887860451,0.8521531240293143,0.03231813255655331,0.114468547567687,0.09684039125900297,93.54027925770905,502.4921194917597,-30493.144358573012,1,437
1.0364678524913258,1.1122594692308159,6.119855100401168,0.7848392861197654,0.03456902426831871,0.07758734229938606,0.0475093248951599,92.48806487328481,515.0360387403612,-30500.15710126331,1,438
1.0610603034148072,1.1296171880692862,7.436658156375654,0.7213559105604507,0.03969536846016831,0.14846673152427026,0.08042910543056257,93.68499645374104,583.6670223742067,-30325.847876823693,1,439
1.0777036180643123,1.1596126092685493,10.076322648917929,0.651300914436551,0.044211466873243496,0.15819479110555443,0.0873219191379731,92.4570746946695,546.5353332926803,-30384.5213618309,1,440
1.0461842107244972,1.0830243412368956,8.010526028492679,0.794687747245867,0.061746132898062106,0.17974495414624492,0.06405241594070667,93.44520233007388,579.163729967429,-30391.274292260372,1,441
1.1359365972776725,1.1547068120156685,5.7180992809388185,0.7284915571821894,0.07435824362042648,0.18736286973735147,0.04530408210324976,91.52378514877617,601.5506771064291,-30392.313047173062,1,442
1.0845049795299457,1.1375051133553433,7.550429040660427,0.8063363045091584,0.023234796038031334,0.17070076786730784,0.08141637673733414,93.23327338212206,492.1107967848893,-30316.39976037015,1,443
1.0418541051686747,1.0993054780839286,5.950035793794162,0.795969280260108,0.045824519592421266,0.11936239077037687,0.04004134383213825,94.10129393323491,563.1826389424107,-30375.60176185001,1,444
1.061514590107312,1.120771153358081,8.186218161500467,0.6895977602501578,0.025743425589505993,0.19843948916293844,0.025401354669599654,91.9024220996383,564.9631702296822,-30453.055730455304,1,445
1.0746396632090196,1.1071113764131317,7.342037322945305,0.837636640982142,0.03851570306209752,0.15298802195184644,0.049261316551158424,93.12789525510429,554.8946627427246,-30464.136329492565,1,446
1.0669709665792777,1.135086426839548,8.224290724096866,0.6681521677894946,0.0463904517716617,0.24125318654975958,0.07894128180228566,92.18791635799981,591.5006052674516,-30383.643593393444,1,447
1.0794459461995805,1.1539348440283872,8.27408491163865,0.818748711238855,0.0486856718009982,0.0956663121161544,0.10321890014599228,94.66465702080639,565.6836529340297,-30429.868713381136,1,448
1.0892502298285316,1.1555108112598047,7.283167635354358,0.6814789978855862,0.028539857915459734,0.1382074024066364,0.03502063516635894,93.73537868478626,567.0933805876911,-30426.618870505696,1,449
1.070282501742814,1.0799924590097811,7.846087349817628,0.7410235264665861,0.03449545475423725,0.1511445791961876,0.06394658597310024,91.38931519982249,532.0154205757558,-30415.56823511651,1,450
1.0692687140295152,1.1042330273288328,5.756816024267635,0.8212210872990758,0.025420302492701267,0.09608889894874642,0.05676466009045718,91.7827154000796,567.9938112854782,-30448.859019006974,1,451
1.0304499333563013,1.0203715013959458,4.456363727640962,0.959993655222455,0.03437875824400951,0.10988214428164628,0.05094281580449199,92.6332269921199,581.2497587208296,-30385.077720275644,1,452
1.0593550583564557,1.0918797625940575,7.264719179537919,0.6551857538446721,0.061686205935675906,0.15130050698459824,0.06701476258041308,93.03527467312941,601.114679735251,-30386.215200983388,1,453
1.0570060634437555,1.1803936565123412,7.243152161250288,0.7962368161329318,0.045434688625736304,0.13085637005601677,0.10227872142539673,94.04540534110225,566.8575408218153,-30394.146802162442,1,454
1.0634522878930157,1.1017414076099923,7.803678170271737,0.8228267987542676,0.03984588732895323,0.12372613903397889,0.05832770066755871,92.69640118694696,565.0379363337994,-30361.157080969122,1,455
1.0732168962423387,1.1015310091781523,5.9617985098678785,0.7238686771354698,0.025920539881074175,0.15386335552094416,0.04823549534006364,94.45136752026926,565.3636008062001,-30395.330197769956,1,456
1.0627204822980427,1.1155338923393296,6.44465472874915,0.7588671239721348,0.03297536644787262,0.183907883516999,0.041507473264345146,94.00707695711206,553.5358659595994,-30499.206879968322,1,457
1.1131525251366825,1.1820351583819861,7.140331009350792,0.8161456128104805,0.04813844292933965,0.18581813360559232,0.05559345460139458,92.81044809186278,608.1262993482633,-30328.97864179054,1,458
1.0579152248388437,1.0935656660178052,7.04180906062217,0.7671338059210886,0.038161437646111046,0.1163474963242631,0.057869612648766035,92.54553904840029,540.4607092722689,-30427.08847440871,1,459
1.0895481097681077,1.1248671430596546,8.378267599311995,0.8769629697070844,0.03123946234780438,0.17961501060934743,0.05642393208207555,93.9767997435795,540.7835837701145,-30416.52135183422,1,460
1.086776484721582,1.1199692028686543,6.418627154311398,0.7833940649318418,0.05680967486914949,0.1402798955205908,0.08437810805863509,93.43585613018055,586.7596332211873,-30427.292270395574,1,461
1.0890138257797057,1.1302684918483978,8.56395729505428,0.7349394130122623,0.04480874292732265,0.0917219750261013,0.06253399857835036,92.20971186847379,529.8472705079728,-30502.612873087353,1,462
1.0708600076411263,1.0952161749381273,8.680627716670141,0.6860986371601072,0.04749659555981533,0.19270143094919465,0.07957206998275292,93.8134456579955,548.477542435971,-30440.12312792945,1,463
1.067872262391172,1.1305008491424433,8.320640231607394,0.8164889696583211,0.0391061375689295,0.13169709437779817,0.061509638805363996,94.03975139445916,565.7335609597523,-30528.721812224925,1,464
1.0806808404035413,1.1297174584521077,9.660985832048652,0.6176088876045275,0.03700446830480529,0.15725755381158324,0.08326080957165216,93.25687750308217,559.4071870896894,-30354.197786633405,1,465
1.0904080926496056,1.1108470311988166,8.09930239437037,0.8371891658113375,0.03325028130124783,0.11100463422121136,0.04875150708337427,90.88035215849318,549.2131677327349,-30373.409944798168,1,466
1.0655818695766806,1.1502011847867482,6.927499425433226,0.7260107792548255,0.035943355954849876,0.234522467477846,0.07754964309538502,94.74120042592457,593.3039544505891,-30452.3675139296,1,467
1.0952643546790175,1.1511200063356286,7.045664658907798,0.7698388293586292,0.05394119126707166,0.16418682573033397,0.08139558837426501,93.04881292035803,543.2623677879184,-30380.18706969516,1,468
1.1018052691723133,1.1313892200029159,6.537209115844045,0.7651629775816776,0.03879071660365807,0.11377828939249236,0.08018893664487356,93.67905764224874,534.1877682077549,-30313.28102816293,1,469
1.0812397210882663,1.148092282407663,9.71114176952258,0.796884827939961,0.042706433726806305,0.16371318717114677,0.0619643001076713,91.60156356373965,582.8550887188154,-30470.19828562106,1,470
1.0735072614984313,1.084793702418029,7.751835707956137,0.7606672912131952,0.048315130056268966,0.1437090551796209,0.05825578929143363,92.380898001071,564.7912419712754,-30384.785701732133,1,471
1.0840249215749924,1.1339607351434935,8.654344999028316,0.7488635336119323,0.06342881127440786,0.14262724037672006,0.08951028350305766,92.50434191206664,566.4599129193633,-30319.2439576722,1,472
1.1161141634057217,1.1806461240175476,8.794497147698177,0.7756773587750502,0.04376986924920179,0.14662049908818675,0.11838753682251169,93.91583773913506,556.5252494136886,-30480.73620813367,1,473
1.0843477508674715,1.102878360406792,9.95846299603208,0.7851461497089761,0.03267428592236704,0.18198183657389908,0.09592748151557905,93.82824143726377,568.2714494888985,-30376.29629451531,1,474
1.0737004983283074,1.146436344864916,6.41763821923692,0.8078442495428922,0.054196140538169436,0.11261800018839352,0.06733059894689354,92.76918325238384,528.59725778894,-30376.078360022653,1,475
1.1050802188798832,1.1307473239216157,9.184914369549704,0.6581899138282881,0.024707942161114188,0.13055444568000005,0.03787030322087681,92.87047348446985,554.0891957649089,-30419.348407436635,1,476
1.0591756831948431,1.1287678574211735,7.048216745833582,0.7279987881594985,0.038517963126554186,0.19249033184239808,0.10278511220762145,94.31376850491529,542.2929529120441,-30378.573210898823,1,477
1.0436504180673658,1.0994233635236692,9.012484100455236,0.755625317967112,0.04587746714958098,0.14065674744670037,0.0696574684928922,93.38444826593705,592.9419908978207,-30515.648024768434,1,478
1.0642854527412045,1.11298499323482,7.2884878242423214,0.7739345361879344,0.05122180491800367,0.11681303936822898,0.06300214551353399,92.15025938733535,558.303792886687,-30391.418339807853,1,479
1.0824571827187974,1.1202914377838544,8.442555367014512,0.8511884142196505,0.07019442805669183,0.16010965539896038,0.08011557163066273,93.7802073166722,589.4272486469106,-30478.24694419171,1,480
1.094720929170235,1.0972529451761042,9.241876663523037,0.6775443475221072,0.04921018228454463,0.14747625073125717,0.07203713747499133,92.90749842578701,637.1054951818018,-30360.86184652795,1,481
1.0774156206895826,1.115349473303457,7.352100456950676,0.8027310599390866,0.02598362155251452,0.14082530428429807,0.05845141319325541,92.03990932839932,597.4591108270577,-30436.546307901932,1,482
1.0544693254148323,1.124040977243303,5.825275083009436,0.7261593641430847,0.05107128744934892,0.14854802164071593,0.07740208539435518,92.83236758410187,541.4118634681074,-30417.60615723556,1,483
1.078056440887491,1.0924837590874303,8.761639248513827,0.5392202494612841,0.04687866970677466,0.1643326274642281,0.0461659161982226,94.125590276432,582.2292693433689,-30384.825829167206,1,484
1.0346051159286793,1.0895919457831826,6.821440545522639,0.712359490327825,0.04261656712820892,0.18868383225383148,0.055429553316034934,92.70923634949074,535.3291351009218,-30407.149339965068,1,485
1.0960757201926838,1.1638296989037304,8.231487527567625,0.7229861777198688,0.03988272709614973,0.07164994015357987,0.07434111664288161,91.20775082379568,500.23297549801,-30402.779072819863,1,486
1.0645790146720562,1.1111312530524526,7.47116179371987,0.8597400444737595,0.041306532502810966,0.10266367913586767,0.08271308772592387,92.33306972051014,651.4639916747494,-30365.66136113365,1,487
1.0618282441856948,1.0791967211462057,7.542124210918642,0.7250787861985483,0.035081541969094195,0.11526763504227115,0.05342118445363243,94.56223608674064,595.584324671822,-30483.050404691134,1,488
1.0793150412799792,1.120102673334043,10.53529366917815,0.7241361488989541,0.030041186483187002,0.19032326258315718,0.08638965835929409,93.79090740201086,552.8639144566304,-30379.833605204396,1,489
1.0652133148385918,1.099607285199579,9.642010495596368,0.8256092474300375,0.04919838437181618,0.1584256172431101,0.14240488084924577,92.0909773053455,651.2428174108412,-30395.68672855098,1,490
1.0326979580347717,1.0618796997003384,8.170450421963231,0.7461197288088349,0.05349117674293198,0.10745787162185605,0.09753645245966096,93.06164762403353,487.2249712802504,-30351.11126824157,1,491
1.0894231590713697,1.0814599753643805,7.44938362549434,0.7982555854287074,0.0409909081541533,0.15948889548774123,0.049223153534085975,91.91914296734456,576.0601647652761,-30376.59029261052,1,492
1.0588905983137924,1.1025662298238028,7.172761465472189,0.7855748351681878,0.019286458917206865,0.13557275762865978,0.04951690115048372,95.15402055050397,536.9798952795992,-30417.15832476302,1,493
1.069765299576527,1.074576482983129,7.805715566274726,0.8764488174419428,0.047715433737031146,0.1542575723232495,0.09973158290447756,92.17587310064523,528.4821601501923,-30346.75685252986,1,494
1.0825382047782242,1.1508851336209487,8.351071600378981,0.7778039471836644,0.06794733482654329,0.11497693230852804,0.0832245101978354,92.31644101691023,543.4295817780323,-30418.70678343211,1,495
1.0955921769894879,1.1788440469142807,6.603314807455001,0.8933652917047382,0.048532693823161395,0.14932952536558003,0.09136629833549353,93.32392080788735,561.8716938557105,-30412.722334876664,1,496
1.069265750679105,1.1162710330707837,8.751696225035406,0.7763658086019426,0.03792253478176681,0.06288303679415107,0.12629517959208694,92.66774939993607,517.9634496543715,-30310.137085415437,1,497
1.087388204433362,1.1657763315611414,8.066341376172385,0.6393704872936079,0.05134498537439416,0.14262393107707927,0.11727315307322506,94.94035878434364,595.5753151770499,-30419.81059893526,1,498
1.0825471732214134,1.1135455458733454,6.836951277515115,0.6748451632184977,0.03690621996628629,0.11740817148952029,0.05897442589768729,92.12584231563942,602.4942044816119,-30392.784787983946,1,499
1.0915365760439966,1.1661679269753924,6.798034315956783,0.7042961461230056,0.02498611021440304,0.09174603925572364,0.0788276683622638,93.92063524676722,553.5515316838156,-30519.727933079208,1,500
