gamma_1,gamma_2,k0,k1,sig_proc,lp__,chain,step
1.1421549917467813,1.0559204736790326,0.09462449614741587,0.680548190156771,95.3893996015332,-30524.36260309115,1,1
1.1271237517827983,1.0483727320053848,0.3343986444651938,0.5960776116771577,94.71753297986068,-30469.375597048434,1,2
1.1629904559811257,1.0109701240962572,1.1634162550346712,0.6486838401108488,95.91655665357675,-30553.747746727564,1,3
1.1420722151380962,1.0319378621918285,0.7901398932501941,0.6883645772839393,96.0543828250356,-30435.552014800352,1,4
1.093815583990417,1.019256756524145,0.9801517888018435,0.6671811610329231,94.80025290202019,-30428.065775918705,1,5
1.124981139040843,1.0353112611765898,0.07181949469960264,0.5775601236213046,96.07881181010421,-30543.489728420842,1,6
1.1057705012563026,1.012188191631001,0.7470959719910893,0.6381027146957857,94.55289101454952,-30515.352473988165,1,7
1.1028587073230436,1.0405006644939916,0.19482926468242673,0.6550245168831436,93.24829802522127,-30402.532477189226,1,8
1.150476709407906,1.031193145362501,2.003681553121727,0.6440606004430318,94.08939530219929,-30362.97471847312,1,9
1.1523029670021727,1.028448580860782,0.7717859114534092,0.6759908252907518,93.9843889619782,-30379.186163537946,1,10
1.1437533006189,1.06086699117965,0.8993120607059688,0.5259539352382022,95.39051118878689,-30464.53589466965,1,11
1.1521779895426412,1.0393648760661873,0.473147849324124,0.6484836183738117,94.98292874689567,-30442.212559290954,1,12
1.1463483395290275,1.0818227784171988,0.7756740828177408,0.650096083587005,96.01643722169521,-30410.16616987314,1,13
1.081771592032434,1.0646143690000867,1.2906692651794547,0.6092776641498755,94.99355745587201,-30417.69331780475,1,14
1.1643258918216062,1.0302722480723394,1.2895945947050762,0.6014664749359199,93.72249209416401,-30440.197207192603,1,15
1.1534558190568651,1.032920561928173,0.454675663319197,0.5882940183228478,94.12482960874763,-30420.32948109809,1,16
1.1088051272437878,1.0460539741519215,0.8037219033357665,0.6107045852562284,96.05800336562848,-30383.485631700645,1,17
1.1668369219626533,1.0259210406571937,1.1515646385761484,0.6365304823228116,95.78394886950908,-30437.260808513198,1,18
1.1099192577597046,1.012459111982761,0.36568135933983303,0.6732815597081527,94.65018566122495,-30400.453259536916,1,19
1.1143678778528243,1.0168847301133337,0.9544887550383803,0.6654987564074522,95.6211386195558,-30397.20056114231,1,20
1.1094212175153657,1.0377980539284957,1.3057726634767386,0.6963342743407843,95.16827198347988,-30420.107058292153,1,21
1.1429267954896996,1.0436551415595174,0.5077024668479531,0.6287740955696476,94.69360859866791,-30420.64431349125,1,22
1.1242624858114891,1.018571369820648,0.2396904773339134,0.7261915037591816,93.86523968818433,-30435.803048054295,1,23
1.0914016172309082,1.0463614054122745,0.7514911669673398,0.5548053004976824,93.40068838480259,-30487.46942223455,1,24
1.1265297917298078,1.0026745913295483,0.09133896659491066,0.6897495725774594,93.4747201091816,-30428.959818639538,1,25
1.1307827442428,1.0264957562338177,0.08130237324407676,0.6342483602513495,93.69615986935261,-30472.283573847282,1,26
1.1505081647023117,1.008084289848218,0.12141657547746237,0.6483664939033663,92.93378700222014,-30377.25008051699,1,27
1.1569329143910332,1.061608110381348,0.46838260644071866,0.7171441898386107,94.83592696960886,-30451.938452560502,1,28
1.0982081822063077,1.046604646377221,0.7075297812862992,0.5811722511624239,96.39776398340952,-30495.548052747286,1,29
1.145781190869759,1.017872187273396,0.26437514208460133,0.6660397069792904,95.0444058837036,-30427.264034777574,1,30
1.1461843087500232,1.0513253040560773,1.0855900854574096,0.6209029089264846,95.46853830689466,-30435.58924076053,1,31
1.1211142669992467,1.0683684850988715,1.8814389609246172,0.5889397699040332,95.71585423425304,-30485.579070226962,1,32
1.145986959261279,1.0283564492518877,1.1189937697010834,0.6885856576767804,94.28113673931217,-30490.870862582204,1,33
1.1541899965657016,1.0437225167034658,0.4649032224422665,0.6752735988019113,94.83971980025638,-30461.095366206933,1,34
1.07369726949529,1.052166966968228,0.31036352842878967,0.5728241546233741,94.43206197504534,-30434.850972316493,1,35
1.0896964549415058,1.0170743168157546,0.23239221073349714,0.6777760137232299,94.87064466871435,-30322.297765447103,1,36
1.146016625963377,1.0276170071081352,0.31273547181961586,0.6950319319436413,96.54792516077646,-30409.052419442927,1,37
1.1778672648895558,1.038536100991334,0.031704503989492205,0.695239282640496,94.67757783007072,-30440.99966569075,1,38
1.1848429607352997,1.0430073783312546,0.9980414691760983,0.6151628738104595,94.32280795249893,-30485.42388050495,1,39
1.1527048533860944,1.0884821854341709,0.6588666767421613,0.5922660062718917,93.63469909362097,-30508.550755383912,1,40
1.1660396531545625,1.0422982254103932,1.1083484053467598,0.5876819894261067,93.86125759429258,-30528.19923836288,1,41
1.1423488204332959,1.0070918126659543,0.5318356448560299,0.5551031082477513,94.89693634640686,-30522.429806945525,1,42
1.1532242672754454,1.02996907884626,0.1446364182345539,0.6624032803821607,93.22077084172783,-30392.977786533258,1,43
1.0963223216057971,1.0518013665670467,1.475834941302361,0.4417595238758673,96.40777334745633,-30402.659524993338,1,44
1.083205998606009,1.016380580109791,0.962279552196533,0.6018157979165909,93.9848894129678,-30365.036054794644,1,45
1.095227446997825,1.070801262532462,0.08691400009620753,0.665766834429192,92.66901418684488,-30511.876214785778,1,46
1.1729178634635375,1.0372071892299124,0.7524868715942694,0.6488829555073768,92.8969419880355,-30532.671781867928,1,47
1.1108513869414358,1.0409723567826255,0.08575062691850568,0.5816864585144422,96.49343025798565,-30527.996169529986,1,48
1.1204941829607615,1.0239259571184771,1.1172211531207528,0.5725423293784836,95.84098717755184,-30379.438950067884,1,49
1.1255134393291664,1.0217594240699628,1.145806146342259,0.6242829619340133,95.46192214053059,-30530.905167534507,1,50
1.1080306774869109,1.0436288234178783,1.971979504998181,0.52723101855874,94.17869700242508,-30457.679792534058,1,51
1.1256933166177694,1.0630805070141192,1.8472379841153863,0.5758713235548422,92.67706233311719,-30415.075676396867,1,52
1.1015956621776268,1.0125379425582268,1.2188770613395303,0.5240143840994291,95.1447330415271,-30507.691685878985,1,53
1.1130195058735435,1.077832412058649,0.5724942349019971,0.6201997059207501,93.36364102219916,-30422.380940827115,1,54
1.1163021609910222,1.007292826110119,1.2001277024752321,0.6112195470968108,95.51457850867958,-30505.769078607907,1,55
1.150234249251248,1.0353913034296804,1.156640496531252,0.5777287780603303,96.44026626412789,-30327.701872337457,1,56
1.1241623558770528,1.0030317039558116,0.2588818130406306,0.6530142699199287,93.67515059571656,-30438.096778942803,1,57
1.1677902646420035,1.1199438217216646,0.17686547317588977,0.6504318554287543,94.4548972935797,-30437.278964709527,1,58
1.1352663824862317,1.0399348948191127,1.098211045199383,0.5772931340435743,93.34970466788627,-30454.577785198126,1,59
1.077557487809764,1.0248081361032315,0.6037232145626026,0.5197618196522015,95.00960183018512,-30563.028324989744,1,60
1.0744592291391981,1.0648051836317585,0.05084400764360369,0.6107450455745089,94.5204799104419,-30513.206298713223,1,61
1.1477638573115818,1.063389661936621,0.11861255375093124,0.7516161047906391,95.43719420420399,-30454.52637839649,1,62
1.1776578520630876,1.040178358482462,0.4511474275392539,0.5546999432676397,95.07475629556403,-30484.319209256137,1,63
1.1547219621317888,1.037535346351392,0.2212344244521671,0.6652506881422845,94.87578915946192,-30366.398429526478,1,64
1.1064018686840342,1.044129434933725,0.01635627305841108,0.672664483662043,93.47470406052231,-30392.08003405448,1,65
1.097296019179215,1.0121420943226973,0.5797819462042116,0.6817815476295028,94.30839049515531,-30470.892990461994,1,66
1.1067295108090203,1.0256969486019742,0.09920183584383808,0.6608943264499815,93.63257762169336,-30428.361582442445,1,67
1.158936571584425,1.0310479875829712,0.10864915666502646,0.6716658391915027,94.50128001917464,-30464.88504158198,1,68
1.0946266586906224,1.0152377420900458,1.7720759523395633,0.70763244290651,93.80452316837912,-30537.90466834592,1,69
1.1031416722406828,1.0169583762913401,0.5014152795326544,0.7275625370987617,92.24008341585932,-30443.605767781854,1,70
1.1547217204866185,1.0325993805288016,0.12192158228497561,0.6272719446311457,95.04234993256975,-30519.492910476176,1,71
1.1140841253510243,1.0196634935841498,1.3694912197381661,0.6424620831105774,94.96493302114665,-30479.70207640471,1,72
1.1318483394957668,1.0133406253575896,0.756776890696307,0.628314065753071,95.02887944832496,-30469.089321682684,1,73
1.157410661763195,1.0063413578643585,0.6282421910644577,0.662843558457531,94.84969975765382,-30473.33310699821,1,74
1.0952005373689582,1.0573487159948591,0.03586416599019721,0.6594517730930423,94.63807607945877,-30388.880345999223,1,75
1.1108334096394916,1.0419969321097202,0.38088685110956455,0.6801937975777974,95.39666599696733,-30435.60908256198,1,76
1.1695246279331373,1.082023048473559,0.4697022302857457,0.6499718143826898,93.38079892208916,-30516.772584693772,1,77
1.1075396595210485,1.061505326063091,0.652607574717437,0.6695405630229074,94.64119795442265,-30419.88637977077,1,78
1.1172330437346008,1.00666968673108,1.2690162545304369,0.6244044969871709,94.22338645883075,-30386.091313736666,1,79
1.1083609200421833,1.0362277993373106,1.5890875973099703,0.6152978663500754,95.7241635534412,-30540.97057721199,1,80
1.110039957046776,1.035299518575063,0.024693785598814865,0.6159921686828683,95.02569582531271,-30325.130811256222,1,81
1.1507755732106388,1.0103357396386066,0.8459463818426164,0.6006904333367121,95.09377417553867,-30409.90549093259,1,82
1.0968333717235457,1.0334985695455212,1.3311466093644402,0.6149398500821124,93.21588636118233,-30416.194354560255,1,83
1.1146577743479766,1.0455480503374028,0.00921430969708536,0.5805361037997788,96.43817632090412,-30499.472605535015,1,84
1.0969389299974701,1.0200468213734315,0.06238296624105255,0.7702861421764788,94.75077617557852,-30373.186969640003,1,85
1.1361259124512424,1.0373384073135306,0.39088076039218145,0.6267264375587807,94.41203600539517,-30483.721588566597,1,86
1.1523102434130192,1.0448465262295292,0.2655991235915647,0.7196629064487359,92.76097467995106,-30502.863369382972,1,87
1.1318124649210297,1.0661144816004877,0.2082438974123606,0.593662105004135,95.90543435792253,-30476.404461117472,1,88
1.1399371650271752,1.008127250609087,0.0314407380784155,0.5839350768809868,95.28399112489453,-30423.59126898761,1,89
1.1348492823372442,1.0191444033434154,1.0785586720486982,0.46732652158899635,94.57497270548393,-30468.17677342707,1,90
1.1063692927461535,1.0032523531856363,1.4525407235952605,0.6426339945785268,93.57212884591294,-30427.469617965537,1,91
1.1297664095111517,1.0458133148332136,0.04641376970205107,0.5792235321874506,94.01267616262163,-30533.298566742553,1,92
1.1292575634139246,1.0066014932305225,0.35888477012223113,0.6510135508224311,93.82433306472174,-30459.725175096934,1,93
1.1463979485482994,1.0181449322019533,1.065732664733683,0.6648257182951655,94.54529191421089,-30452.77266114026,1,94
1.1369234854829,1.0524528531213897,0.7655847951107959,0.6562900237779925,95.10906341347953,-30388.152527667753,1,95
1.1341634800197251,1.055973338424697,0.13903405776402622,0.6684343947489404,95.31116179219453,-30451.83958955576,1,96
1.1436638633316014,1.077354028388152,0.7898634024953349,0.6420725648172251,94.57203615104387,-30462.326591112123,1,97
1.1209842326918704,1.0596881644926026,0.5913672095799732,0.5603688745814918,93.52229596252027,-30406.463661536447,1,98
1.1664456747370335,1.043427875686051,1.5458710798277906,0.5760580911593558,95.46292370570633,-30466.26917362016,1,99
1.1520496991736535,1.0954265076195775,0.12452649703358082,0.6019804800043767,96.13413821503116,-30334.889545859824,1,100
1.121350690830654,1.0655607458739773,0.351551241800985,0.6426723300298207,95.32927461030744,-30460.618831464013,1,101
1.139556467898324,1.0509692153303114,1.843075034122768,0.48958130753802614,94.75825765285191,-30508.376306441503,1,102
1.1944059843071666,1.1171754400812337,0.816163953035461,0.569927986080517,95.62693814328307,-30470.106456972262,1,103
1.206003927841172,1.0854135083069472,0.43011153966983323,0.5646059063810477,94.63084611402623,-30385.5911596927,1,104
1.128593658143956,1.0600797560010877,0.27094014928774585,0.6438000320104651,94.91548616498535,-30451.084536574537,1,105
1.1473981192278773,1.038675286924362,0.3935844062813191,0.7835535719116293,94.15867563768107,-30399.090486449077,1,106
1.1712275535134418,1.0546984771584111,0.25574983638713267,0.5660858056930382,94.9713665049597,-30469.874963393697,1,107
1.1298031757896703,1.0205006148474771,2.2405547881728616,0.54969407073771,96.24775702015395,-30480.10030360539,1,108
1.1283809260560607,1.0401176464506625,1.234713758676237,0.5380262210650373,96.03297765057526,-30332.27207474315,1,109
1.1350218140667285,1.0241197250912641,1.3365568424969385,0.5147203383000319,96.6398973070476,-30493.894790256036,1,110
1.0663140285199453,1.0014488060859044,0.703759953415828,0.5692703757223004,96.0113170641598,-30550.458959089836,1,111
1.1731340940175548,1.1079917361885363,0.793455481714142,0.5756763276733865,94.48406276194916,-30392.765076884498,1,112
1.1094401577944655,1.022543811240351,0.7077565729232902,0.6075138372290683,94.75602751865573,-30445.850767561642,1,113
1.178308838090603,1.0529119782050935,0.6668868288337151,0.7203791227374824,95.99619433966092,-30478.501990565055,1,114
1.1074110170875153,1.0295070837153106,0.6219187151215613,0.604914559584636,95.12176147329309,-30373.682656390403,1,115
1.1590032428124162,1.0213899051432236,0.34590408021096297,0.5678143035936061,95.23842227593741,-30460.473859429098,1,116
1.1197765413516305,1.0522658529483966,0.7241183991287281,0.6295076212318573,95.7785017807399,-30413.67870477325,1,117
1.0998408633926862,1.0390038318824388,0.0038761041509578426,0.5987022537559593,94.75916001820235,-30409.085982901674,1,118
1.1283492291761288,1.0265666218621643,0.3706047187409119,0.6772150270763525,93.9643280900265,-30371.16645932377,1,119
1.1232726598558536,1.0358315480192961,0.7667351059471821,0.7078855026983779,94.69512464220834,-30394.20421125333,1,120
1.1120288563420726,1.0204399106897206,0.12618136179805087,0.6759380813152704,94.63548231000313,-30489.68108728525,1,121
1.0853829599063314,1.0035136767486559,1.6300843089579815,0.4878617018530627,94.08699332997132,-30448.00471900082,1,122
1.1059779902540952,1.0480496604384337,0.2937290143149037,0.6812881168491953,94.29971409323032,-30350.849090485262,1,123
1.1397730264942199,1.0193589692696121,1.5892946456610741,0.5683329921071124,94.81536340686732,-30447.710504884206,1,124
1.0957362345070545,1.0346647927606516,0.44908331157953757,0.6313115552498885,94.77949745380506,-30474.97858958238,1,125
1.1237863541704858,1.0320817514968477,0.0670422937446741,0.7129221725716013,94.53003331776411,-30435.945766341538,1,126
1.1794777402131857,1.0413743230709798,0.892851407235476,0.6397808422193938,95.54473964339654,-30460.385623400358,1,127
1.157143856778667,1.0106847232323464,0.3992927526837942,0.667250929516007,95.27874862986414,-30419.438758115597,1,128
1.116829171658791,1.0258668173106096,0.48088023135902797,0.5837176981440639,94.47196728481318,-30376.259090498483,1,129
1.1128758296020613,1.0482772226533381,0.20957819032171338,0.5885786919600583,92.58748292192455,-30448.017160777632,1,130
1.1220964902482529,1.0671378023595457,0.28130409075886154,0.7055836881209183,94.26353796202721,-30491.0755350019,1,131
1.1202226499141206,1.0256574455827603,1.4696088238440763,0.7170555118577177,94.7093903391118,-30412.694043182863,1,132
1.0934305808879463,1.0249184772590758,0.281560478422871,0.6272561099902597,94.17173768182255,-30408.340261799534,1,133
1.1320568093740015,1.0633572669655225,0.9731467815281851,0.5145058132571586,94.89166899705987,-30491.920055253708,1,134
1.1343719530479723,1.022423399915028,1.2973460531394043,0.6819876594558245,95.68162549958225,-30349.09265335212,1,135
1.1364435470801437,1.0889946506804775,0.9611724843469831,0.6271891338832574,95.34775349123747,-30586.329020745834,1,136
1.116632059399746,1.0161908707108085,0.9782476066276059,0.5190433031792753,95.69325317611407,-30488.449389947717,1,137
1.1298914044529396,1.0867230084044315,1.4021827181377595,0.6533785833891621,93.3710319928485,-30369.432808256337,1,138
1.1452823689063676,1.0743094940436428,1.179019607280703,0.6514056184139171,94.38002597694297,-30506.707565020137,1,139
1.0888130210467843,1.0394827594038443,0.3587702260378712,0.6158386866949829,94.16048168861107,-30434.073891729993,1,140
1.1287058802766188,1.0546346761068042,0.702161092829811,0.6760947629189966,93.99022792648066,-30427.313205097907,1,141
1.1375953737440418,1.0807457088649006,0.7167514032149569,0.4882875263755693,93.89143527197093,-30428.684842246752,1,142
1.0990579957792568,1.0221629365416065,0.023068875910691327,0.6400102813114482,93.84396476739384,-30531.020297359813,1,143
1.1789606345983428,1.009819758789571,1.0368556264438116,0.5956515677090883,95.81254999386479,-30421.177593812095,1,144
1.1236543370759264,1.0115924336275566,0.3409362422850907,0.6805965880108017,95.11834581624262,-30485.61031656949,1,145
1.1593498089090495,1.035027515598437,0.779622934164404,0.6590181360893915,95.12879806401116,-30437.361046765014,1,146
1.1039142255070458,1.0195973055217948,0.6905449605757396,0.6280563666556901,93.96353761993919,-30455.034276491446,1,147
1.1019298919494853,1.0418335663998186,0.5408524348180153,0.5717149009111216,93.81341942507743,-30450.850553298453,1,148
1.119781392507287,1.0014825124736162,1.2930251669513044,0.5949224006638918,95.89263333756124,-30496.80228025472,1,149
1.1494515704230288,1.0454448472957227,0.3076179596990198,0.7676583880835176,94.34960219580206,-30383.108100351295,1,150
1.10096705180775,1.0349560357591783,1.2491899421838084,0.6792969818040016,95.11536291561403,-30536.109974439114,1,151
1.1360668136464485,1.0529625269344316,0.22024105191219884,0.561928907230921,95.9506443206293,-30387.286290398726,1,152
1.1500142988985214,1.0866003238294448,2.1224499162264387,0.6096700199695656,95.01987984439663,-30495.531899862042,1,153
1.0641836556038398,1.0037427390016023,0.013285780694576194,0.6441969022570871,95.0686472372791,-30488.56653751455,1,154
1.1353556915712564,1.0500348946220095,0.15827466792361,0.6512488993076658,94.35458566856336,-30386.32922008649,1,155
1.1357691117573139,1.0324360473223875,1.37486098696863,0.708234964969468,94.1047966374716,-30448.017000781798,1,156
1.1578928987341595,1.0062217493967236,0.9805091855502175,0.6548677282391768,96.16115053332624,-30317.87285023033,1,157
1.0967894282344282,1.0569694598345671,0.16592084665699855,0.594855152350568,94.10343059065987,-30457.986347916536,1,158
1.1504971905755301,1.114209390738361,2.368109227207919,0.6326568832654331,94.59262537441992,-30542.562073316378,1,159
1.1427682059080477,1.0806484565112189,0.981612373595051,0.5262350890773247,94.04140137555291,-30451.183194454054,1,160
1.0973280739975273,1.0091151047993485,0.3707697076608575,0.6768014154968418,95.35763543997051,-30464.14391137201,1,161
1.1227449373226415,1.0435098015325974,0.22411864146491742,0.5613768306266,93.82128969653873,-30490.579884437986,1,162
1.1786968961859514,1.064387563863943,0.054861385417474755,0.7333610029679921,95.2728327465967,-30500.835422834713,1,163
1.0690578220158753,1.0407718798728018,0.7058046074841093,0.7576936794482161,94.0310999965048,-30471.77748459964,1,164
1.1571489564873545,1.028705227187519,0.5211320483641702,0.6391675068565088,95.20398097942733,-30351.985483756,1,165
1.1066810468622055,1.01193021034246,1.5319916624225802,0.6230486416984395,95.57972804257699,-30375.794935110294,1,166
1.1078607368094928,1.044030607603554,0.8662257047167511,0.5924516033682664,94.61834545514301,-30375.048283983706,1,167
1.1444743697441275,1.0340399779268508,1.086160023139969,0.6299538350226249,93.29785876540518,-30429.974047694985,1,168
1.1428038664770572,1.0643521748420084,0.8839958275790667,0.5554004022555245,94.86775436055517,-30490.9770307936,1,169
1.1396084857924795,1.0346420028808492,1.11924873248504,0.6974393361804588,94.01733845871573,-30377.862012189868,1,170
1.1221326678714845,1.0122390882561505,1.5712665772087346,0.6660217874623624,94.78222244248191,-30463.289587361123,1,171
1.1421825916154393,1.06600440401006,0.0357779237181768,0.668274547571684,95.08736616988035,-30436.16312725192,1,172
1.1068698358208473,1.021325941784654,0.5659402444465453,0.5604739981219545,95.4366472584683,-30499.943918775403,1,173
1.1145793711247025,1.015874834882684,0.664291000805908,0.5635506745394393,94.05500898463274,-30426.900407795336,1,174
1.1189625520928521,1.007806859365848,0.270920240304895,0.9137457148416566,94.2147976416549,-30433.022993687413,1,175
1.1349951720917668,1.0703974154107874,0.5444277312338709,0.6709314312377392,94.06134071207707,-30504.799679859472,1,176
1.1404147852988356,1.0118330793115378,0.4050026400708855,0.6586087380254146,93.97662881689348,-30449.924701805096,1,177
1.1048374120183595,1.0225277385959597,0.6516259887149888,0.6394222650252633,94.5645413539558,-30451.979105920578,1,178
1.1619170411717585,1.0174337038540069,1.686614867542231,0.6391612374951968,96.13301531252144,-30455.121353840383,1,179
1.1475197899056344,1.0612553685579103,0.06689965923711813,0.5871870480102558,94.9766444117361,-30421.00005694693,1,180
1.0987891589632517,1.0361003065109422,0.314975099572123,0.6438484113286181,94.47466977900933,-30446.785497222223,1,181
1.1419012310232948,1.0857422724880075,0.3051779093467089,0.5534797756744932,96.69761147638029,-30534.77978535088,1,182
1.1400727458743303,1.016433775259835,1.9512942150745967,0.6171645387231312,94.25655073019088,-30532.951419076257,1,183
1.0803263816734843,1.0200059977932194,1.7278906221916324,0.5656693414460823,93.60595626025422,-30388.715436294166,1,184
1.1386906274662885,1.0040921390261273,0.39670608301357596,0.700390574425406,95.56410106321921,-30426.8963032404,1,185
1.096708876255202,1.011222330867998,0.913364757854306,0.5281431803660525,94.94892513249366,-30474.477544358575,1,186
1.1028093170758266,1.0326052163552903,0.20020937814045964,0.6259387687796639,95.01991777106086,-30348.085226197254,1,187
1.115761982663451,1.072055523011544,1.1094347503793898,0.5609924085852117,94.74694224868,-30429.408537326748,1,188
1.1131443905041645,1.0370046089019551,2.366600952838645,0.48341584502418133,94.25207434479425,-30481.44330640999,1,189
1.1008411618539953,1.0341478577198233,0.9727345900028984,0.5587947628048415,94.4157118488624,-30416.435705551496,1,190
1.1369164420381017,1.0653250095614921,0.6856194577362016,0.5751623720843299,94.3675816689754,-30408.895249691355,1,191
1.1332236981205976,1.0306307909651518,0.2023055827119322,0.7599071724762164,95.311930789272,-30438.39479456477,1,192
1.1136327899031024,1.036493911749833,1.180117265296302,0.6124047924144098,93.7889663345212,-30381.679907599344,1,193
1.0804454066183202,1.010677404211231,0.9703413283671761,0.499496522865233,93.80021551474799,-30424.020723585345,1,194
1.1433000182076827,1.0142760983358596,1.5767476314888706,0.602231994639093,94.92652929300779,-30561.266771493076,1,195
1.1224923083327092,1.0223889383983267,1.3658830213733717,0.6029394747378776,93.97639301355012,-30434.439508375865,1,196
1.1350865999376636,1.0803538969391904,0.7569025332520818,0.610441727033791,94.82089554853488,-30372.850075052647,1,197
1.0957217254657068,1.0307837978542682,0.7615759862040334,0.6832546700674256,93.07364188206604,-30315.754859221328,1,198
1.1265550211499586,1.0468382767154423,0.4151414255261348,0.5629201116521204,94.30463629068088,-30434.96076841933,1,199
1.1774534895114914,1.0451648769876414,1.6185476410320148,0.6562496241213115,96.21252365544707,-30455.36273650267,1,200
1.0809876051896037,1.0450554634828808,0.4111938631090998,0.6045286529897229,95.56907327875061,-30467.78521969956,1,201
1.1084214263007843,1.0097048839313645,0.2015895707126942,0.6775876115570036,93.96406934587596,-30508.233231223396,1,202
1.1098164869813074,1.0252587177265784,1.535128002958111,0.5172675816483577,95.47942276219898,-30476.15751383095,1,203
1.1561383763007984,1.026669860847013,1.3193653558410328,0.5692127889339877,94.12913209648129,-30504.637462967607,1,204
1.1649112189919004,1.0114045682493789,1.270437682675409,0.6412545942770786,93.35834034617173,-30572.161471652616,1,205
1.1784484656730256,1.0419457325810648,0.06088070651558472,0.6617189955790287,94.48182365407733,-30428.741442042312,1,206
1.111975070855874,1.0003599171751827,0.3048763899493083,0.6363699050312024,95.003108994859,-30450.47853419,1,207
1.1615213492906733,1.0102313866886465,1.2889892705288075,0.6448315116847941,96.35112710435946,-30626.739719234567,1,208
1.0694358825720631,1.0295588261246678,0.07900653734010524,0.8164210012455436,92.83621751572339,-30489.86703440749,1,209
1.077184011380072,1.0079006116799687,0.19624566640564245,0.580870266467208,94.87492496683565,-30432.109766121554,1,210
1.1409443121347014,1.007341115861864,0.4004396164040897,0.5429569170662046,95.06105216177431,-30489.246553117642,1,211
1.0584456214124238,1.0555974955714906,0.7326510281411354,0.48805100961982584,94.54344987807721,-30548.79327738454,1,212
1.0818286075301995,1.0255435915948317,0.39825068358904614,0.6391004204578729,93.53921953859857,-30466.42054030854,1,213
1.0962968549011358,1.0554747110348521,0.7093629156279184,0.5893801577633605,94.93051316456338,-30446.293889561544,1,214
1.131177379019809,1.0250723582604735,0.9783842647778933,0.7661324995910593,94.32990659042609,-30484.410549109714,1,215
1.1686390245266427,1.002363208558594,0.8429260851331916,0.6346350257228273,95.36323663226118,-30465.149856867465,1,216
1.1770083905185427,1.0262083281167627,1.1399067072798292,0.6933669691247979,94.7757544840426,-30469.979861854983,1,217
1.132112152508582,1.030813538228077,0.9084032166698087,0.5694508875086913,94.91847467193719,-30559.03924999382,1,218
1.1269551352808735,1.033342626049785,0.7027189068258404,0.6238073008493249,96.31835840980997,-30471.66587675735,1,219
1.0724526585877803,1.0128482964108225,0.7901553830108462,0.8489189382639236,95.52731752587667,-30376.70666578151,1,220
1.1359968601605004,1.0085941311156028,0.4131464451967477,0.6161464001833329,95.54061055334208,-30514.4634851943,1,221
1.1492842767210139,1.0072263233174985,0.7392963286345066,0.6354106018848529,96.52615653250615,-30528.038290655513,1,222
1.1083971124818333,1.0020596321002193,1.1809480425452077,0.6001798186126528,95.31581732885833,-30476.135023107287,1,223
1.1588782041905814,1.0354465727802296,0.5846739767679757,0.5741053583939763,94.33970938111295,-30440.960693393787,1,224
1.10401992482101,1.0249382511021985,0.7711647213503326,0.6383956041751169,95.88657365849585,-30408.444127325954,1,225
1.1349408538918655,1.0348719684069076,0.933354305080608,0.5582448438172637,93.91101895139998,-30375.106781693896,1,226
1.1700427799560182,1.058068140762278,1.0088781639225737,0.6119846047484448,94.57153775609979,-30383.72710314141,1,227
1.0890780888878295,1.0481133134124616,0.7994528503822573,0.5421343037090467,95.7760020058094,-30489.175180824768,1,228
1.102076372146501,1.0345686071481328,0.9681001738855884,0.7050490345454914,93.5383248124879,-30444.949654625107,1,229
1.1733051007494124,1.076464321347947,0.07517144741903684,0.5407491086123924,94.18235674313485,-30478.98110482454,1,230
1.1068058046852456,1.013940292433304,1.8426362875229871,0.6669628403413504,93.3254655626214,-30460.979564949313,1,231
1.0878572562578441,1.0047106179407197,0.05169644024514308,0.6888218814681529,96.3346522537337,-30498.561408906342,1,232
1.1163690885533808,1.0728693267331457,0.18752609589638294,0.5676621605268188,95.49504781083773,-30536.107225151325,1,233
1.156613225967571,1.0619117142721863,0.9838858329201082,0.6700066925846296,93.31589225243697,-30477.60847881747,1,234
1.1212745463289722,1.0379057297144287,0.9172242543438844,0.6824598051003314,92.66183927118256,-30476.928024284436,1,235
1.1220680923144872,1.0443895636993838,0.28035857289074484,0.5568555936541679,93.77687048511068,-30530.491578324836,1,236
1.194519452123338,1.0441068458918126,0.5143660334341337,0.657330842804236,95.14542515844117,-30526.92173148041,1,237
1.0970656312778049,1.0097947969589283,1.108666754527627,0.6353173601976477,94.75128832727927,-30417.634257210233,1,238
1.1872743766783107,1.0457472475431062,0.7192123268936105,0.5617082711043155,94.36559610203803,-30455.101617070908,1,239
1.0649100423193014,1.0520608670643308,0.10089988327471242,0.6114417901680165,94.01096355192146,-30459.095058767733,1,240
1.0958313510484532,1.0796092253881766,0.7714082219661428,0.6229208536601705,94.42190024896993,-30412.10951706775,1,241
1.1183749129444287,1.030663510347985,0.4181068410669256,0.7029918048548451,94.53114399930664,-30466.794815318757,1,242
1.1001399333951793,1.0417299218184326,1.3574610326376262,0.589382077514035,94.91768260464146,-30445.03907143111,1,243
1.1331490567846323,1.0220747155216,0.5436575400479872,0.6421808271533685,94.11189743222215,-30358.36523951827,1,244
1.2152273372389542,1.047446526110941,0.5152682854716494,0.6927808577275585,93.73812568880025,-30517.838845012793,1,245
1.160649873308169,1.0180562705668865,0.032179639960477915,0.6140927922857328,94.93478219446153,-30465.307301398716,1,246
1.1668784728962174,1.0476062251295561,0.5209503446517182,0.557009346198398,94.66371775565068,-30456.01553635687,1,247
1.0976733938758472,1.09917404780008,0.15277615684924276,0.6061982255699919,96.84916497888354,-30376.141162063846,1,248
1.1065773635025422,1.009322809924945,1.1787164377685866,0.526363221196253,95.48061023331547,-30398.61966567704,1,249
1.1597642762077554,1.0106524302116648,0.032331794109479374,0.6663579163230579,94.95400092798202,-30341.966684479343,1,250
1.1743771413389887,1.0637369559181293,0.41164913810527515,0.5992192280899216,95.3673642361871,-30502.893849018375,1,251
1.1191416167624666,1.0617921517678435,0.4651195095811546,0.5631221773746922,94.41303403784404,-30454.926016446956,1,252
1.1502208391111908,1.0356439977433975,0.16878583895329355,0.7308537673991289,93.13410950234231,-30582.912642639,1,253
1.111626742082676,1.036621173239857,0.15941113302410453,0.6401836306227848,93.77400647435326,-30536.51368494134,1,254
1.1571034646656781,1.0166613593285958,0.5463869343955068,0.5016746751391777,93.697281194699,-30397.918165615207,1,255
1.1532111221558243,1.0915753615392312,0.3961731015831135,0.6322532603703166,95.94060381669145,-30499.253377290654,1,256
1.090219040956877,1.0047207707404355,0.9446501129399512,0.6261312600431727,95.45991406539544,-30502.336418760457,1,257
1.1360787126873362,1.046200183929037,0.764138943216552,0.596257582053216,93.90689268217368,-30531.222129478167,1,258
1.1025276325900877,1.0550997057196423,0.21389829902237825,0.6238725899719586,94.40248205205752,-30435.497348510795,1,259
1.1041261002426295,1.0154650945118977,0.4381901845976184,0.6123672112560936,94.03097768244554,-30420.147522291332,1,260
1.1179174568926926,1.0295592939709521,1.119913832714609,0.5489549228536865,95.65859974632465,-30424.258455951513,1,261
1.134348916959519,1.035684670807198,1.6407794653516494,0.6297156841161339,95.2976645072672,-30346.276434119263,1,262
1.1292510966566276,1.0277351306221307,0.50271037342712,0.5803939007465468,93.01975984200719,-30556.32903444649,1,263
1.1508161661154688,1.0399678543297275,0.02633133983162077,0.6646642232716187,93.61646314247012,-30470.643306458936,1,264
1.144821372124359,1.0782965449545086,1.0500640059881832,0.5563937342763026,96.34726681542655,-30492.307041244425,1,265
1.1814899913697878,1.0074628086908273,0.18812601960355366,0.5707761274172473,96.70223798445218,-30463.922955925445,1,266
1.1423446493880443,1.0046145814063556,0.8562923859230321,0.6544942132099775,95.56096080990896,-30392.52873207428,1,267
1.1707862332044838,1.0257854260887953,0.02242025132124476,0.6526918374050704,94.34853806811053,-30364.053569147694,1,268
1.0819028963984674,1.0589080077155284,0.756608594641321,0.5937454380720413,95.4557202222458,-30473.79318343731,1,269
1.1390853652758408,1.0308709986540991,1.066134760191501,0.6929986216654529,93.75739994137257,-30524.343586896146,1,270
1.0822978522436504,1.0541808631370855,0.8258635708750195,0.5773281443017169,95.8047890967,-30519.566153827484,1,271
1.1238960629989936,1.0154768904976224,1.0416124702210618,0.5933250934363679,96.12204999029261,-30482.872900262257,1,272
1.1482766611792845,1.0191708411382452,0.6804019847685169,0.7073691588414881,95.491329305447735,-30551.949251676164,1,273
1.1269363216738477,1.0166250529147576,0.3901960971606851,0.6227155384597189,93.34958191663947,-30336.09485297465,1,274
1.0933480194430838,1.032857301824541,1.176464397481071,0.6099340362236337,93.83389172442834,-30430.09830787567,1,275
1.107987619939124,1.0434043465978133,0.16618670468761607,0.7536493054145751,94.1098565389683,-30432.211972822297,1,276
1.125534036422835,1.0577339498050897,1.3213035142311227,0.4625228416378554,94.91165895406377,-30400.188318794804,1,277
1.1421414932515985,1.0726561792121971,1.0953404270319478,0.5637376624690945,94.88165396127914,-30448.763856260433,1,278
1.1333797240863233,1.0245130501519937,0.6337531799477228,0.5992723846513416,94.20310169403054,-30522.565612901384,1,279
1.1212458205712674,1.0315405780236628,0.3033387036635819,0.6871390897736201,94.88717147333035,-30441.448617408605,1,280
1.1740827267556182,1.0353813114064498,2.986898607953477,0.6297851181590223,94.75761563695531,-30444.333851323066,1,281
1.139012492058596,1.024690287855986,1.7257097961118826,0.62464568952003,96.22636079110517,-30542.73256572924,1,282
1.0994627708536273,1.0305700503891466,0.3851037475755832,0.5713132878947781,94.72598029850793,-30491.24031929354,1,283
1.1286690259305816,1.0465077155952895,0.897624351703638,0.6817258580370161,92.19672314136574,-30469.59902128903,1,284
1.1231748411788334,1.0492803126970487,0.10560470740606856,0.6239046996856077,95.79145401254809,-30427.838420583885,1,285
1.0811113535520929,1.0449978164919869,0.7085286759922149,0.6318794233303319,98.04377105001802,-30528.06722900765,1,286
1.1131738617606122,1.0028210697627635,1.570072766706218,0.6021321728499881,95.36186191051095,-30436.811129007197,1,287
1.1106207374647428,1.0177988618323937,2.3750888432625703,0.5745572514814087,93.24104680125741,-30319.047235525883,1,288
1.1210453216340817,1.0368375850350109,0.9538217369182429,0.734255855471518,92.91752290497895,-30469.434094007975,1,289
1.1356776816626843,1.0033692996389616,0.7963072634632379,0.6493944982904831,95.00170370755086,-30440.095771795688,1,290
1.0941369558162877,1.0909871769750619,0.9760959277467357,0.5088305331364802,95.39877508209179,-30473.789104070707,1,291
1.1748980140610168,1.071053878609739,0.3440680486180791,0.780887261541404,95.02489478392917,-30442.67746071474,1,292
1.1406156356605415,1.0125060737535718,0.29731186919967567,0.5910968317559903,93.79488829107468,-30528.36806378645,1,293
1.12262349091732,1.0144764124445595,1.0420470576514826,0.598332561988078,94.55032397294781,-30439.497505239633,1,294
1.1703078103777855,1.063291088183664,0.9967452379399994,0.5394206216532618,95.33352257508245,-30403.168647122475,1,295
1.1611070117007007,1.0212589750355816,0.6351131405959862,0.5937619994230663,96.28896266482529,-30504.973702261377,1,296
1.1713982762970263,1.0502304857622637,1.0763540101945293,0.5805136838006987,95.08131980371945,-30395.779871488554,1,297
1.1405115537390642,1.0051836632588307,1.1836974877715767,0.646332269500752,95.17702617328135,-30453.08997206589,1,298
1.122847480234138,1.0346118412268046,0.10252619300855659,0.6657971935815798,94.46510836349091,-30490.73473067253,1,299
1.105469241014539,1.0087472943707219,1.1467303624321314,0.7350647813249692,94.38644102602446,-30481.9280942314,1,300
1.1470189521904401,1.0630227960753187,0.43279448584035124,0.6664532692800341,94.40851197596531,-30473.79192281474,1,301
1.1229007537283648,1.0211554994384573,0.8970983683008533,0.5796806776461668,93.99158493975312,-30413.325091345283,1,302
1.1222587266281012,1.0365244273675351,0.1309706358962083,0.6084166698386672,94.33812054254838,-30462.617592937924,1,303
1.1809237251226825,1.0572014633547835,1.0955120384178063,0.6003442325130851,94.77670670866888,-30362.06503116909,1,304
1.1293227510376518,1.0035517834948149,1.8537121326428507,0.5763746895249595,95.07357895255572,-30388.92792764311,1,305
1.1231149624915195,1.0539173304811573,0.5643822526912775,0.5710181433020172,94.7499115137152,-30430.865781049106,1,306
1.1193383995835406,1.0062312292261728,0.29792061078266263,0.563868055607947,96.45672881088211,-30559.076990127945,1,307
1.0791111128315356,1.0035871199320658,1.4257505898108493,0.5948290835095632,95.98356991196302,-30427.477590908187,1,308
1.1518740061957249,1.0273254573927355,1.4717798815870715,0.5898426265727426,95.62225514008774,-30448.60013926306,1,309
1.0897002166754333,1.067029555972315,0.2898483919281047,0.654484117948484,94.88692209927663,-30329.95724805004,1,310
1.1253493589736334,1.0129595485243583,0.3219521369961313,0.6785888455441953,96.28702148017943,-30379.99317896635,1,311
1.169873306221991,1.0163037984753978,0.4504448964287217,0.5986618901385782,93.38344587680498,-30456.439729832688,1,312
1.143453951748152,1.0192419666769317,0.875848689785768,0.5254401262361308,95.07077055111021,-30492.578334243153,1,313
1.1083757137208434,1.0131419396578032,0.11362123427417845,0.538135373947962,94.80246093229471,-30471.486735634797,1,314
1.1289955310623485,1.0082223293166215,0.4339370066658747,0.6045837545320121,94.05631922700313,-30472.809601496152,1,315
1.1506392679222264,1.044567553784357,1.450120789412795,0.6551867276716219,93.95800352677232,-30399.37600889487,1,316
1.0971786589425498,1.0244030245026863,0.7416272132858707,0.6056718084328307,93.77215504332646,-30525.365786011454,1,317
1.120016442906979,1.0279753786932302,0.78912303413847,0.5571637642336039,93.9701094193061,-30503.05858265146,1,318
1.1188827182017853,1.012717345062741,0.4435672270442735,0.6189224410794846,94.89481836945198,-30489.529208555,1,319
1.1237000855468726,1.0285377409742196,0.8306733565592991,0.6974856741871821,95.18497343717367,-30518.35220344327,1,320
1.1483516146347923,1.0314101251889198,0.2974581104395841,0.6729645586608832,95.4801292158709,-30433.827091494288,1,321
1.1645843978516348,1.057723250517562,0.2828433114647032,0.6631377982008765,94.75694647346529,-30531.86495549623,1,322
1.1332560252233164,1.0705324925716024,0.45423758075117765,0.5592189453838696,93.60987758369409,-30522.70619072977,1,323
1.121548966714606,1.0200908340837804,0.3948362660278149,0.5918716380210963,95.08013964201115,-30466.39237346517,1,324
1.1283506325198809,1.0116840313300477,0.4477473147519608,0.5709567875096899,97.80368618200751,-30438.927318942835,1,325
1.1346430088472776,1.0142100648905494,0.42908939160102755,0.6774551806449133,94.98358045597915,-30385.09988053192,1,326
1.1325251761937236,1.026547250769761,1.7370998039761458,0.5517829899194358,93.90928211011015,-30411.09660873693,1,327
1.106241775104231,1.004847804653589,0.44081254521201935,0.6826072047456535,96.31886452944218,-30512.50530340644,1,328
1.077219166426731,1.0276422586175342,0.07819547259709679,0.721224291099168,94.1298072284868,-30451.285124459206,1,329
1.1513874768733177,1.0486559021638224,1.4061177688639654e-4,0.597520908842327,94.7828860741978,-30508.50538316964,1,330
1.1218114147316982,1.0335600132885845,1.4479625065727038,0.6380581108343244,95.02050022141297,-30431.55776227909,1,331
1.1094914310215125,1.0061992369451436,0.3971045675211746,0.6062917858399919,94.6318596099808,-30499.942795211213,1,332
1.1007877963131616,1.0243618470617268,0.11231640828302653,0.5753767214591852,94.93632694784321,-30408.29815503444,1,333
1.1884200789293806,1.059792723828812,2.5255564598780706,0.5114123453984969,95.84631382521044,-30451.53829168376,1,334
1.1480028726734517,1.0682099024209484,0.5732175539413648,0.5564860315822127,94.89625149152393,-30362.049309253798,1,335
1.1011879775460787,1.0044161918669323,1.23938708308467,0.5970063965014706,95.0671340333042,-30422.786467034417,1,336
1.1616362332265462,1.0044268020582008,0.13267157712634425,0.5667133338182088,93.55126193300444,-30365.17498270696,1,337
1.1649455282779717,1.0134435428047415,0.2640617053816602,0.5574552717701668,95.94667319884338,-30545.511083388417,1,338
1.1814760613015587,1.0425334009342324,0.5889173680861626,0.7028281327550461,95.2423049727365,-30414.56715293221,1,339
1.0753023995912623,1.029185309303384,1.0874901374295902,0.6540789474762264,94.73301793149312,-30382.075902969515,1,340
1.172547947804179,1.0357636106711865,0.3550916669028919,0.5806770848438778,95.73064143599606,-30401.38778413125,1,341
1.0948686396885838,1.0291365626469737,0.7429609661638664,0.6750127833387783,95.2082400435023,-30438.55497884762,1,342
1.0913881513702803,1.0136874324179128,0.3883035515636845,0.6093404860668585,95.7411739276212,-30442.15218867524,1,343
1.0412479739054796,1.019934349624591,0.05053559777462657,0.627844618537061,94.75516198001728,-30503.262508383432,1,344
1.1365826756343727,1.0734440278012574,0.06013754300851213,0.6870648032039247,94.84751210553469,-30447.34321232124,1,345
1.1323271726143314,1.0463469184295615,0.8795426336217748,0.6621638692867822,96.4735111379658,-30408.079763343467,1,346
1.0887011728943896,1.0331864961209123,1.3448636265815603,0.6409406045080205,95.4795129927872,-30447.064681182255,1,347
1.155069936519241,1.0082574373978885,0.23848838730108843,0.7116401444663537,95.5075187255498,-30456.18900546251,1,348
1.1504443210117394,1.0497710677268417,2.019029681767154,0.5631104697543172,92.88406600989849,-30542.815152938947,1,349
1.1672891413338071,1.0610068881678711,2.3201439082037822,0.46395930534731256,93.8480913331526,-30446.390660967958,1,350
1.164531988777712,1.0857022571007078,0.316031911642157,0.6396907234061306,93.26768447590884,-30443.88892029363,1,351
1.1103870656888912,1.032222560051653,0.286905419185416,0.5643120672943845,95.38298320868599,-30470.9507672057,1,352
1.0738785081161586,1.0274425315008227,2.4496345396570938,0.44492606715337557,94.11394650016464,-30383.95014609805,1,353
1.1471983487940272,1.0415813252293122,0.18513212525094105,0.6450744356280875,94.8464565814883,-30432.777775437815,1,354
1.1083110703017762,1.0395849444528475,1.0359753943713377,0.4542374003768699,94.81925005900742,-30468.352605148928,1,355
1.119388814194518,1.05215451029304,0.2795545033042822,0.7121809401399858,94.52651103586591,-30542.772583646776,1,356
1.1205921468350373,1.088090560124857,1.7390868069716172,0.6146437774716387,94.97097262176898,-30420.06449424488,1,357
1.099166172196862,1.008389620120557,0.5199046249595145,0.5754219644750065,93.8419315173367,-30463.904044218656,1,358
1.0994073293756494,1.0791082794596765,0.2614842814317,0.548571953516078,93.29082838874425,-30404.22420637178,1,359
1.0766958503045312,1.0238963505747622,0.8096858659349415,0.5632802065436626,93.97809884076703,-30497.25274216502,1,360
1.119341920093564,1.0854227101974168,0.41116963894885994,0.6122068006653201,93.88522595599329,-30431.05097108385,1,361
1.1189838805243024,1.0495891808150237,0.2140819881699195,0.6159531420330778,94.29919547362047,-30500.255135775322,1,362
1.1446723711434057,1.0702921291228282,0.7044687735425185,0.625994419791386,92.92908413347313,-30446.057828424906,1,363
1.156232122026898,1.0162596892969893,0.49920890237524046,0.768790370932793,95.03204960894632,-30477.897571678837,1,364
1.1043435013665845,1.0162637057414123,1.8352979809582024,0.5005578848947938,95.71949659968327,-30468.680152005254,1,365
1.1552029908624928,1.0241825127748183,0.028999842630172523,0.6985579680127203,95.05202895099481,-30448.284407124636,1,366
1.1010805747852292,1.041805003106988,0.7362913645701267,0.6175715379939806,93.72518961693866,-30500.607496976783,1,367
1.1381131867462422,1.0379781045524505,0.5467229086047116,0.6246156085125093,95.66254279167215,-30575.222613537975,1,368
1.1184368370894076,1.039986042594458,0.10250722643468951,0.7099845835486497,95.02835872173479,-30511.37673210382,1,369
1.0868668236639467,1.0208231337575198,0.054159778370427805,0.6471617149545165,94.8948609262934,-30437.336788235563,1,370
1.1369017324280977,1.0141226477859135,1.6032774915454053,0.5838010791039343,94.91212991673959,-30427.124442633063,1,371
1.1206232499535496,1.0395913413116882,1.6378516769953946,0.5253680285777359,94.09436649225961,-30485.370703592664,1,372
1.0734369747537016,1.0100305709833481,2.323114129990899,0.6488664123568451,94.44880962152685,-30423.162755675516,1,373
1.11334003838212,1.0409319130277295,1.5514449994145085,0.6292004509191785,95.23078586558469,-30437.643106755746,1,374
1.1645616282962774,1.0084117707789602,0.223353576579965,0.7170646594873038,93.66331049204115,-30464.035203212854,1,375
1.1208253416701073,1.0297207416910321,0.1768131346640577,0.7193102244025698,96.31352496286851,-30375.820254234914,1,376
1.16054386307551,1.0349632346937778,1.418518225110251,0.5805494277001675,95.34323706086776,-30416.298646378058,1,377
1.1523042344454164,1.0271095275624231,0.30661218903713505,0.5787013763780009,94.47653152725377,-30452.23038370315,1,378
1.1249463622311806,1.0455043656431233,0.7926242473112872,0.6263776603005585,96.37056747275739,-30431.900629911728,1,379
1.1529719026059946,1.0278707140442374,1.3934837335013215,0.5713119206968128,94.66608478940012,-30434.657203524184,1,380
1.1621594231799297,1.0088937700836929,0.09938795699633726,0.6053258935416023,95.75797938785121,-30505.103171166,1,381
1.102634528915374,1.0310583184921878,0.5505384347623725,0.6954546586476075,95.00264293312621,-30423.920856942972,1,382
1.104803885764223,1.0438678765078755,0.23629031351051943,0.6389850097643537,95.1451536297688,-30416.618256621314,1,383
1.1071470852273058,1.0079097699674924,1.8693931326452968,0.6169101621014985,95.7880955592346,-30488.480878834154,1,384
1.1204640141698783,1.0208077206430775,0.25787224655746954,0.49496586825088007,94.58339724166427,-30349.978552977194,1,385
1.1498387116604956,1.04173100944155,0.4127237068800043,0.772819127657185,94.37799195251263,-30332.439127133297,1,386
1.135471374695062,1.0514564252821652,1.2106478170170112,0.5600168391231268,94.08822170921438,-30441.05020678027,1,387
1.1638772666340278,1.054877312460388,0.6954271291095887,0.7463605875207276,95.22998352816971,-30394.488433672042,1,388
1.1334201406876137,1.026147846093039,0.2021291123132774,0.6152724319377164,95.57308035138384,-30438.221000140664,1,389
1.1428985742562767,1.0425273960668404,1.1811116216386932,0.46931286598343636,95.1490735872087,-30500.585625544925,1,390
1.0799884325299383,1.037766252652415,0.9397954743002557,0.5661259764285018,94.69831693909248,-30465.067193993782,1,391
1.0902263787391362,1.0545313098670326,1.7193008821052809,0.5913310559616632,94.95127975705859,-30509.57893597997,1,392
1.112210660393203,1.0071075459878533,0.12733843399399897,0.636404571488118,94.98602019343191,-30395.26247066706,1,393
1.1020022324738556,1.0111590479748696,0.12854117964394302,0.553607180858856,93.31124712490069,-30427.57776838238,1,394
1.1495491341513486,1.0157346430606926,0.23686972498533132,0.624976477646971,93.51552627775335,-30437.08503826875,1,395
1.1609374003892217,1.0553641644943808,0.8192974985177796,0.6548945389139632,94.80241900654923,-30506.705028720808,1,396
1.1785402989893239,1.0564861727052144,1.034120322038874,0.5636402235854282,94.29944326476536,-30409.414409653942,1,397
1.0962846638604002,1.037778969682685,0.585394839848708,0.6014745182781503,94.18592725224686,-30606.471803015465,1,398
1.129995018022934,1.0402145512307173,1.977337430910585,0.6106007456051644,96.05756679950773,-30485.409314311302,1,399
1.1489023119960287,1.0256067426105056,0.4358806056028586,0.650043974989568,93.68109577662847,-30382.156294398996,1,400
1.1040690674467784,1.0391490166177892,0.8475620972522646,0.5354415378336944,94.71417466776867,-30444.060055969105,1,401
1.1400306626777286,1.0468357179303658,2.4219339045291584,0.5655264710574206,94.42680981493953,-30471.00075962353,1,402
1.1079169851618023,1.0007025696002338,0.18097553176786382,0.6184483006211737,95.40126936938412,-30413.684806011624,1,403
1.1412636413035377,1.0764177557800798,0.529604772810153,0.6372799711279638,93.33566807088047,-30390.804790716564,1,404
1.1800283832519518,1.070813735283958,0.9840734852437547,0.6395734330258636,94.90117688268826,-30363.140915152468,1,405
1.0771727154012778,1.0433652322565357,0.7828794971648205,0.48170926671121717,94.80279763765834,-30473.29078690154,1,406
1.1685969256805413,1.0673350228309058,0.11643147696763712,0.619482182231345,95.12276637216694,-30543.47797685957,1,407
1.1166630275204672,1.0226925277060337,0.6847507647618156,0.5024783692645521,94.63877531861428,-30458.144708196334,1,408
1.1231549620943275,1.012937886061102,1.4881748709642406,0.5912500429413082,94.86240038991623,-30443.55953943934,1,409
1.15541753124542,1.0651316988868444,0.30057552368906904,0.5503764145866139,95.18827123948252,-30382.483921218023,1,410
1.1322310583405677,1.0519561635687198,0.03558016422248782,0.6684630461965456,93.687399094317,-30485.94519201852,1,411
1.1224135881419157,1.0580658891182575,0.035334408095910756,0.5266398656637582,93.53035930892989,-30524.024507855647,1,412
1.0951744774094188,1.0419462058917222,0.21525772887212333,0.584213551587066,94.32112115660411,-30427.35064915143,1,413
1.1369659217145676,1.0379912833849951,1.1306743798739034,0.613490528638416,93.45093731758514,-30475.5775682489,1,414
1.1468156331301251,1.0575600559739273,0.1756110068015167,0.6491709154467564,93.48526959387495,-30314.57372077064,1,415
1.159379202198677,1.1205997412476285,1.0233462772587658,0.6782498817118957,93.88597672954629,-30405.499612371645,1,416
1.1443655319891517,1.028085106165455,0.23730730885266244,0.48500865297155465,95.5523035424083,-30424.84595327453,1,417
1.063753302390568,1.0007853651533971,0.9458989585354157,0.6864103170516923,94.02834238808315,-30560.719153770904,1,418
1.1264162664088078,1.0319866902359176,0.3690401229799815,0.6445113021613698,94.57805809804617,-30425.24784972244,1,419
1.1241558086824261,1.0276561807765219,0.19927008100754798,0.5507350696551401,95.28516996695005,-30467.969220620213,1,420
1.1282608123981552,1.054929894722686,0.23927859855327493,0.7203377139681836,93.70265450287447,-30529.83797133191,1,421
1.1161483765899978,1.0232374557978974,0.5747843323302968,0.5472341813949462,93.81412107647692,-30442.488573141323,1,422
1.151356725356286,1.038261456479183,2.0051772324709116,0.6624060977998681,95.72047262215385,-30425.261635934177,1,423
1.135822405716713,1.043678868859988,0.30567299214714305,0.5527232119880763,95.2753870899214,-30481.00515616365,1,424
1.1620404792883123,1.030037624729151,0.09128823494051128,0.675499942105724,95.30089976837569,-30477.617956905564,1,425
1.1700664261732887,1.0674377700579178,0.9581010991024721,0.5762561340549824,93.89989896266137,-30408.13042297077,1,426
1.1569431674406334,1.040401563525686,1.5187214099052213,0.5662276265141142,96.62183425902785,-30462.425373963506,1,427
1.102172773052189,1.0152401975369638,1.3483217412774828,0.6839131790127967,95.8715210996541,-30371.570131720502,1,428
1.1328905494555157,1.013422055998578,0.469404713817394,0.6241547085121313,93.79606076107926,-30487.53641251094,1,429
1.1460599538149048,1.1076965164690122,0.15900401938413736,0.6273989228695148,94.6602130504099,-30480.054561109795,1,430
1.151345732420702,1.0282847154556998,0.4058922971915635,0.510875706284142,95.35751554475085,-30511.530416837515,1,431
1.1237098727484571,1.0268181912732623,0.1424245418158257,0.6691668002016257,93.91822992330832,-30417.61390857514,1,432
1.0991704845921788,1.0739749639615803,0.6986513698980229,0.5462856182743587,95.17238878539979,-30469.750347718964,1,433
1.1405499526132417,1.0283510099170594,0.911099593962897,0.5684159025122512,95.4726183151998,-30422.913126982006,1,434
1.050069453931133,1.0170840614422911,0.45125367548904244,0.5508807432664126,97.09816394458969,-30539.266382876835,1,435
1.1303034202077815,1.0359889218103224,0.36761768884760726,0.6379419863466019,94.29692935810198,-30363.318802445512,1,436
1.0948167085039908,1.0292278263430703,1.3599957778490057,0.6505285224467979,95.51325287521938,-30472.10999200138,1,437
1.1082309188308206,1.0089868538701479,1.4650993139888575,0.5580181499723119,95.30948935146479,-30407.409184546406,1,438
1.0974072875422374,1.0333083720589136,0.5279703105330611,0.6649850949840941,96.14103662421202,-30490.907111334778,1,439
1.1124884023094468,1.0400066824567278,1.8580367871406391,0.6562683655188746,94.34030131825037,-30424.92745649453,1,440
1.1076410209444714,1.0537133836172676,1.1943729823219997,0.600000512979777,94.50971046613326,-30496.588609434875,1,441
1.1243958354263508,1.0595776720719894,0.6568394051402837,0.7249486546337058,93.68203829877194,-30469.633585378728,1,442
1.1244903752452335,1.0232430476779055,1.2572092839384472,0.6554602687703414,95.04485175494325,-30502.74507567688,1,443
1.110698856821858,1.0165711437098728,0.1593508275326199,0.5902500215234435,95.77024517836027,-30491.591796964476,1,444
1.1197565114112948,1.0533868094906762,0.4757140224812447,0.599432673105689,94.8970379721385,-30417.918194678212,1,445
1.1061409976591263,1.053962053931056,1.3648219669360628,0.566977666158734,95.3812927284381,-30430.86112638745,1,446
1.0712541628970964,1.0250877250382682,0.8179484931316668,0.5064600776028128,92.69597908419057,-30505.60284139637,1,447
1.1133852715953707,1.0229998045397053,0.5186247613967735,0.6758414146793349,95.33573855222153,-30460.88124285166,1,448
1.129382983999088,1.062883786241249,0.6222967319009103,0.7127829991141771,93.32213242490933,-30418.183225607136,1,449
1.1206205565965603,1.042139149458749,0.32381742987443984,0.5750818622025449,95.95557277259141,-30536.724117393293,1,450
1.1059967869442715,1.1115480416178651,0.6908874406289164,0.47629642663187427,95.5270218586192,-30386.260598521956,1,451
1.1513758846321054,1.0340276583888661,0.07891896501081258,0.6645781981767025,95.31462505654986,-30430.31823810978,1,452
1.0970469513192278,1.0375536675177652,0.38394672900817234,0.6691565947735645,94.3213718316555,-30383.92562258511,1,453
1.1504512735903745,1.013354186409568,1.8252683829863308,0.6438979864195539,93.37856016487227,-30359.10292861269,1,454
1.110939287166272,1.0233839035676322,0.02632249321930156,0.6316483196210481,95.5219460115975,-30481.106332288222,1,455
1.0964784177462694,1.0814442239072792,1.7912313328207479,0.740245945666668,93.64252350663382,-30397.44070308814,1,456
1.1295537356027687,1.0471058347263569,2.6235352424044573,0.5296284953122481,93.53197915895545,-30443.958128186146,1,457
1.1648313211399435,1.0582612008859156,2.3217069639896075,0.6146209435435173,93.85948401826228,-30547.075026706534,1,458
1.108246524215319,1.0165803432457294,2.1556272493615927,0.49852844961617887,94.71387363944645,-30493.602215725004,1,459
1.0986088167842862,1.0223519065236,2.270305398220774,0.4488505544939185,95.08613506440612,-30425.65277649452,1,460
1.1197886250945484,1.0036221570448347,0.10495786771280885,0.670887493603398,94.85947604387498,-30373.16113009325,1,461
1.1498507142478651,1.0236776274125268,1.545324551594154,0.5782490730954946,94.44565201507753,-30456.483636859186,1,462
1.1275181331121307,1.025113347208221,2.3617766211015763,0.5898288560030674,95.33923523741721,-30372.980778458998,1,463
1.1618810365877212,1.0378528881873592,0.4510661136436593,0.6746756613794337,94.72276510086353,-30451.777645673195,1,464
1.0925593804207818,1.0050053170203594,0.09445046678073392,0.7037325095107588,94.18650010406746,-30403.4728463579,1,465
1.13068386723875,1.0325028229949171,0.5486636756749349,0.6412210223745802,93.18310488198489,-30465.223950749736,1,466
1.124830008394578,1.0571526956518924,0.4597302355001756,0.6364510732521307,95.63564194229141,-30455.837353615894,1,467
1.1392224839295113,1.0276823492021934,0.5395620365493019,0.7569098027152005,94.28724897181718,-30381.745729232094,1,468
1.1408106996943146,1.006334507103952,0.5285445708934812,0.5514788347990438,94.81985283748632,-30533.145881351356,1,469
1.1543331712430143,1.0235187583687688,0.5081146928185007,0.7108980488715779,93.96493077684437,-30473.352757881552,1,470
1.1000629465383547,1.0071402758233734,0.26697078910181055,0.6692909168497544,93.89887663053746,-30403.87920793171,1,471
1.1132435786653059,1.0016401825017993,1.4976847190274352,0.5197845978525317,94.22682331155501,-30434.6610995116,1,472
1.0772271631766575,1.0746471913497153,0.04100247282258267,0.6129132614011685,95.69172446049862,-30406.417047508196,1,473
1.1094273099465104,1.0255687527667332,0.5721048994373029,0.6814224082855915,95.5487086870433,-30541.338162777614,1,474
1.0951639149553258,1.0381597402108915,0.7712038401052329,0.5553086822766096,94.72808618436139,-30452.49566629416,1,475
1.1149100645165406,1.0153376611745457,1.254117163313137,0.6980323504967548,96.73225518927507,-30466.691411684405,1,476
1.1004151048746356,1.016233207073271,0.8655332224313631,0.6512877967114433,95.07166100829635,-30446.790422627702,1,477
1.1311600778706685,1.0043441950977885,0.5310516436674149,0.5978794728295148,95.32688204837385,-30434.70714441147,1,478
1.1056638505296708,1.0740544977145523,0.8093619202301585,0.6488322550883434,93.94486379429267,-30370.350810311167,1,479
1.1931064926484565,1.0161722376557063,1.6921623952843137,0.5458510728488553,95.21389103406301,-30399.875807221084,1,480
1.1580847521686488,1.0514513059082486,0.1526779358531987,0.6897492375012431,95.25276721289613,-30549.1675688543,1,481
1.1667118406683918,1.0412980047795346,0.05122302398551304,0.6257926312243237,94.05122490346334,-30356.45512837834,1,482
1.0894427297147893,1.0356064907905334,0.33150306896632453,0.7541096631539519,95.39393014638549,-30555.45451360806,1,483
1.0966939193793734,1.0300768050321645,1.027746253922536,0.5746634761140508,95.45953891845971,-30448.107107912576,1,484
1.115416257532118,1.0657559030295891,0.19987969929010513,0.5706029909065554,95.04058377744967,-30492.00414495926,1,485
1.1128226508134054,1.0130546232466733,0.2728785876553718,0.690271046640877,95.63652849465784,-30532.398550945418,1,486
1.1550215530812353,1.0302082395288286,0.37091075040752064,0.7009803762125387,94.69717978426237,-30437.342976925287,1,487
1.1356743130418896,1.069546520238624,0.028140244989947407,0.6360086924767461,93.08134222585923,-30440.85320885636,1,488
1.1253229761335968,1.0187083142946254,1.1055848212384396,0.5914752453043991,93.89840926034931,-30452.264659013625,1,489
1.1116665906013588,1.0016757141900678,0.9432228185088272,0.605597090515194,95.61842642106022,-30555.41499905208,1,490
1.0981237210005548,1.0064056462850581,2.0091446534367075,0.5663926436791223,95.65887382138713,-30505.622030316958,1,491
1.1495340228893922,1.0166368872102982,0.8949245904531471,0.5887626836717772,94.3725392105054,-30453.010018390512,1,492
1.193890463188818,1.060716889896733,2.9890293508438517,0.5148190493110815,96.98250175758297,-30396.142788988633,1,493
1.1407966029808079,1.063425151111245,0.9002964673685149,0.5469239010070743,92.99441947936475,-30556.08114620099,1,494
1.138565832766699,1.046319987060598,0.47431818019341665,0.6594749593404317,94.72934702075683,-30426.812266606532,1,495
1.1566817456895133,1.0121708744191973,1.120849151099288,0.5976211081777583,95.49555457111396,-30450.008752766917,1,496
1.1581043939021771,1.0399039572303466,0.5556190684652696,0.684283550891325,96.21102185448099,-30521.424713530472,1,497
1.1280591074637432,1.0477280122318633,1.3909516142616734,0.6085198672004397,94.20184791145375,-30390.53780243913,1,498
1.153755879450803,1.0097618322663584,1.0747402326886644,0.7191670623393902,93.33060617969988,-30504.56392401346,1,499
1.1218724016142427,1.062813290113873,0.17736273181252774,0.6845347446333238,95.52233565544091,-30475.787962271166,1,500
