Plot Title: St33_Sonde_20Aug2017,,,,,,,,
#,"Date Time, GMT+00:00","Temp, °C (LGR S/N: 10517216, SEN S/N: 10517216, LBL: Temp)","Intensity, Lux (LGR S/N: 10517216, SEN S/N: 10517216, LBL: Light)",Coupler Detached (LGR S/N: 10517216),Coupler Attached (LGR S/N: 10517216),Host Connected (LGR S/N: 10517216),Stopped (LGR S/N: 10517216),End Of File (LGR S/N: 10517216)
1,2017-08-20 09:24:34,19.092,0,,,,,
2,2017-08-20 09:24:38,,,Logged,,,,
3,2017-08-20 09:54:34,18.045,0,,,,,
4,2017-08-20 10:24:34,14.996,355.2,,,,,
5,2017-08-20 10:54:34,12.11,1636.1,,,,,
6,2017-08-20 11:24:34,12.013,473.6,,,,,
7,2017-08-20 11:54:34,10.455,30311.3,,,,,
8,2017-08-20 12:24:34,12.11,46844.8,,,,,
9,2017-08-20 12:54:34,13.654,49600.3,,,,,
10,2017-08-20 13:24:34,12.98,38578,,,,,
11,2017-08-20 13:54:34,12.013,31689.1,,,,,
12,2017-08-20 14:24:34,14.134,55111.5,,,,,
13,2017-08-20 14:54:34,13.173,41333.6,,,,,
14,2017-08-20 15:24:34,12.98,41333.6,,,,,
15,2017-08-20 15:54:34,13.461,41333.6,,,,,
16,2017-08-20 16:24:34,14.804,46844.8,,,,,
17,2017-08-20 16:54:34,14.517,38578,,,,,
18,2017-08-20 17:24:34,17.094,44089.2,,,,,
19,2017-08-20 17:54:34,21.378,24800.2,,,,,
20,2017-08-20 18:24:34,21.855,11711.2,,,,,
21,2017-08-20 18:54:34,25.125,15844.5,,,,,
22,2017-08-20 19:24:34,13.654,5166.7,,,,,
23,2017-08-20 19:54:34,10.944,5166.7,,,,,
24,2017-08-20 20:24:34,8.581,2325,,,,,
25,2017-08-20 20:54:34,6.978,828.8,,,,,
26,2017-08-20 21:24:34,6.064,183,,,,,
27,2017-08-20 21:54:34,5.655,10.8,,,,,
28,2017-08-20 22:24:34,5.757,0,,,,,
29,2017-08-20 22:54:34,4.727,0,,,,,
30,2017-08-20 23:24:34,4.102,0,,,,,
31,2017-08-20 23:54:34,4.519,0,,,,,
32,2017-08-21 00:24:34,3.472,0,,,,,
33,2017-08-21 00:54:34,4.207,0,,,,,
34,2017-08-21 01:24:34,3.998,0,,,,,
35,2017-08-21 01:54:34,3.683,0,,,,,
36,2017-08-21 02:24:34,3.893,0,,,,,
37,2017-08-21 02:54:34,4.102,0,,,,,
38,2017-08-21 03:24:34,4.311,0,,,,,
39,2017-08-21 03:54:34,4.519,0,,,,,
40,2017-08-21 04:24:34,3.683,10.8,,,,,
41,2017-08-21 04:54:34,3.367,398.3,,,,,
42,2017-08-21 05:24:34,5.347,968.8,,,,,
43,2017-08-21 05:54:34,5.141,2927.8,,,,,
44,2017-08-21 06:24:34,5.552,6200,,,,,
45,2017-08-21 06:54:34,6.37,8611.2,,,,,
46,2017-08-21 07:24:34,7.381,17222.3,,,,,
47,2017-08-21 07:54:34,8.182,19289,,,,,
48,2017-08-21 08:24:34,10.063,31689.1,,,,,
49,2017-08-21 08:54:34,11.236,30311.3,,,,,
50,2017-08-21 09:24:34,11.819,33066.9,,,,,
51,2017-08-21 09:54:34,14.804,44089.2,,,,,
52,2017-08-21 10:24:34,17.094,93689.5,,,,,
53,2017-08-21 10:54:34,19.948,121245.2,,,,,
54,2017-08-21 11:24:34,20.71,115734.1,,,,,
55,2017-08-21 11:54:34,21.282,93689.5,,,,,
56,2017-08-21 12:24:34,22.908,74400.5,,,,,
57,2017-08-21 12:54:34,25.416,93689.5,,,,,
58,2017-08-21 13:24:34,30.457,93689.5,,,,,
59,2017-08-21 13:54:34,36.295,99200.7,,,,,
60,2017-08-21 14:24:34,27.862,30311.3,,,,,
61,2017-08-21 14:54:34,33.639,104711.8,,,,,
62,2017-08-21 15:24:34,27.272,85422.8,,,,,
63,2017-08-21 15:54:34,28.06,55111.5,,,,,
64,2017-08-21 16:24:34,25.902,49600.3,,,,,
65,2017-08-21 16:54:34,21.951,33066.9,,,,,
66,2017-08-21 17:24:34,20.615,27555.7,,,,,
67,2017-08-21 17:54:34,18.806,16533.4,,,,,
68,2017-08-21 18:24:34,14.23,21355.7,,,,,
69,2017-08-21 18:54:34,12.98,14466.8,,,,,
70,2017-08-21 19:24:34,13.461,16533.4,,,,,
71,2017-08-21 19:54:34,11.236,5511.1,,,,,
72,2017-08-21 20:24:34,10.063,3272.2,,,,,
73,2017-08-21 20:54:34,9.077,731.9,,,,,
74,2017-08-21 21:24:34,8.68,139.9,,,,,
75,2017-08-21 21:54:34,8.382,0,,,,,
76,2017-08-21 22:24:34,7.381,0,,,,,
77,2017-08-21 22:54:34,7.28,0,,,,,
78,2017-08-21 23:24:34,7.28,0,,,,,
79,2017-08-21 23:54:34,6.573,0,,,,,
80,2017-08-22 00:24:34,6.166,0,,,,,
81,2017-08-22 00:54:34,6.573,0,,,,,
82,2017-08-22 01:24:34,6.064,0,,,,,
83,2017-08-22 01:54:34,5.552,0,,,,,
84,2017-08-22 02:24:34,6.268,0,,,,,
85,2017-08-22 02:54:34,6.877,0,,,,,
86,2017-08-22 03:24:34,7.079,0,,,,,
87,2017-08-22 03:54:34,7.983,0,,,,,
88,2017-08-22 04:24:34,7.782,0,,,,,
89,2017-08-22 04:54:34,7.682,107.6,,,,,
90,2017-08-22 05:24:34,7.28,807.3,,,,,
91,2017-08-22 05:54:34,7.481,2583.4,,,,,
92,2017-08-22 06:24:34,7.882,6200,,,,,
93,2017-08-22 06:54:34,10.455,9300.1,,,,,
94,2017-08-22 07:24:34,14.804,10677.8,,,,,
95,2017-08-22 07:54:34,14.325,10677.8,,,,,
96,2017-08-22 08:24:34,14.421,30311.3,,,,,
97,2017-08-22 08:54:34,16.141,57867,,,,,
98,2017-08-22 09:24:34,17.665,79911.6,,,,,
99,2017-08-22 09:54:34,19.758,77156.1,,,,,
100,2017-08-22 10:24:34,26.977,82667.2,,,,,
101,2017-08-22 10:54:34,34.058,99200.7,,,,,
102,2017-08-22 11:24:34,30.054,66133.8,,,,,
103,2017-08-22 11:54:34,23.966,82667.2,,,,,
104,2017-08-22 12:24:34,28.953,132267.5,,,,,
105,2017-08-22 12:54:34,26.39,79911.6,,,,,
106,2017-08-22 13:24:34,24.931,93689.5,,,,,
107,2017-08-22 13:54:34,28.853,115734.1,,,,,
108,2017-08-22 14:24:34,24.448,143289.8,,,,,
109,2017-08-22 14:54:34,19.853,88178.4,,,,,
110,2017-08-22 15:24:34,16.523,55111.5,,,,,
111,2017-08-22 15:54:34,14.804,39955.8,,,,,
112,2017-08-22 16:24:34,17.094,44089.2,,,,,
113,2017-08-22 16:54:34,20.043,41333.6,,,,,
114,2017-08-22 17:24:34,22.908,68889.3,,,,,
115,2017-08-22 17:54:34,17.284,38578,,,,,
116,2017-08-22 18:24:34,17.95,30311.3,,,,,
117,2017-08-22 18:54:34,14.23,18600.1,,,,,
118,2017-08-22 19:24:34,13.654,11711.2,,,,,
119,2017-08-22 19:54:34,12.11,5511.1,,,,,
120,2017-08-22 20:24:34,10.259,2927.8,,,,,
121,2017-08-22 20:54:34,8.779,807.3,,,,,
122,2017-08-22 21:24:34,8.182,118.4,,,,,
123,2017-08-22 21:54:34,7.983,0,,,,,
124,2017-08-22 22:24:34,7.381,0,,,,,
125,2017-08-22 22:54:34,7.381,0,,,,,
126,2017-08-22 23:24:34,7.28,0,,,,,
127,2017-08-22 23:54:34,7.079,0,,,,,
128,2017-08-23 00:24:34,7.079,0,,,,,
129,2017-08-23 00:54:34,7.179,0,,,,,
130,2017-08-23 01:24:34,6.775,0,,,,,
131,2017-08-23 01:54:34,6.573,0,,,,,
132,2017-08-23 02:24:34,6.674,0,,,,,
133,2017-08-23 02:54:34,6.978,0,,,,,
134,2017-08-23 03:24:34,6.775,0,,,,,
135,2017-08-23 03:54:34,6.775,0,,,,,
136,2017-08-23 04:24:34,6.573,0,,,,,
137,2017-08-23 04:54:34,6.37,43.1,,,,,
138,2017-08-23 05:24:34,6.37,279.9,,,,,
139,2017-08-23 05:54:34,6.573,1001,,,,,
140,2017-08-23 06:24:34,6.573,2325,,,,,
141,2017-08-23 06:54:34,6.674,4822.3,,,,,
142,2017-08-23 07:24:34,7.381,6200,,,,,
143,2017-08-23 07:54:34,7.682,8266.7,,,,,
144,2017-08-23 08:24:34,7.682,10677.8,,,,,
145,2017-08-23 08:54:34,8.68,13089,,,,,
146,2017-08-23 09:24:34,9.077,14466.8,,,,,
147,2017-08-23 09:54:34,10.063,17911.2,,,,,
148,2017-08-23 10:24:34,11.334,20666.8,,,,,
149,2017-08-23 10:54:34,10.161,26178,,,,,
150,2017-08-23 11:24:34,11.334,30311.3,,,,,
151,2017-08-23 11:54:34,14.517,35822.5,,,,,
152,2017-08-23 12:24:34,15.282,42711.4,,,,,
153,2017-08-23 12:54:34,18.045,77156.1,,,,,
154,2017-08-23 13:24:34,25.902,126756.4,,,,,
155,2017-08-23 13:54:34,23.581,132267.5,,,,,
156,2017-08-23 14:24:34,24.351,121245.2,,,,,
157,2017-08-23 14:54:34,25.902,126756.4,,,,,
158,2017-08-23 15:24:34,22.621,110223,,,,,
159,2017-08-23 15:54:34,22.429,99200.7,,,,,
160,2017-08-23 16:24:34,22.046,99200.7,,,,,
161,2017-08-23 16:54:34,21.76,82667.2,,,,,
162,2017-08-23 17:24:34,19.948,38578,,,,,
163,2017-08-23 17:54:34,17.95,30311.3,,,,,
164,2017-08-23 18:24:34,15.378,14466.8,,,,,
165,2017-08-23 18:54:34,14.517,11711.2,,,,,
166,2017-08-23 19:24:34,13.269,7577.8,,,,,
167,2017-08-23 19:54:34,11.528,5511.1,,,,,
168,2017-08-23 20:24:34,9.866,2669.5,,,,,
169,2017-08-23 20:54:34,9.077,861.1,,,,,
170,2017-08-23 21:24:34,8.282,118.4,,,,,
171,2017-08-23 21:54:34,7.782,0,,,,,
172,2017-08-23 22:24:34,7.882,0,,,,,
173,2017-08-23 22:54:34,7.882,0,,,,,
174,2017-08-23 23:24:34,7.582,0,,,,,
175,2017-08-23 23:54:34,7.179,0,,,,,
176,2017-08-24 00:24:34,7.079,0,,,,,
177,2017-08-24 00:54:34,7.179,0,,,,,
178,2017-08-24 01:24:34,7.079,0,,,,,
179,2017-08-24 01:54:34,6.978,0,,,,,
180,2017-08-24 02:24:34,6.674,0,,,,,
181,2017-08-24 02:54:34,6.37,0,,,,,
182,2017-08-24 03:24:34,5.86,0,,,,,
183,2017-08-24 03:54:34,5.552,0,,,,,
184,2017-08-24 04:24:34,4.934,0,,,,,
185,2017-08-24 04:54:34,5.037,96.9,,,,,
186,2017-08-24 05:24:34,5.037,721.2,,,,,
187,2017-08-24 05:54:34,5.141,2152.8,,,,,
188,2017-08-24 06:24:34,5.244,3961.1,,,,,
189,2017-08-24 06:54:34,5.655,7577.8,,,,,
190,2017-08-24 07:24:34,6.268,9644.5,,,,,
191,2017-08-24 07:54:34,6.573,14466.8,,,,,
192,2017-08-24 08:24:34,7.582,18600.1,,,,,
193,2017-08-24 08:54:34,8.581,24800.2,,,,,
194,2017-08-24 09:24:34,10.846,30311.3,,,,,
195,2017-08-24 09:54:34,11.722,33066.9,,,,,
196,2017-08-24 10:24:34,14.134,44089.2,,,,,
197,2017-08-24 10:54:34,16.046,37200.2,,,,,
198,2017-08-24 11:24:34,14.996,38578,,,,,
199,2017-08-24 11:54:34,15.951,37200.2,,,,,
200,2017-08-24 12:24:34,15.378,46844.8,,,,,
201,2017-08-24 12:54:34,17.189,60622.6,,,,,
202,2017-08-24 13:24:34,19.853,85422.8,,,,,
203,2017-08-24 13:54:34,21.951,126756.4,,,,,
204,2017-08-24 14:24:34,21.091,132267.5,,,,,
205,2017-08-24 14:54:34,20.805,126756.4,,,,,
206,2017-08-24 15:24:34,20.329,104711.8,,,,,
207,2017-08-24 15:54:34,19.472,110223,,,,,
208,2017-08-24 16:24:34,18.711,93689.5,,,,,
209,2017-08-24 16:54:34,18.521,46844.8,,,,,
210,2017-08-24 17:24:34,16.141,46844.8,,,,,
211,2017-08-24 17:54:34,14.613,12400.1,,,,,
212,2017-08-24 18:24:34,12.69,14466.8,,,,,
213,2017-08-24 18:54:34,10.357,12400.1,,,,,
214,2017-08-24 19:24:34,9.768,13777.9,,,,,
215,2017-08-24 19:54:34,8.879,4650,,,,,
216,2017-08-24 20:24:34,8.382,2325,,,,,
217,2017-08-24 20:54:34,8.182,387.5,,,,,
218,2017-08-24 21:24:34,7.983,21.5,,,,,
219,2017-08-24 21:54:34,7.582,0,,,,,
220,2017-08-24 22:24:34,7.381,0,,,,,
221,2017-08-24 22:54:34,6.978,0,,,,,
222,2017-08-24 23:24:34,6.877,0,,,,,
223,2017-08-24 23:54:34,6.573,0,,,,,
224,2017-08-25 00:24:34,6.573,0,,,,,
225,2017-08-25 00:54:34,6.775,0,,,,,
226,2017-08-25 01:24:34,6.37,0,,,,,
227,2017-08-25 01:54:34,6.573,0,,,,,
228,2017-08-25 02:24:34,6.775,0,,,,,
229,2017-08-25 02:54:34,6.978,0,,,,,
230,2017-08-25 03:24:34,7.28,0,,,,,
231,2017-08-25 03:54:34,7.179,0,,,,,
232,2017-08-25 04:24:34,7.381,0,,,,,
233,2017-08-25 04:54:34,7.179,53.8,,,,,
234,2017-08-25 05:24:34,7.079,581.3,,,,,
235,2017-08-25 05:54:34,6.674,2066.7,,,,,
236,2017-08-25 06:24:34,7.882,4650,,,,,
237,2017-08-25 06:54:34,9.669,6200,,,,,
238,2017-08-25 07:24:34,13.076,8266.7,,,,,
239,2017-08-25 07:54:34,15.569,10677.8,,,,,
240,2017-08-25 08:24:34,14.709,11711.2,,,,,
241,2017-08-25 08:54:34,18.521,20666.8,,,,,
242,2017-08-25 09:24:34,19.853,28933.5,,,,,
243,2017-08-25 09:54:34,23.388,35822.5,,,,,
244,2017-08-25 10:24:34,24.448,57867,,,,,
245,2017-08-25 10:54:34,21.664,66133.8,,,,,
246,2017-08-25 11:24:34,23.581,93689.5,,,,,
247,2017-08-25 11:54:34,29.752,126756.4,,,,,
248,2017-08-25 12:24:34,33.848,137778.7,,,,,
249,2017-08-25 12:54:34,37.274,115734.1,,,,,
250,2017-08-25 13:24:34,37.935,137778.7,,,,,
251,2017-08-25 13:54:34,39.957,132267.5,,,,,
252,2017-08-25 14:24:34,41.928,148801,,,,,
253,2017-08-25 14:54:34,18.901,93689.5,,,,,
254,2017-08-25 15:24:34,20.615,126756.4,,,,,
255,2017-08-25 15:54:34,18.426,99200.7,,,,,
256,2017-08-25 16:24:34,19.662,93689.5,,,,,
257,2017-08-25 16:54:34,17.189,37200.2,,,,,
258,2017-08-25 17:24:34,20.996,93689.5,,,,,
259,2017-08-25 17:54:34,18.045,33066.9,,,,,
260,2017-08-25 18:24:34,17.094,33066.9,,,,,
261,2017-08-25 18:54:34,12.69,8611.2,,,,,
262,2017-08-25 19:24:34,10.846,7233.4,,,,,
263,2017-08-25 19:54:34,10.748,2927.8,,,,,
264,2017-08-25 20:24:34,9.965,1894.5,,,,,
265,2017-08-25 20:54:34,9.571,387.5,,,,,
266,2017-08-25 21:24:34,9.669,32.3,,,,,
267,2017-08-25 21:54:34,9.176,0,,,,,
268,2017-08-25 22:24:34,8.68,0,,,,,
269,2017-08-25 22:54:34,8.68,0,,,,,
270,2017-08-25 23:24:34,8.68,0,,,,,
271,2017-08-25 23:54:34,8.879,0,,,,,
272,2017-08-26 00:24:34,8.978,0,,,,,
273,2017-08-26 00:54:34,9.275,0,,,,,
274,2017-08-26 01:24:34,9.669,0,,,,,
275,2017-08-26 01:54:34,11.334,0,,,,,
276,2017-08-26 02:24:34,11.916,0,,,,,
277,2017-08-26 02:54:34,11.041,0,,,,,
278,2017-08-26 03:24:34,10.944,0,,,,,
279,2017-08-26 03:54:34,10.553,0,,,,,
280,2017-08-26 04:24:34,10.748,0,,,,,
281,2017-08-26 04:54:34,10.455,10.8,,,,,
282,2017-08-26 05:24:34,10.748,193.8,,,,,
283,2017-08-26 05:54:34,10.944,1377.8,,,,,
284,2017-08-26 06:24:34,11.431,4994.5,,,,,
285,2017-08-26 06:54:34,11.528,8266.7,,,,,
286,2017-08-26 07:24:34,12.401,9300.1,,,,,
287,2017-08-26 07:54:34,12.497,9300.1,,,,,
288,2017-08-26 08:24:34,12.497,10333.4,,,,,
289,2017-08-26 08:54:34,15.091,39955.8,,,,,
290,2017-08-26 09:24:34,14.996,33066.9,,,,,
291,2017-08-26 09:54:34,14.804,19977.9,,,,,
292,2017-08-26 10:24:34,17.284,31689.1,,,,,
293,2017-08-26 10:54:34,22.333,49600.3,,,,,
294,2017-08-26 11:24:34,18.521,39955.8,,,,,
295,2017-08-26 11:54:34,18.14,57867,,,,,
296,2017-08-26 12:24:34,17.284,44089.2,,,,,
297,2017-08-26 12:54:34,19.567,82667.2,,,,,
298,2017-08-26 13:24:34,16.618,44089.2,,,,,
299,2017-08-26 13:54:34,14.613,52355.9,,,,,
300,2017-08-26 14:24:34,15.282,55111.5,,,,,
301,2017-08-26 14:54:34,12.98,37200.2,,,,,
302,2017-08-26 15:24:34,11.236,24800.2,,,,,
303,2017-08-26 15:54:34,10.651,12400.1,,,,,
304,2017-08-26 16:24:34,10.553,8611.2,,,,,
305,2017-08-26 16:54:34,10.748,9300.1,,,,,
306,2017-08-26 17:24:34,10.651,5166.7,,,,,
307,2017-08-26 17:54:34,10.748,3272.2,,,,,
308,2017-08-26 18:24:34,10.553,3100,,,,,
309,2017-08-26 18:54:34,10.455,2325,,,,,
310,2017-08-26 19:24:34,10.259,1722.2,,,,,
311,2017-08-26 19:54:34,10.357,731.9,,,,,
312,2017-08-26 20:24:34,11.236,710.4,,,,,
313,2017-08-26 20:54:34,11.625,236.8,,,,,
314,2017-08-26 21:24:34,11.722,10.8,,,,,
315,2017-08-26 21:54:34,11.139,0,,,,,
316,2017-08-26 22:24:34,10.846,0,,,,,
317,2017-08-26 22:54:34,11.139,0,,,,,
318,2017-08-26 23:24:34,10.651,0,,,,,
319,2017-08-26 23:54:34,11.236,0,,,,,
320,2017-08-27 00:24:34,10.357,0,,,,,
321,2017-08-27 00:54:34,10.553,0,,,,,
322,2017-08-27 01:24:34,10.846,0,,,,,
323,2017-08-27 01:54:34,10.846,0,,,,,
324,2017-08-27 02:24:34,10.553,0,,,,,
325,2017-08-27 02:54:34,9.866,0,,,,,
326,2017-08-27 03:24:34,9.768,0,,,,,
327,2017-08-27 03:54:34,9.472,0,,,,,
328,2017-08-27 04:24:34,10.063,0,,,,,
329,2017-08-27 04:54:34,10.161,10.8,,,,,
330,2017-08-27 05:24:34,10.357,355.2,,,,,
331,2017-08-27 05:54:34,10.553,1894.5,,,,,
332,2017-08-27 06:24:34,11.041,2927.8,,,,,
333,2017-08-27 06:54:34,11.528,5166.7,,,,,
334,2017-08-27 07:24:34,14.804,9300.1,,,,,
335,2017-08-27 07:54:34,14.996,11022.3,,,,,
336,2017-08-27 08:24:34,15.569,14466.8,,,,,
337,2017-08-27 08:54:34,12.69,8611.2,,,,,
338,2017-08-27 09:24:34,18.616,88178.4,,,,,
339,2017-08-27 09:54:34,19.472,104711.8,,,,,
340,2017-08-27 10:24:34,15.473,38578,,,,,
341,2017-08-27 10:54:34,13.269,37200.2,,,,,
342,2017-08-27 11:24:34,11.041,18600.1,,,,,
343,2017-08-27 11:54:34,11.431,20666.8,,,,,
344,2017-08-27 12:24:34,12.787,44089.2,,,,,
345,2017-08-27 12:54:34,11.916,27555.7,,,,,
346,2017-08-27 13:24:34,11.916,28933.5,,,,,
347,2017-08-27 13:54:34,13.365,57867,,,,,
348,2017-08-27 14:24:34,14.996,82667.2,,,,,
349,2017-08-27 14:54:34,19.092,132267.5,,,,,
350,2017-08-27 15:24:34,16.713,115734.1,,,,,
351,2017-08-27 15:54:34,16.332,66133.8,,,,,
352,2017-08-27 16:24:34,14.709,24800.2,,,,,
353,2017-08-27 16:54:34,12.883,30311.3,,,,,
354,2017-08-27 17:24:34,13.269,22044.6,,,,,
355,2017-08-27 17:54:34,13.365,14466.8,,,,,
356,2017-08-27 18:24:34,12.594,10677.8,,,,,
357,2017-08-27 18:54:34,12.304,9300.1,,,,,
358,2017-08-27 19:24:34,12.497,5338.9,,,,,
359,2017-08-27 19:54:34,12.013,1636.1,,,,,
360,2017-08-27 20:24:34,11.722,1291.7,,,,,
361,2017-08-27 20:54:34,11.334,172.2,,,,,
362,2017-08-27 21:24:34,11.041,0,,,,,
363,2017-08-27 21:54:34,11.334,0,,,,,
364,2017-08-27 22:24:34,10.944,0,,,,,
365,2017-08-27 22:54:34,10.553,0,,,,,
366,2017-08-27 23:24:34,10.748,0,,,,,
367,2017-08-27 23:54:34,11.041,0,,,,,
368,2017-08-28 00:24:34,10.944,0,,,,,
369,2017-08-28 00:54:34,10.846,0,,,,,
370,2017-08-28 01:24:34,10.944,0,,,,,
371,2017-08-28 01:54:34,10.846,0,,,,,
372,2017-08-28 02:24:34,10.651,0,,,,,
373,2017-08-28 02:54:34,10.455,0,,,,,
374,2017-08-28 03:24:34,10.259,0,,,,,
375,2017-08-28 03:54:34,10.553,0,,,,,
376,2017-08-28 04:24:34,10.161,0,,,,,
377,2017-08-28 04:54:34,10.161,0,,,,,
378,2017-08-28 05:24:34,9.866,107.6,,,,,
379,2017-08-28 05:54:34,9.768,322.9,,,,,
380,2017-08-28 06:24:34,9.472,1980.6,,,,,
381,2017-08-28 06:54:34,9.669,2927.8,,,,,
382,2017-08-28 07:24:34,9.866,7233.4,,,,,
383,2017-08-28 07:54:34,10.846,16533.4,,,,,
384,2017-08-28 08:24:34,11.139,17911.2,,,,,
385,2017-08-28 08:54:34,11.334,19289,,,,,
386,2017-08-28 09:24:34,10.846,10677.8,,,,,
387,2017-08-28 09:54:34,11.041,15155.7,,,,,
388,2017-08-28 10:24:34,11.236,11711.2,,,,,
389,2017-08-28 10:54:34,11.236,12400.1,,,,,
390,2017-08-28 11:24:34,12.207,28933.5,,,,,
391,2017-08-28 11:54:34,11.916,18600.1,,,,,
392,2017-08-28 12:24:34,11.041,15155.7,,,,,
393,2017-08-28 12:54:34,11.431,22044.6,,,,,
394,2017-08-28 13:24:34,10.944,14466.8,,,,,
395,2017-08-28 13:54:34,10.748,13777.9,,,,,
396,2017-08-28 14:24:34,10.846,12400.1,,,,,
397,2017-08-28 14:54:34,10.455,10677.8,,,,,
398,2017-08-28 15:24:34,10.651,11711.2,,,,,
399,2017-08-28 15:54:34,10.651,9644.5,,,,,
400,2017-08-28 16:24:34,10.748,12400.1,,,,,
401,2017-08-28 16:54:34,10.553,7577.8,,,,,
402,2017-08-28 17:24:34,10.063,5166.7,,,,,
403,2017-08-28 17:54:34,9.768,3444.5,,,,,
404,2017-08-28 18:24:34,9.571,2927.8,,,,,
405,2017-08-28 18:54:34,9.373,2669.5,,,,,
406,2017-08-28 19:24:34,9.176,2066.7,,,,,
407,2017-08-28 19:54:34,8.879,742.7,,,,,
408,2017-08-28 20:24:34,8.68,183,,,,,
409,2017-08-28 20:54:34,8.581,10.8,,,,,
410,2017-08-28 21:24:34,8.581,0,,,,,
411,2017-08-28 21:54:34,8.481,0,,,,,
412,2017-08-28 22:24:34,8.581,0,,,,,
413,2017-08-28 22:54:34,8.481,0,,,,,
414,2017-08-28 23:24:34,8.481,0,,,,,
415,2017-08-28 23:54:34,8.182,0,,,,,
416,2017-08-29 00:24:34,8.182,0,,,,,
417,2017-08-29 00:54:34,8.282,0,,,,,
418,2017-08-29 01:24:34,8.282,0,,,,,
419,2017-08-29 01:54:34,8.182,0,,,,,
420,2017-08-29 02:24:34,8.282,0,,,,,
421,2017-08-29 02:54:34,8.182,0,,,,,
422,2017-08-29 03:24:34,8.182,0,,,,,
423,2017-08-29 03:54:34,8.182,0,,,,,
424,2017-08-29 04:24:34,8.082,0,,,,,
425,2017-08-29 04:54:34,8.082,0,,,,,
426,2017-08-29 05:24:34,8.082,86.1,,,,,
427,2017-08-29 05:54:34,8.082,527.4,,,,,
428,2017-08-29 06:24:34,8.082,2066.7,,,,,
429,2017-08-29 06:54:34,8.282,5166.7,,,,,
430,2017-08-29 07:24:34,8.481,8266.7,,,,,
431,2017-08-29 07:54:34,8.182,2755.6,,,,,
432,2017-08-29 08:24:34,8.282,4305.6,,,,,
433,2017-08-29 08:54:34,8.481,8266.7,,,,,
434,2017-08-29 09:24:34,8.581,11022.3,,,,,
435,2017-08-29 09:54:34,8.779,13089,,,,,
436,2017-08-29 10:24:34,8.978,14466.8,,,,,
437,2017-08-29 10:54:34,8.481,8266.7,,,,,
438,2017-08-29 11:24:34,8.581,11022.3,,,,,
439,2017-08-29 11:54:34,8.481,10677.8,,,,,
440,2017-08-29 12:24:34,8.581,10677.8,,,,,
441,2017-08-29 12:54:34,8.779,12400.1,,,,,
442,2017-08-29 13:24:34,8.779,14466.8,,,,,
443,2017-08-29 13:54:34,9.472,19289,,,,,
444,2017-08-29 14:24:34,8.779,12400.1,,,,,
445,2017-08-29 14:54:34,9.373,22044.6,,,,,
446,2017-08-29 15:24:34,9.472,17911.2,,,,,
447,2017-08-29 15:54:34,9.768,21355.7,,,,,
448,2017-08-29 16:24:34,12.98,41333.6,,,,,
449,2017-08-29 16:54:34,12.013,30311.3,,,,,
450,2017-08-29 17:24:34,14.038,52355.9,,,,,
451,2017-08-29 17:54:34,14.134,63378.2,,,,,
452,2017-08-29 18:24:34,13.173,46844.8,,,,,
453,2017-08-29 18:54:34,11.625,16533.4,,,,,
454,2017-08-29 19:24:34,8.082,4822.3,,,,,
455,2017-08-29 19:54:34,6.978,2497.2,,,,,
456,2017-08-29 20:24:34,6.37,1550,,,,,
457,2017-08-29 20:54:34,5.655,290.6,,,,,
458,2017-08-29 21:24:34,5.552,10.8,,,,,
459,2017-08-29 21:54:34,5.45,0,,,,,
460,2017-08-29 22:24:34,5.655,0,,,,,
461,2017-08-29 22:54:34,5.655,0,,,,,
462,2017-08-29 23:24:34,5.552,0,,,,,
463,2017-08-29 23:54:34,5.757,0,,,,,
464,2017-08-30 00:24:34,5.037,0,,,,,
465,2017-08-30 00:54:34,5.655,0,,,,,
466,2017-08-30 01:24:34,5.552,0,,,,,
467,2017-08-30 01:54:34,4.102,0,,,,,
468,2017-08-30 02:24:34,4.831,0,,,,,
469,2017-08-30 02:54:34,4.727,0,,,,,
470,2017-08-30 03:24:34,5.141,0,,,,,
471,2017-08-30 03:54:34,4.102,0,,,,,
472,2017-08-30 04:24:34,3.998,0,,,,,
473,2017-08-30 04:54:34,3.788,0,,,,,
474,2017-08-30 05:24:34,4.311,215.3,,,,,
475,2017-08-30 05:54:34,3.998,1248.6,,,,,
476,2017-08-30 06:24:34,5.141,2927.8,,,,,
477,2017-08-30 06:54:34,6.37,4822.3,,,,,
478,2017-08-30 07:24:34,7.28,5511.1,,,,,
479,2017-08-30 07:54:34,8.879,7233.4,,,,,
480,2017-08-30 08:24:34,9.571,8611.2,,,,,
481,2017-08-30 08:54:34,12.013,12400.1,,,,,
482,2017-08-30 09:24:34,17.284,17222.3,,,,,
483,2017-08-30 09:54:34,19.758,28933.5,,,,,
484,2017-08-30 10:24:34,24.738,49600.3,,,,,
485,2017-08-30 10:54:34,27.862,82667.2,,,,,
486,2017-08-30 11:24:34,32.6,104711.8,,,,,
487,2017-08-30 11:54:34,27.764,121245.2,,,,,
488,2017-08-30 12:24:34,28.357,132267.5,,,,,
489,2017-08-30 12:54:34,30.76,137778.7,,,,,
490,2017-08-30 13:24:34,31.574,148801,,,,,
491,2017-08-30 13:54:34,29.953,126756.4,,,,,
492,2017-08-30 14:24:34,31.064,137778.7,,,,,
493,2017-08-30 14:54:34,28.258,137778.7,,,,,
494,2017-08-30 15:24:34,40.415,132267.5,,,,,
495,2017-08-30 15:54:34,36.946,121245.2,,,,,
496,2017-08-30 16:24:34,20.043,71644.9,,,,,
497,2017-08-30 16:54:34,17.855,77156.1,,,,,
498,2017-08-30 17:24:34,18.806,66133.8,,,,,
499,2017-08-30 17:54:34,17.284,42711.4,,,,,
500,2017-08-30 18:24:34,15.664,12400.1,,,,,
501,2017-08-30 18:54:34,14.709,5511.1,,,,,
502,2017-08-30 19:24:34,12.787,4305.6,,,,,
503,2017-08-30 19:54:34,11.041,4133.4,,,,,
504,2017-08-30 20:24:34,8.779,1065.6,,,,,
505,2017-08-30 20:54:34,7.582,172.2,,,,,
506,2017-08-30 21:24:34,7.28,0,,,,,
507,2017-08-30 21:54:34,7.381,0,,,,,
508,2017-08-30 22:24:34,7.079,0,,,,,
509,2017-08-30 22:54:34,7.179,0,,,,,
510,2017-08-30 23:24:34,6.268,0,,,,,
511,2017-08-30 23:54:34,6.064,0,,,,,
512,2017-08-31 00:24:34,6.064,0,,,,,
513,2017-08-31 00:54:34,5.86,0,,,,,
514,2017-08-31 01:24:34,4.311,0,,,,,
515,2017-08-31 01:54:34,5.141,0,,,,,
516,2017-08-31 02:24:34,5.45,0,,,,,
517,2017-08-31 02:54:34,5.45,0,,,,,
518,2017-08-31 03:24:34,7.582,0,,,,,
519,2017-08-31 03:54:34,7.882,0,,,,,
520,2017-08-31 04:24:34,7.582,0,,,,,
521,2017-08-31 04:54:34,7.682,0,,,,,
522,2017-08-31 05:24:34,7.079,247.6,,,,,
523,2017-08-31 05:54:34,7.28,1463.9,,,,,
524,2017-08-31 06:24:34,8.879,3272.2,,,,,
525,2017-08-31 06:54:34,9.965,7577.8,,,,,
526,2017-08-31 07:24:34,10.944,22044.6,,,,,
527,2017-08-31 07:54:34,9.669,18600.1,,,,,
528,2017-08-31 08:24:34,12.69,60622.6,,,,,
529,2017-08-31 08:54:34,13.076,38578,,,,,
530,2017-08-31 09:24:34,10.455,23422.4,,,,,
531,2017-08-31 09:54:34,10.748,20666.8,,,,,
532,2017-08-31 10:24:34,10.846,24800.2,,,,,
533,2017-08-31 10:54:34,11.236,20666.8,,,,,
534,2017-08-31 11:24:34,10.944,15155.7,,,,,
535,2017-08-31 11:54:34,11.625,34444.7,,,,,
536,2017-08-31 12:24:34,11.916,20666.8,,,,,
537,2017-08-31 12:54:34,11.041,17911.2,,,,,
538,2017-08-31 13:24:34,11.916,39955.8,,,,,
539,2017-08-31 13:54:34,16.237,110223,,,,,
540,2017-08-31 14:24:34,21.664,154312.1,,,,,
541,2017-08-31 14:54:34,19.187,132267.5,,,,,
542,2017-08-31 15:24:34,25.319,137778.7,,,,,
543,2017-08-31 15:54:34,16.427,28933.5,,,,,
544,2017-08-31 16:24:34,14.134,14466.8,,,,,
545,2017-08-31 16:54:34,13.75,7233.4,,,,,
546,2017-08-31 17:24:34,16.999,17222.3,,,,,
547,2017-08-31 17:54:34,18.331,18600.1,,,,,
548,2017-08-31 18:24:34,17.379,10677.8,,,,,
549,2017-08-31 18:54:34,14.421,7233.4,,,,,
550,2017-08-31 19:24:34,14.517,4305.6,,,,,
551,2017-08-31 19:54:34,12.401,2755.6,,,,,
552,2017-08-31 20:24:34,10.846,1076.4,,,,,
553,2017-08-31 20:54:34,10.553,129.2,,,,,
554,2017-08-31 21:24:34,9.768,0,,,,,
555,2017-08-31 21:54:34,9.866,0,,,,,
556,2017-08-31 22:24:34,9.275,0,,,,,
557,2017-08-31 22:54:34,8.581,0,,,,,
558,2017-08-31 23:24:34,8.68,0,,,,,
559,2017-08-31 23:54:34,8.082,0,,,,,
560,2017-09-01 00:24:34,8.581,0,,,,,
561,2017-09-01 00:54:34,9.077,0,,,,,
562,2017-09-01 01:24:34,9.275,0,,,,,
563,2017-09-01 01:54:34,9.373,0,,,,,
564,2017-09-01 02:24:34,9.077,0,,,,,
565,2017-09-01 02:54:34,8.779,0,,,,,
566,2017-09-01 03:24:34,8.581,0,,,,,
567,2017-09-01 03:54:34,8.481,0,,,,,
568,2017-09-01 04:24:34,8.382,0,,,,,
569,2017-09-01 04:54:34,8.481,0,,,,,
570,2017-09-01 05:24:34,8.581,183,,,,,
571,2017-09-01 05:54:34,8.68,1270.1,,,,,
572,2017-09-01 06:24:34,9.373,5166.7,,,,,
573,2017-09-01 06:54:34,10.455,8266.7,,,,,
574,2017-09-01 07:24:34,11.819,8266.7,,,,,
575,2017-09-01 07:54:34,12.304,30311.3,,,,,
576,2017-09-01 08:24:34,14.134,88178.4,,,,,
577,2017-09-01 08:54:34,14.709,52355.9,,,,,
578,2017-09-01 09:24:34,16.523,24800.2,,,,,
579,2017-09-01 09:54:34,18.236,68889.3,,,,,
580,2017-09-01 10:24:34,18.616,132267.5,,,,,
581,2017-09-01 10:54:34,19.948,121245.2,,,,,
582,2017-09-01 11:24:34,20.71,137778.7,,,,,
583,2017-09-01 11:54:34,21.664,104711.8,,,,,
584,2017-09-01 12:24:34,22.621,110223,,,,,
585,2017-09-01 12:54:34,22.238,115734.1,,,,,
586,2017-09-01 13:24:34,18.806,93689.5,,,,,
587,2017-09-01 13:54:34,18.236,55111.5,,,,,
588,2017-09-01 14:24:34,18.521,99200.7,,,,,
589,2017-09-01 14:54:34,19.377,28933.5,,,,,
590,2017-09-01 15:24:34,20.424,37200.2,,,,,
591,2017-09-01 15:54:34,19.567,18600.1,,,,,
592,2017-09-01 16:24:34,16.237,34444.7,,,,,
593,2017-09-01 16:54:34,14.421,19289,,,,,
594,2017-09-01 17:24:34,14.134,16533.4,,,,,
595,2017-09-01 17:54:34,13.365,17911.2,,,,,
596,2017-09-01 18:24:34,12.883,13777.9,,,,,
597,2017-09-01 18:54:34,12.207,8611.2,,,,,
598,2017-09-01 19:24:34,11.625,4133.4,,,,,
599,2017-09-01 19:54:34,12.013,2755.6,,,,,
600,2017-09-01 20:24:34,11.722,387.5,,,,,
601,2017-09-01 20:54:34,11.722,21.5,,,,,
602,2017-09-01 21:24:34,11.625,0,,,,,
603,2017-09-01 21:54:34,10.455,0,,,,,
604,2017-09-01 22:24:34,10.357,0,,,,,
605,2017-09-01 22:54:34,10.455,0,,,,,
606,2017-09-01 23:24:34,10.455,0,,,,,
607,2017-09-01 23:54:34,10.357,0,,,,,
608,2017-09-02 00:24:34,10.161,0,,,,,
609,2017-09-02 00:54:34,10.259,0,,,,,
610,2017-09-02 01:24:34,10.357,0,,,,,
611,2017-09-02 01:54:34,10.455,0,,,,,
612,2017-09-02 02:24:34,10.357,0,,,,,
613,2017-09-02 02:54:34,10.455,0,,,,,
614,2017-09-02 03:24:34,10.063,0,,,,,
615,2017-09-02 03:54:34,10.357,0,,,,,
616,2017-09-02 04:24:34,10.944,0,,,,,
617,2017-09-02 04:54:34,10.357,0,,,,,
618,2017-09-02 05:24:34,10.651,32.3,,,,,
619,2017-09-02 05:54:34,10.259,269.1,,,,,
620,2017-09-02 06:24:34,10.651,1377.8,,,,,
621,2017-09-02 06:54:34,10.259,4133.4,,,,,
622,2017-09-02 07:24:34,10.944,8266.7,,,,,
623,2017-09-02 07:54:34,10.944,12400.1,,,,,
624,2017-09-02 08:24:34,11.819,31689.1,,,,,
625,2017-09-02 08:54:34,10.651,15844.5,,,,,
626,2017-09-02 09:24:34,10.259,20666.8,,,,,
627,2017-09-02 09:54:34,11.334,27555.7,,,,,
628,2017-09-02 10:24:34,13.942,63378.2,,,,,
629,2017-09-02 10:54:34,12.594,19977.9,,,,,
630,2017-09-02 11:24:34,15.378,37200.2,,,,,
631,2017-09-02 11:54:34,13.076,18600.1,,,,,
632,2017-09-02 12:24:34,11.334,7577.8,,,,,
633,2017-09-02 12:54:34,11.625,9644.5,,,,,
634,2017-09-02 13:24:34,11.431,7577.8,,,,,
635,2017-09-02 13:54:34,11.625,9644.5,,,,,
636,2017-09-02 14:24:34,11.722,11022.3,,,,,
637,2017-09-02 14:54:34,11.819,13777.9,,,,,
638,2017-09-02 15:24:34,11.819,14466.8,,,,,
639,2017-09-02 15:54:34,11.819,13777.9,,,,,
640,2017-09-02 16:24:34,11.819,9300.1,,,,,
641,2017-09-02 16:54:34,11.722,8611.2,,,,,
642,2017-09-02 17:24:34,11.625,6544.5,,,,,
643,2017-09-02 17:54:34,11.625,5166.7,,,,,
644,2017-09-02 18:24:34,11.916,6200,,,,,
645,2017-09-02 18:54:34,11.625,3616.7,,,,,
646,2017-09-02 19:24:34,11.528,1463.9,,,,,
647,2017-09-02 19:54:34,11.236,656.6,,,,,
648,2017-09-02 20:24:34,10.944,258.3,,,,,
649,2017-09-02 20:54:34,10.748,21.5,,,,,
650,2017-09-02 21:24:34,10.651,0,,,,,
651,2017-09-02 21:54:34,11.139,0,,,,,
652,2017-09-02 22:24:34,11.139,0,,,,,
653,2017-09-02 22:54:34,11.431,0,,,,,
654,2017-09-02 23:24:34,11.916,0,,,,,
655,2017-09-02 23:54:34,11.916,0,,,,,
656,2017-09-03 00:24:34,11.528,0,,,,,
657,2017-09-03 00:54:34,11.722,0,,,,,
658,2017-09-03 01:24:34,11.916,0,,,,,
659,2017-09-03 01:54:34,11.625,0,,,,,
660,2017-09-03 02:24:34,11.819,0,,,,,
661,2017-09-03 02:54:34,11.819,0,,,,,
662,2017-09-03 03:24:34,11.916,0,,,,,
663,2017-09-03 03:54:34,12.013,0,,,,,
664,2017-09-03 04:24:34,11.916,0,,,,,
665,2017-09-03 04:54:34,11.819,0,,,,,
666,2017-09-03 05:24:34,11.139,21.5,,,,,
667,2017-09-03 05:54:34,11.528,355.2,,,,,
668,2017-09-03 06:24:34,10.944,1334.7,,,,,
669,2017-09-03 06:54:34,10.944,2583.4,,,,,
670,2017-09-03 07:24:34,11.528,4822.3,,,,,
671,2017-09-03 07:54:34,11.625,8266.7,,,,,
672,2017-09-03 08:24:34,12.013,12400.1,,,,,
673,2017-09-03 08:54:34,12.013,9644.5,,,,,
674,2017-09-03 09:24:34,13.75,26178,,,,,
675,2017-09-03 09:54:34,18.996,85422.8,,,,,
676,2017-09-03 10:24:34,21.091,79911.6,,,,,
677,2017-09-03 10:54:34,16.808,52355.9,,,,,
678,2017-09-03 11:24:34,16.237,38578,,,,,
679,2017-09-03 11:54:34,17.284,37200.2,,,,,
680,2017-09-03 12:24:34,18.996,38578,,,,,
681,2017-09-03 12:54:34,22.621,60622.6,,,,,
682,2017-09-03 13:24:34,24.351,49600.3,,,,,
683,2017-09-03 13:54:34,21.282,42711.4,,,,,
684,2017-09-03 14:24:34,21.951,37200.2,,,,,
685,2017-09-03 14:54:34,22.525,60622.6,,,,,
686,2017-09-03 15:24:34,21.378,41333.6,,,,,
687,2017-09-03 15:54:34,28.655,110223,,,,,
688,2017-09-03 16:24:34,36.837,132267.5,,,,,
689,2017-09-03 16:54:34,26,49600.3,,,,,
690,2017-09-03 17:24:34,19.282,63378.2,,,,,
691,2017-09-03 17:54:34,21.378,11711.2,,,,,
692,2017-09-03 18:24:34,14.709,5511.1,,,,,
693,2017-09-03 18:54:34,13.365,2755.6,,,,,
694,2017-09-03 19:24:34,12.787,2238.9,,,,,
695,2017-09-03 19:54:34,12.401,807.3,,,,,
696,2017-09-03 20:24:34,12.013,193.8,,,,,
697,2017-09-03 20:54:34,11.528,0,,,,,
698,2017-09-03 21:24:34,10.161,0,,,,,
699,2017-09-03 21:54:34,10.259,0,,,,,
700,2017-09-03 22:24:34,10.063,0,,,,,
701,2017-09-03 22:54:34,9.866,0,,,,,
702,2017-09-03 23:24:34,9.965,0,,,,,
703,2017-09-03 23:54:34,8.978,0,,,,,
704,2017-09-04 00:24:34,10.357,0,,,,,
705,2017-09-04 00:54:34,10.161,0,,,,,
706,2017-09-04 01:24:34,9.373,0,,,,,
707,2017-09-04 01:54:34,9.373,0,,,,,
708,2017-09-04 02:24:34,9.965,0,,,,,
709,2017-09-04 02:54:34,9.768,0,,,,,
710,2017-09-04 03:24:34,9.768,0,,,,,
711,2017-09-04 03:54:34,9.669,0,,,,,
712,2017-09-04 04:24:34,10.063,0,,,,,
713,2017-09-04 04:54:34,9.965,0,,,,,
714,2017-09-04 05:24:34,10.161,0,,,,,
715,2017-09-04 05:54:34,10.846,118.4,,,,,
716,2017-09-04 06:24:34,10.259,678.1,,,,,
717,2017-09-04 06:54:34,10.259,1550,,,,,
718,2017-09-04 07:24:34,10.651,3788.9,,,,,
719,2017-09-04 07:54:34,11.236,5166.7,,,,,
720,2017-09-04 08:24:34,11.431,8266.7,,,,,
721,2017-09-04 08:54:34,12.11,10333.4,,,,,
722,2017-09-04 09:24:34,11.528,7577.8,,,,,
723,2017-09-04 09:54:34,11.334,14466.8,,,,,
724,2017-09-04 10:24:34,11.625,18600.1,,,,,
725,2017-09-04 10:54:34,11.722,21355.7,,,,,
726,2017-09-04 11:24:34,11.819,17911.2,,,,,
727,2017-09-04 11:54:34,11.625,8266.7,,,,,
728,2017-09-04 12:24:34,11.334,13777.9,,,,,
729,2017-09-04 12:54:34,11.236,9644.5,,,,,
730,2017-09-04 13:24:34,11.139,10333.4,,,,,
731,2017-09-04 13:54:34,11.139,12400.1,,,,,
732,2017-09-04 14:24:34,11.139,9644.5,,,,,
733,2017-09-04 14:54:34,11.236,10333.4,,,,,
734,2017-09-04 15:24:34,11.625,11022.3,,,,,
735,2017-09-04 15:54:34,12.013,6544.5,,,,,
736,2017-09-04 16:24:34,12.013,5166.7,,,,,
737,2017-09-04 16:54:34,11.139,6200,,,,,
738,2017-09-04 17:24:34,11.528,4650,,,,,
739,2017-09-04 17:54:34,11.819,5511.1,,,,,
740,2017-09-04 18:24:34,11.819,6200,,,,,
741,2017-09-04 18:54:34,12.11,3788.9,,,,,
742,2017-09-04 19:24:34,11.819,3616.7,,,,,
743,2017-09-04 19:54:34,11.041,1808.3,,,,,
744,2017-09-04 20:24:34,11.041,473.6,,,,,
745,2017-09-04 20:54:34,11.334,10.8,,,,,
746,2017-09-04 21:24:34,10.357,0,,,,,
747,2017-09-04 21:54:34,10.553,0,,,,,
748,2017-09-04 22:24:34,10.846,0,,,,,
749,2017-09-04 22:54:34,10.651,0,,,,,
750,2017-09-04 23:24:34,10.651,0,,,,,
751,2017-09-04 23:54:34,10.651,0,,,,,
752,2017-09-05 00:24:34,10.259,0,,,,,
753,2017-09-05 00:54:34,10.357,0,,,,,
754,2017-09-05 01:24:34,10.357,0,,,,,
755,2017-09-05 01:54:34,10.455,0,,,,,
756,2017-09-05 02:24:34,10.455,0,,,,,
757,2017-09-05 02:54:34,10.455,0,,,,,
758,2017-09-05 03:24:34,9.866,0,,,,,
759,2017-09-05 03:54:34,9.768,0,,,,,
760,2017-09-05 04:24:34,9.866,0,,,,,
761,2017-09-05 04:54:34,8.779,0,,,,,
762,2017-09-05 05:24:34,8.581,21.5,,,,,
763,2017-09-05 05:54:34,8.282,441.3,,,,,
764,2017-09-05 06:24:34,7.682,1377.8,,,,,
765,2017-09-05 06:54:34,8.182,4477.8,,,,,
766,2017-09-05 07:24:34,9.571,9300.1,,,,,
767,2017-09-05 07:54:34,9.866,11022.3,,,,,
768,2017-09-05 08:24:34,9.866,14466.8,,,,,
769,2017-09-05 08:54:34,10.944,20666.8,,,,,
770,2017-09-05 09:24:34,11.722,28933.5,,,,,
771,2017-09-05 09:54:34,16.332,63378.2,,,,,
772,2017-09-05 10:24:34,15.473,66133.8,,,,,
773,2017-09-05 10:54:34,12.69,34444.7,,,,,
774,2017-09-05 11:24:34,17.475,137778.7,,,,,
775,2017-09-05 11:54:34,18.711,137778.7,,,,,
776,2017-09-05 12:24:34,21.473,126756.4,,,,,
777,2017-09-05 12:54:34,14.23,22044.6,,,,,
778,2017-09-05 13:24:34,22.046,154312.1,,,,,
779,2017-09-05 13:54:34,21.664,18600.1,,,,,
780,2017-09-05 14:24:34,17.95,63378.2,,,,,
781,2017-09-05 14:54:34,16.999,33066.9,,,,,
782,2017-09-05 15:24:34,18.521,99200.7,,,,,
783,2017-09-05 15:54:34,19.472,99200.7,,,,,
784,2017-09-05 16:24:34,14.517,37200.2,,,,,
785,2017-09-05 16:54:34,18.996,19977.9,,,,,
786,2017-09-05 17:24:34,13.076,11711.2,,,,,
787,2017-09-05 17:54:34,10.455,10677.8,,,,,
788,2017-09-05 18:24:34,9.965,10677.8,,,,,
789,2017-09-05 18:54:34,10.161,5511.1,,,,,
790,2017-09-05 19:24:34,9.571,4133.4,,,,,
791,2017-09-05 19:54:34,8.779,1636.1,,,,,
792,2017-09-05 20:24:34,8.182,193.8,,,,,
793,2017-09-05 20:54:34,7.782,0,,,,,
794,2017-09-05 21:24:34,8.282,0,,,,,
795,2017-09-05 21:54:34,7.983,0,,,,,
796,2017-09-05 22:24:34,7.983,0,,,,,
797,2017-09-05 22:54:34,7.782,0,,,,,
798,2017-09-05 23:24:34,7.079,0,,,,,
799,2017-09-05 23:54:34,7.179,0,,,,,
800,2017-09-06 00:24:34,7.481,0,,,,,
801,2017-09-06 00:54:34,7.582,0,,,,,
802,2017-09-06 01:24:34,7.682,0,,,,,
803,2017-09-06 01:54:34,7.882,0,,,,,
804,2017-09-06 02:24:34,7.882,0,,,,,
805,2017-09-06 02:54:34,7.582,0,,,,,
806,2017-09-06 03:24:34,7.882,0,,,,,
807,2017-09-06 03:54:34,7.983,0,,,,,
808,2017-09-06 04:24:34,7.782,0,,,,,
809,2017-09-06 04:54:34,8.282,0,,,,,
810,2017-09-06 05:24:34,8.182,0,,,,,
811,2017-09-06 05:54:34,7.882,290.6,,,,,
812,2017-09-06 06:24:34,7.582,1463.9,,,,,
813,2017-09-06 06:54:34,8.182,3444.5,,,,,
814,2017-09-06 07:24:34,8.182,4133.4,,,,,
815,2017-09-06 07:54:34,8.382,4133.4,,,,,
816,2017-09-06 08:24:34,8.978,6544.5,,,,,
817,2017-09-06 08:54:34,8.779,10333.4,,,,,
818,2017-09-06 09:24:34,9.472,44089.2,,,,,
819,2017-09-06 09:54:34,15.187,39955.8,,,,,
820,2017-09-06 10:24:34,16.999,93689.5,,,,,
821,2017-09-06 10:54:34,15.951,24800.2,,,,,
822,2017-09-06 11:24:34,16.999,143289.8,,,,,
823,2017-09-06 11:54:34,14.996,77156.1,,,,,
824,2017-09-06 12:24:34,10.553,28933.5,,,,,
825,2017-09-06 12:54:34,10.259,35822.5,,,,,
826,2017-09-06 13:24:34,10.161,30311.3,,,,,
827,2017-09-06 13:54:34,9.275,22044.6,,,,,
828,2017-09-06 14:24:34,9.472,19977.9,,,,,
829,2017-09-06 14:54:34,14.804,82667.2,,,,,
830,2017-09-06 15:24:34,9.373,24800.2,,,,,
831,2017-09-06 15:54:34,9.571,16533.4,,,,,
832,2017-09-06 16:24:34,9.275,14466.8,,,,,
833,2017-09-06 16:54:34,9.669,24800.2,,,,,
834,2017-09-06 17:24:34,9.077,10677.8,,,,,
835,2017-09-06 17:54:34,9.472,23422.4,,,,,
836,2017-09-06 18:24:34,8.779,5511.1,,,,,
837,2017-09-06 18:54:34,8.68,7233.4,,,,,
838,2017-09-06 19:24:34,8.282,2927.8,,,,,
839,2017-09-06 19:54:34,8.082,1022.6,,,,,
840,2017-09-06 20:24:34,7.882,161.5,,,,,
841,2017-09-06 20:54:34,7.582,0,,,,,
842,2017-09-06 21:24:34,7.782,0,,,,,
843,2017-09-06 21:54:34,7.682,0,,,,,
844,2017-09-06 22:24:34,7.582,0,,,,,
845,2017-09-06 22:54:34,7.381,0,,,,,
846,2017-09-06 23:24:34,7.381,0,,,,,
847,2017-09-06 23:54:34,7.079,0,,,,,
848,2017-09-07 00:24:34,6.471,0,,,,,
849,2017-09-07 00:54:34,6.775,0,,,,,
850,2017-09-07 01:24:34,6.37,0,,,,,
851,2017-09-07 01:54:34,6.37,0,,,,,
852,2017-09-07 02:24:34,6.674,0,,,,,
853,2017-09-07 02:54:34,6.877,0,,,,,
854,2017-09-07 03:24:34,6.674,0,,,,,
855,2017-09-07 03:54:34,6.674,0,,,,,
856,2017-09-07 04:24:34,6.37,0,,,,,
857,2017-09-07 04:54:34,6.573,0,,,,,
858,2017-09-07 05:24:34,6.978,0,,,,,
859,2017-09-07 05:54:34,6.877,344.4,,,,,
860,2017-09-07 06:24:34,6.978,1227.1,,,,,
861,2017-09-07 06:54:34,7.381,3272.2,,,,,
862,2017-09-07 07:24:34,7.481,4133.4,,,,,
863,2017-09-07 07:54:34,7.481,6200,,,,,
864,2017-09-07 08:24:34,8.68,22044.6,,,,,
865,2017-09-07 08:54:34,8.481,20666.8,,,,,
866,2017-09-07 09:24:34,10.259,30311.3,,,,,
867,2017-09-07 09:54:34,12.013,46844.8,,,,,
868,2017-09-07 10:24:34,13.558,49600.3,,,,,
869,2017-09-07 10:54:34,12.594,33066.9,,,,,
870,2017-09-07 11:24:34,17.379,52355.9,,,,,
871,2017-09-07 11:54:34,16.237,44089.2,,,,,
872,2017-09-07 12:24:34,14.996,55111.5,,,,,
873,2017-09-07 12:54:34,15.091,39955.8,,,,,
874,2017-09-07 13:24:34,16.237,42711.4,,,,,
875,2017-09-07 13:54:34,11.528,21355.7,,,,,
876,2017-09-07 14:24:34,9.275,13089,,,,,
877,2017-09-07 14:54:34,11.625,27555.7,,,,,
878,2017-09-07 15:24:34,11.431,49600.3,,,,,
879,2017-09-07 15:54:34,9.768,10333.4,,,,,
880,2017-09-07 16:24:34,11.236,34444.7,,,,,
881,2017-09-07 16:54:34,10.161,19289,,,,,
882,2017-09-07 17:24:34,9.077,10333.4,,,,,
883,2017-09-07 17:54:34,8.581,5511.1,,,,,
884,2017-09-07 18:24:34,8.581,6544.5,,,,,
885,2017-09-07 18:54:34,8.382,4994.5,,,,,
886,2017-09-07 19:24:34,8.282,3100,,,,,
887,2017-09-07 19:54:34,7.983,1162.5,,,,,
888,2017-09-07 20:24:34,8.182,75.3,,,,,
889,2017-09-07 20:54:34,8.182,0,,,,,
890,2017-09-07 21:24:34,8.082,0,,,,,
891,2017-09-07 21:54:34,7.983,0,,,,,
892,2017-09-07 22:24:34,7.782,0,,,,,
893,2017-09-07 22:54:34,7.28,0,,,,,
894,2017-09-07 23:24:34,6.573,0,,,,,
895,2017-09-07 23:54:34,6.775,0,,,,,
896,2017-09-08 00:24:34,6.471,0,,,,,
897,2017-09-08 00:54:34,6.674,0,,,,,
898,2017-09-08 01:24:34,6.978,0,,,,,
899,2017-09-08 01:54:34,6.978,0,,,,,
900,2017-09-08 02:24:34,7.28,0,,,,,
901,2017-09-08 02:54:34,6.978,0,,,,,
902,2017-09-08 03:24:34,6.573,0,,,,,
903,2017-09-08 03:54:34,6.573,0,,,,,
904,2017-09-08 04:24:34,6.877,0,,,,,
905,2017-09-08 04:54:34,6.775,0,,,,,
906,2017-09-08 05:24:34,6.775,0,,,,,
907,2017-09-08 05:54:34,6.775,96.9,,,,,
908,2017-09-08 06:24:34,6.775,613.5,,,,,
909,2017-09-08 06:54:34,6.877,1636.1,,,,,
910,2017-09-08 07:24:34,6.978,6200,,,,,
911,2017-09-08 07:54:34,7.481,10677.8,,,,,
912,2017-09-08 08:24:34,7.882,16533.4,,,,,
913,2017-09-08 08:54:34,8.282,18600.1,,,,,
914,2017-09-08 09:24:34,8.481,26178,,,,,
915,2017-09-08 09:54:34,10.063,33066.9,,,,,
916,2017-09-08 10:24:34,11.819,38578,,,,,
917,2017-09-08 10:54:34,9.866,23422.4,,,,,
918,2017-09-08 11:24:34,10.259,34444.7,,,,,
919,2017-09-08 11:54:34,10.259,34444.7,,,,,
920,2017-09-08 12:24:34,10.357,26178,,,,,
921,2017-09-08 12:54:34,10.944,35822.5,,,,,
922,2017-09-08 13:24:34,10.455,21355.7,,,,,
923,2017-09-08 13:54:34,9.571,13089,,,,,
924,2017-09-08 14:24:34,8.481,6544.5,,,,,
925,2017-09-08 14:54:34,8.978,9644.5,,,,,
926,2017-09-08 15:24:34,8.779,8611.2,,,,,
927,2017-09-08 15:54:34,9.373,15844.5,,,,,
928,2017-09-08 16:24:34,10.063,26178,,,,,
929,2017-09-08 16:54:34,9.472,14466.8,,,,,
930,2017-09-08 17:24:34,8.481,8266.7,,,,,
931,2017-09-08 17:54:34,8.382,5166.7,,,,,
932,2017-09-08 18:24:34,8.182,5511.1,,,,,
933,2017-09-08 18:54:34,8.182,2927.8,,,,,
934,2017-09-08 19:24:34,8.182,3272.2,,,,,
935,2017-09-08 19:54:34,7.882,1130.2,,,,,
936,2017-09-08 20:24:34,7.682,118.4,,,,,
937,2017-09-08 20:54:34,7.582,0,,,,,
938,2017-09-08 21:24:34,7.582,0,,,,,
939,2017-09-08 21:54:34,7.481,0,,,,,
940,2017-09-08 22:24:34,7.481,0,,,,,
941,2017-09-08 22:54:34,7.481,0,,,,,
942,2017-09-08 23:24:34,7.481,0,,,,,
943,2017-09-08 23:54:34,7.481,0,,,,,
944,2017-09-09 00:24:34,7.381,0,,,,,
945,2017-09-09 00:54:34,7.381,0,,,,,
946,2017-09-09 01:24:34,7.381,0,,,,,
947,2017-09-09 01:54:34,7.381,0,,,,,
948,2017-09-09 02:24:34,7.381,0,,,,,
949,2017-09-09 02:54:34,7.381,0,,,,,
950,2017-09-09 03:24:34,7.28,0,,,,,
951,2017-09-09 03:54:34,7.28,0,,,,,
952,2017-09-09 04:24:34,7.28,0,,,,,
953,2017-09-09 04:54:34,7.079,0,,,,,
954,2017-09-09 05:24:34,7.079,0,,,,,
955,2017-09-09 05:54:34,7.079,118.4,,,,,
956,2017-09-09 06:24:34,7.179,828.8,,,,,
957,2017-09-09 06:54:34,7.28,2927.8,,,,,
958,2017-09-09 07:24:34,7.381,4822.3,,,,,
959,2017-09-09 07:54:34,8.082,6544.5,,,,,
960,2017-09-09 08:24:34,9.077,12400.1,,,,,
961,2017-09-09 08:54:34,8.978,12400.1,,,,,
962,2017-09-09 09:24:34,9.768,20666.8,,,,,
963,2017-09-09 09:54:34,16.141,34444.7,,,,,
964,2017-09-09 10:24:34,21.378,49600.3,,,,,
965,2017-09-09 10:54:34,20.138,37200.2,,,,,
966,2017-09-09 11:24:34,15.473,38578,,,,,
967,2017-09-09 11:54:34,14.23,24800.2,,,,,
968,2017-09-09 12:24:34,13.461,22044.6,,,,,
969,2017-09-09 12:54:34,14.421,33066.9,,,,,
970,2017-09-09 13:24:34,14.134,35822.5,,,,,
971,2017-09-09 13:54:34,20.138,79911.6,,,,,
972,2017-09-09 14:24:34,17.665,31689.1,,,,,
973,2017-09-09 14:54:34,12.304,21355.7,,,,,
974,2017-09-09 15:24:34,11.431,15155.7,,,,,
975,2017-09-09 15:54:34,11.625,14466.8,,,,,
976,2017-09-09 16:24:34,12.013,15844.5,,,,,
977,2017-09-09 16:54:34,11.431,9300.1,,,,,
978,2017-09-09 17:24:34,10.944,14466.8,,,,,
979,2017-09-09 17:54:34,10.846,12400.1,,,,,
980,2017-09-09 18:24:34,10.161,6200,,,,,
981,2017-09-09 18:54:34,10.063,3272.2,,,,,
982,2017-09-09 19:24:34,9.669,1151.7,,,,,
983,2017-09-09 19:54:34,9.373,215.3,,,,,
984,2017-09-09 20:24:34,9.077,10.8,,,,,
985,2017-09-09 20:54:34,8.978,0,,,,,
986,2017-09-09 21:24:34,8.581,0,,,,,
987,2017-09-09 21:54:34,8.581,0,,,,,
988,2017-09-09 22:24:34,8.481,0,,,,,
989,2017-09-09 22:54:34,8.382,0,,,,,
990,2017-09-09 23:24:34,8.382,0,,,,,
991,2017-09-09 23:54:34,8.382,0,,,,,
992,2017-09-10 00:24:34,8.182,0,,,,,
993,2017-09-10 00:54:34,8.182,0,,,,,
994,2017-09-10 01:24:34,8.082,0,,,,,
995,2017-09-10 01:54:34,8.082,0,,,,,
996,2017-09-10 02:24:34,8.182,0,,,,,
997,2017-09-10 02:54:34,8.182,0,,,,,
998,2017-09-10 03:24:34,8.282,0,,,,,
999,2017-09-10 03:54:34,7.882,0,,,,,
1000,2017-09-10 04:24:34,7.782,0,,,,,
1001,2017-09-10 04:54:34,7.882,0,,,,,
1002,2017-09-10 05:24:34,7.882,0,,,,,
1003,2017-09-10 05:54:34,7.28,10.8,,,,,
1004,2017-09-10 06:24:34,6.978,139.9,,,,,
1005,2017-09-10 06:54:34,6.978,441.3,,,,,
1006,2017-09-10 07:24:34,6.978,1894.5,,,,,
1007,2017-09-10 07:54:34,7.179,5166.7,,,,,
1008,2017-09-10 08:24:34,7.582,8611.2,,,,,
1009,2017-09-10 08:54:34,8.082,19289,,,,,
1010,2017-09-10 09:24:34,8.082,17911.2,,,,,
1011,2017-09-10 09:54:34,7.782,13777.9,,,,,
1012,2017-09-10 10:24:34,7.983,13777.9,,,,,
1013,2017-09-10 10:54:34,7.882,10677.8,,,,,
1014,2017-09-10 11:24:34,8.481,19977.9,,,,,
1015,2017-09-10 11:54:34,8.68,15844.5,,,,,
1016,2017-09-10 12:24:34,8.978,28933.5,,,,,
1017,2017-09-10 12:54:34,8.779,20666.8,,,,,
1018,2017-09-10 13:24:34,8.779,19289,,,,,
1019,2017-09-10 13:54:34,8.779,16533.4,,,,,
1020,2017-09-10 14:24:34,8.182,12400.1,,,,,
1021,2017-09-10 14:54:34,8.382,17911.2,,,,,
1022,2017-09-10 15:24:34,8.779,22044.6,,,,,
1023,2017-09-10 15:54:34,7.983,12400.1,,,,,
1024,2017-09-10 16:24:34,7.983,15844.5,,,,,
1025,2017-09-10 16:54:34,7.882,15155.7,,,,,
1026,2017-09-10 17:24:34,8.182,18600.1,,,,,
1027,2017-09-10 17:54:34,7.079,8266.7,,,,,
1028,2017-09-10 18:24:34,6.877,5511.1,,,,,
1029,2017-09-10 18:54:34,6.573,1894.5,,,,,
1030,2017-09-10 19:24:34,6.37,1980.6,,,,,
1031,2017-09-10 19:54:34,6.166,236.8,,,,,
1032,2017-09-10 20:24:34,5.962,10.8,,,,,
1033,2017-09-10 20:54:34,5.86,0,,,,,
1034,2017-09-10 21:24:34,5.962,0,,,,,
1035,2017-09-10 21:54:34,5.757,0,,,,,
1036,2017-09-10 22:24:34,5.757,0,,,,,
1037,2017-09-10 22:54:34,5.347,0,,,,,
1038,2017-09-10 23:24:34,5.45,0,,,,,
1039,2017-09-10 23:54:34,5.552,0,,,,,
1040,2017-09-11 00:24:34,5.552,0,,,,,
1041,2017-09-11 00:54:34,5.552,0,,,,,
1042,2017-09-11 01:24:34,5.45,0,,,,,
1043,2017-09-11 01:54:34,5.552,0,,,,,
1044,2017-09-11 02:24:34,5.347,0,,,,,
1045,2017-09-11 02:54:34,5.244,0,,,,,
1046,2017-09-11 03:24:34,5.347,0,,,,,
1047,2017-09-11 03:54:34,5.347,0,,,,,
1048,2017-09-11 04:24:34,5.45,0,,,,,
1049,2017-09-11 04:54:34,5.45,0,,,,,
1050,2017-09-11 05:24:34,5.552,0,,,,,
1051,2017-09-11 05:54:34,5.552,0,,,,,
1052,2017-09-11 06:24:34,5.655,129.2,,,,,
1053,2017-09-11 06:54:34,5.552,452.1,,,,,
1054,2017-09-11 07:24:34,5.347,850.4,,,,,
1055,2017-09-11 07:54:34,5.141,1463.9,,,,,
1056,2017-09-11 08:24:34,5.244,3100,,,,,
1057,2017-09-11 08:54:34,5.45,5166.7,,,,,
1058,2017-09-11 09:24:34,5.45,6544.5,,,,,
1059,2017-09-11 09:54:34,5.45,7577.8,,,,,
1060,2017-09-11 10:24:34,5.552,3444.5,,,,,
1061,2017-09-11 10:54:34,5.552,8611.2,,,,,
1062,2017-09-11 11:24:34,5.655,12400.1,,,,,
1063,2017-09-11 11:54:34,6.064,15844.5,,,,,
1064,2017-09-11 12:24:34,9.176,77156.1,,,,,
1065,2017-09-11 12:54:34,13.365,115734.1,,,,,
1066,2017-09-11 13:24:34,16.903,170845.6,,,,,
1067,2017-09-11 13:54:34,16.713,99200.7,,,,,
1068,2017-09-11 14:24:34,16.808,132267.5,,,,,
1069,2017-09-11 14:54:34,16.618,121245.2,,,,,
1070,2017-09-11 15:24:34,15.378,104711.8,,,,,
1071,2017-09-11 15:54:34,14.517,115734.1,,,,,
1072,2017-09-11 16:24:34,13.269,22044.6,,,,,
1073,2017-09-11 16:54:34,12.594,28933.5,,,,,
1074,2017-09-11 17:24:34,11.625,33066.9,,,,,
1075,2017-09-11 17:54:34,8.481,23422.4,,,,,
1076,2017-09-11 18:24:34,7.079,4994.5,,,,,
1077,2017-09-11 18:54:34,5.141,3444.5,,,,,
1078,2017-09-11 19:24:34,4.207,1894.5,,,,,
1079,2017-09-11 19:54:34,3.683,290.6,,,,,
1080,2017-09-11 20:24:34,3.367,10.8,,,,,
1081,2017-09-11 20:54:34,3.049,0,,,,,
1082,2017-09-11 21:24:34,2.303,0,,,,,
1083,2017-09-11 21:54:34,1.764,0,,,,,
1084,2017-09-11 22:24:34,1.33,0,,,,,
1085,2017-09-11 22:54:34,2.195,0,,,,,
1086,2017-09-11 23:24:34,2.41,0,,,,,
1087,2017-09-11 23:54:34,2.517,0,,,,,
1088,2017-09-12 00:24:34,1.656,0,,,,,
1089,2017-09-12 00:54:34,2.088,0,,,,,
1090,2017-09-12 01:24:34,2.303,0,,,,,
1091,2017-09-12 01:54:34,1.872,0,,,,,
1092,2017-09-12 02:24:34,2.195,0,,,,,
1093,2017-09-12 02:54:34,1.98,0,,,,,
1094,2017-09-12 03:24:34,2.41,0,,,,,
1095,2017-09-12 03:54:34,2.624,0,,,,,
1096,2017-09-12 04:24:34,2.517,0,,,,,
1097,2017-09-12 04:54:34,2.517,0,,,,,
1098,2017-09-12 05:24:34,2.088,0,,,,,
1099,2017-09-12 05:54:34,2.303,53.8,,,,,
1100,2017-09-12 06:24:34,2.195,667.4,,,,,
1101,2017-09-12 06:54:34,1.872,1808.3,,,,,
1102,2017-09-12 07:24:34,5.244,5511.1,,,,,
1103,2017-09-12 07:54:34,5.037,5166.7,,,,,
1104,2017-09-12 08:24:34,6.674,7577.8,,,,,
1105,2017-09-12 08:54:34,7.882,10333.4,,,,,
1106,2017-09-12 09:24:34,9.965,12400.1,,,,,
1107,2017-09-12 09:54:34,7.682,20666.8,,,,,
1108,2017-09-12 10:24:34,8.082,37200.2,,,,,
1109,2017-09-12 10:54:34,12.594,44089.2,,,,,
1110,2017-09-12 11:24:34,14.804,82667.2,,,,,
1111,2017-09-12 11:54:34,14.23,39955.8,,,,,
1112,2017-09-12 12:24:34,10.161,33066.9,,,,,
1113,2017-09-12 12:54:34,10.063,49600.3,,,,,
1114,2017-09-12 13:24:34,9.866,41333.6,,,,,
1115,2017-09-12 13:54:34,10.259,42711.4,,,,,
1116,2017-09-12 14:24:34,12.013,52355.9,,,,,
1117,2017-09-12 14:54:34,11.722,37200.2,,,,,
1118,2017-09-12 15:24:34,10.553,28933.5,,,,,
1119,2017-09-12 15:54:34,9.571,24800.2,,,,,
1120,2017-09-12 16:24:34,9.275,22044.6,,,,,
1121,2017-09-12 16:54:34,9.571,21355.7,,,,,
1122,2017-09-12 17:24:34,9.077,15844.5,,,,,
1123,2017-09-12 17:54:34,8.779,10333.4,,,,,
1124,2017-09-12 18:24:34,10.553,8266.7,,,,,
1125,2017-09-12 18:54:34,7.481,4305.6,,,,,
1126,2017-09-12 19:24:34,6.471,1550,,,,,
1127,2017-09-12 19:54:34,5.552,290.6,,,,,
1128,2017-09-12 20:24:34,5.347,0,,,,,
1129,2017-09-12 20:54:34,5.552,0,,,,,
1130,2017-09-12 21:24:34,5.655,0,,,,,
1131,2017-09-12 21:54:34,5.45,0,,,,,
1132,2017-09-12 22:24:34,5.757,0,,,,,
1133,2017-09-12 22:54:34,5.347,0,,,,,
1134,2017-09-12 23:24:34,5.347,0,,,,,
1135,2017-09-12 23:54:34,5.141,0,,,,,
1136,2017-09-13 00:24:34,5.45,0,,,,,
1137,2017-09-13 00:54:34,5.552,0,,,,,
1138,2017-09-13 01:24:34,5.552,0,,,,,
1139,2017-09-13 01:54:34,5.757,0,,,,,
1140,2017-09-13 02:24:34,5.655,0,,,,,
1141,2017-09-13 02:54:34,5.655,0,,,,,
1142,2017-09-13 03:24:34,5.757,0,,,,,
1143,2017-09-13 03:54:34,5.655,0,,,,,
1144,2017-09-13 04:24:34,5.655,0,,,,,
1145,2017-09-13 04:54:34,5.347,0,,,,,
1146,2017-09-13 05:24:34,5.244,0,,,,,
1147,2017-09-13 05:54:34,5.141,32.3,,,,,
1148,2017-09-13 06:24:34,5.037,452.1,,,,,
1149,2017-09-13 06:54:34,4.623,2497.2,,,,,
1150,2017-09-13 07:24:34,4.727,4133.4,,,,,
1151,2017-09-13 07:54:34,4.934,10333.4,,,,,
1152,2017-09-13 08:24:34,5.757,14466.8,,,,,
1153,2017-09-13 08:54:34,6.775,26178,,,,,
1154,2017-09-13 09:24:34,6.37,23422.4,,,,,
1155,2017-09-13 09:54:34,5.962,23422.4,,,,,
1156,2017-09-13 10:24:34,6.37,24800.2,,,,,
1157,2017-09-13 10:54:34,7.481,37200.2,,,,,
1158,2017-09-13 11:24:34,7.582,35822.5,,,,,
1159,2017-09-13 11:54:34,7.582,55111.5,,,,,
1160,2017-09-13 12:24:34,8.481,33066.9,,,,,
1161,2017-09-13 12:54:34,9.176,115734.1,,,,,
1162,2017-09-13 13:24:34,10.161,88178.4,,,,,
1163,2017-09-13 13:54:34,11.819,93689.5,,,,,
1164,2017-09-13 14:24:34,9.373,46844.8,,,,,
1165,2017-09-13 14:54:34,9.275,41333.6,,,,,
1166,2017-09-13 15:24:34,13.269,104711.8,,,,,
1167,2017-09-13 15:54:34,12.207,104711.8,,,,,
1168,2017-09-13 16:24:34,7.782,46844.8,,,,,
1169,2017-09-13 16:54:34,9.472,55111.5,,,,,
1170,2017-09-13 17:24:34,8.581,31689.1,,,,,
1171,2017-09-13 17:54:34,8.879,41333.6,,,,,
1172,2017-09-13 18:24:34,7.28,12400.1,,,,,
1173,2017-09-13 18:54:34,5.962,5166.7,,,,,
1174,2017-09-13 19:24:34,4.727,2066.7,,,,,
1175,2017-09-13 19:54:34,4.623,204.5,,,,,
1176,2017-09-13 20:24:34,4.519,0,,,,,
1177,2017-09-13 20:54:34,4.415,0,,,,,
1178,2017-09-13 21:24:34,4.311,0,,,,,
1179,2017-09-13 21:54:34,4.727,0,,,,,
1180,2017-09-13 22:24:34,4.727,0,,,,,
1181,2017-09-13 22:54:34,4.623,0,,,,,
1182,2017-09-13 23:24:34,4.415,0,,,,,
1183,2017-09-13 23:54:34,4.519,0,,,,,
1184,2017-09-14 00:24:34,4.519,0,,,,,
1185,2017-09-14 00:54:34,4.623,0,,,,,
1186,2017-09-14 01:24:34,4.623,0,,,,,
1187,2017-09-14 01:54:34,3.998,0,,,,,
1188,2017-09-14 02:24:34,3.998,0,,,,,
1189,2017-09-14 02:54:34,3.788,0,,,,,
1190,2017-09-14 03:24:34,3.683,0,,,,,
1191,2017-09-14 03:54:34,4.207,0,,,,,
1192,2017-09-14 04:24:34,4.623,0,,,,,
1193,2017-09-14 04:54:34,4.519,0,,,,,
1194,2017-09-14 05:24:34,4.415,0,,,,,
1195,2017-09-14 05:54:34,4.623,0,,,,,
1196,2017-09-14 06:24:34,3.788,129.2,,,,,
1197,2017-09-14 06:54:34,3.998,678.1,,,,,
1198,2017-09-14 07:24:34,4.207,2152.8,,,,,
1199,2017-09-14 07:54:34,4.727,4133.4,,,,,
1200,2017-09-14 08:24:34,4.934,2066.7,,,,,
1201,2017-09-14 08:54:34,5.141,3444.5,,,,,
1202,2017-09-14 09:24:34,5.244,5166.7,,,,,
1203,2017-09-14 09:54:34,5.655,7577.8,,,,,
1204,2017-09-14 10:24:34,5.347,6200,,,,,
1205,2017-09-14 10:54:34,5.962,15844.5,,,,,
1206,2017-09-14 11:24:34,7.079,34444.7,,,,,
1207,2017-09-14 11:54:34,6.674,14466.8,,,,,
1208,2017-09-14 12:24:34,6.37,15844.5,,,,,
1209,2017-09-14 12:54:34,7.079,16533.4,,,,,
1210,2017-09-14 13:24:34,6.775,15844.5,,,,,
1211,2017-09-14 13:54:34,8.68,41333.6,,,,,
1212,2017-09-14 14:24:34,7.782,19289,,,,,
1213,2017-09-14 14:54:34,7.481,12400.1,,,,,
1214,2017-09-14 15:24:34,7.381,10677.8,,,,,
1215,2017-09-14 15:54:34,7.882,13777.9,,,,,
1216,2017-09-14 16:24:34,8.182,22044.6,,,,,
1217,2017-09-14 16:54:34,8.779,15844.5,,,,,
1218,2017-09-14 17:24:34,9.176,15155.7,,,,,
1219,2017-09-14 17:54:34,7.782,8266.7,,,,,
1220,2017-09-14 18:24:34,7.582,8611.2,,,,,
1221,2017-09-14 18:54:34,8.779,4305.6,,,,,
1222,2017-09-14 19:24:34,6.37,1097.9,,,,,
1223,2017-09-14 19:54:34,5.347,118.4,,,,,
1224,2017-09-14 20:24:34,4.207,0,,,,,
1225,2017-09-14 20:54:34,4.311,0,,,,,
1226,2017-09-14 21:24:34,3.998,0,,,,,
1227,2017-09-14 21:54:34,4.102,0,,,,,
1228,2017-09-14 22:24:34,4.102,0,,,,,
1229,2017-09-14 22:54:34,2.837,0,,,,,
1230,2017-09-14 23:24:34,2.624,0,,,,,
1231,2017-09-14 23:54:34,3.261,0,,,,,
1232,2017-09-15 00:24:34,3.683,0,,,,,
1233,2017-09-15 00:54:34,3.788,0,,,,,
1234,2017-09-15 01:24:34,3.893,0,,,,,
1235,2017-09-15 01:54:34,3.683,0,,,,,
1236,2017-09-15 02:24:34,4.415,0,,,,,
1237,2017-09-15 02:54:34,4.207,0,,,,,
1238,2017-09-15 03:24:34,4.623,0,,,,,
1239,2017-09-15 03:54:34,4.519,0,,,,,
1240,2017-09-15 04:24:34,4.727,0,,,,,
1241,2017-09-15 04:54:34,4.415,0,,,,,
1242,2017-09-15 05:24:34,4.831,0,,,,,
1243,2017-09-15 05:54:34,5.037,0,,,,,
1244,2017-09-15 06:24:34,5.244,301.4,,,,,
1245,2017-09-15 06:54:34,5.244,925.7,,,,,
1246,2017-09-15 07:24:34,5.757,2325,,,,,
1247,2017-09-15 07:54:34,6.064,3272.2,,,,,
1248,2017-09-15 08:24:34,6.775,6200,,,,,
1249,2017-09-15 08:54:34,7.682,14466.8,,,,,
1250,2017-09-15 09:24:34,7.983,18600.1,,,,,
1251,2017-09-15 09:54:34,8.382,17911.2,,,,,
1252,2017-09-15 10:24:34,9.077,16533.4,,,,,
1253,2017-09-15 10:54:34,9.472,22044.6,,,,,
1254,2017-09-15 11:24:34,10.846,41333.6,,,,,
1255,2017-09-15 11:54:34,10.748,28933.5,,,,,
1256,2017-09-15 12:24:34,10.063,20666.8,,,,,
1257,2017-09-15 12:54:34,10.553,28933.5,,,,,
1258,2017-09-15 13:24:34,8.481,11022.3,,,,,
1259,2017-09-15 13:54:34,10.063,26178,,,,,
1260,2017-09-15 14:24:34,16.713,44089.2,,,,,
1261,2017-09-15 14:54:34,18.236,33066.9,,,,,
1262,2017-09-15 15:24:34,14.038,42711.4,,,,,
1263,2017-09-15 15:54:34,13.076,21355.7,,,,,
1264,2017-09-15 16:24:34,12.401,31689.1,,,,,
1265,2017-09-15 16:54:34,12.497,18600.1,,,,,
1266,2017-09-15 17:24:34,12.11,10677.8,,,,,
1267,2017-09-15 17:54:34,13.558,14466.8,,,,,
1268,2017-09-15 18:24:34,12.98,8611.2,,,,,
1269,2017-09-15 18:54:34,10.651,1980.6,,,,,
1270,2017-09-15 19:24:34,10.944,559.7,,,,,
1271,2017-09-15 19:54:34,10.063,53.8,,,,,
1272,2017-09-15 20:24:34,9.077,0,,,,,
1273,2017-09-15 20:54:34,9.571,0,,,,,
1274,2017-09-15 21:24:34,10.161,0,,,,,
1275,2017-09-15 21:54:34,9.965,0,,,,,
1276,2017-09-15 22:24:34,8.978,0,,,,,
1277,2017-09-15 22:54:34,8.481,0,,,,,
1278,2017-09-15 23:24:34,8.282,0,,,,,
1279,2017-09-15 23:54:34,9.176,0,,,,,
1280,2017-09-16 00:24:34,8.978,0,,,,,
1281,2017-09-16 00:54:34,7.582,0,,,,,
1282,2017-09-16 01:24:34,8.182,0,,,,,
1283,2017-09-16 01:54:34,8.082,0,,,,,
1284,2017-09-16 02:24:34,8.082,0,,,,,
1285,2017-09-16 02:54:34,9.077,0,,,,,
1286,2017-09-16 03:24:34,9.571,0,,,,,
1287,2017-09-16 03:54:34,8.282,0,,,,,
1288,2017-09-16 04:24:34,7.179,0,,,,,
1289,2017-09-16 04:54:34,7.179,0,,,,,
1290,2017-09-16 05:24:34,6.268,0,,,,,
1291,2017-09-16 05:54:34,6.573,0,,,,,
1292,2017-09-16 06:24:34,7.179,301.4,,,,,
1293,2017-09-16 06:54:34,7.28,1894.5,,,,,
1294,2017-09-16 07:24:34,6.877,3788.9,,,,,
1295,2017-09-16 07:54:34,7.481,14466.8,,,,,
1296,2017-09-16 08:24:34,8.978,22044.6,,,,,
1297,2017-09-16 08:54:34,8.779,16533.4,,,,,
1298,2017-09-16 09:24:34,8.182,11711.2,,,,,
1299,2017-09-16 09:54:34,9.275,17222.3,,,,,
1300,2017-09-16 10:24:34,8.879,14466.8,,,,,
1301,2017-09-16 10:54:34,9.669,28933.5,,,,,
1302,2017-09-16 11:24:34,13.269,74400.5,,,,,
1303,2017-09-16 11:54:34,11.236,46844.8,,,,,
1304,2017-09-16 12:24:34,13.269,46844.8,,,,,
1305,2017-09-16 12:54:34,12.013,44089.2,,,,,
1306,2017-09-16 13:24:34,10.161,22044.6,,,,,
1307,2017-09-16 13:54:34,10.357,22044.6,,,,,
1308,2017-09-16 14:24:34,10.455,19289,,,,,
1309,2017-09-16 14:54:34,10.651,16533.4,,,,,
1310,2017-09-16 15:24:34,11.334,20666.8,,,,,
1311,2017-09-16 15:54:34,11.528,21355.7,,,,,
1312,2017-09-16 16:24:34,11.334,14466.8,,,,,
1313,2017-09-16 16:54:34,12.11,17222.3,,,,,
1314,2017-09-16 17:24:34,11.819,12400.1,,,,,
1315,2017-09-16 17:54:34,11.625,4994.5,,,,,
1316,2017-09-16 18:24:34,11.431,1980.6,,,,,
1317,2017-09-16 18:54:34,11.528,2066.7,,,,,
1318,2017-09-16 19:24:34,11.722,161.5,,,,,
1319,2017-09-16 19:54:34,11.236,21.5,,,,,
1320,2017-09-16 20:24:34,11.722,0,,,,,
1321,2017-09-16 20:54:34,11.722,0,,,,,
1322,2017-09-16 21:24:34,11.334,0,,,,,
1323,2017-09-16 21:54:34,11.139,0,,,,,
1324,2017-09-16 22:24:34,11.236,0,,,,,
1325,2017-09-16 22:54:34,11.041,0,,,,,
1326,2017-09-16 23:24:34,11.139,0,,,,,
1327,2017-09-16 23:54:34,11.139,0,,,,,
1328,2017-09-17 00:24:34,11.041,0,,,,,
1329,2017-09-17 00:54:34,10.748,0,,,,,
1330,2017-09-17 01:24:34,10.846,0,,,,,
1331,2017-09-17 01:54:34,10.748,0,,,,,
1332,2017-09-17 02:24:34,10.846,0,,,,,
1333,2017-09-17 02:54:34,10.944,0,,,,,
1334,2017-09-17 03:24:34,11.334,0,,,,,
1335,2017-09-17 03:54:34,11.431,0,,,,,
1336,2017-09-17 04:24:34,11.334,0,,,,,
1337,2017-09-17 04:54:34,10.553,0,,,,,
1338,2017-09-17 05:24:34,10.846,0,,,,,
1339,2017-09-17 05:54:34,11.722,0,,,,,
1340,2017-09-17 06:24:34,10.455,75.3,,,,,
1341,2017-09-17 06:54:34,10.651,602.8,,,,,
1342,2017-09-17 07:24:34,10.357,2669.5,,,,,
1343,2017-09-17 07:54:34,10.161,4650,,,,,
1344,2017-09-17 08:24:34,10.846,8266.7,,,,,
1345,2017-09-17 08:54:34,11.041,14466.8,,,,,
1346,2017-09-17 09:24:34,11.528,20666.8,,,,,
1347,2017-09-17 09:54:34,12.594,34444.7,,,,,
1348,2017-09-17 10:24:34,16.141,42711.4,,,,,
1349,2017-09-17 10:54:34,14.804,44089.2,,,,,
1350,2017-09-17 11:24:34,19.092,71644.9,,,,,
1351,2017-09-17 11:54:34,19.187,126756.4,,,,,
1352,2017-09-17 12:24:34,17.189,41333.6,,,,,
1353,2017-09-17 12:54:34,16.999,57867,,,,,
1354,2017-09-17 13:24:34,20.329,77156.1,,,,,
1355,2017-09-17 13:54:34,20.234,57867,,,,,
1356,2017-09-17 14:24:34,16.903,41333.6,,,,,
1357,2017-09-17 14:54:34,15.378,41333.6,,,,,
1358,2017-09-17 15:24:34,15.664,28933.5,,,,,
1359,2017-09-17 15:54:34,14.517,16533.4,,,,,
1360,2017-09-17 16:24:34,14.23,11711.2,,,,,
1361,2017-09-17 16:54:34,14.134,10333.4,,,,,
1362,2017-09-17 17:24:34,14.038,9300.1,,,,,
1363,2017-09-17 17:54:34,12.98,5511.1,,,,,
1364,2017-09-17 18:24:34,12.401,2152.8,,,,,
1365,2017-09-17 18:54:34,12.98,871.9,,,,,
1366,2017-09-17 19:24:34,11.722,247.6,,,,,
1367,2017-09-17 19:54:34,11.819,10.8,,,,,
1368,2017-09-17 20:24:34,12.69,0,,,,,
1369,2017-09-17 20:54:34,12.497,0,,,,,
1370,2017-09-17 21:24:34,11.722,0,,,,,
1371,2017-09-17 21:54:34,12.11,0,,,,,
1372,2017-09-17 22:24:34,11.722,0,,,,,
1373,2017-09-17 22:54:34,10.748,0,,,,,
1374,2017-09-17 23:24:34,10.651,0,,,,,
1375,2017-09-17 23:54:34,10.455,0,,,,,
1376,2017-09-18 00:24:34,10.063,0,,,,,
1377,2017-09-18 00:54:34,10.063,0,,,,,
1378,2017-09-18 01:24:34,9.866,0,,,,,
1379,2017-09-18 01:54:34,9.669,0,,,,,
1380,2017-09-18 02:24:34,10.161,0,,,,,
1381,2017-09-18 02:54:34,10.063,0,,,,,
1382,2017-09-18 03:24:34,9.768,0,,,,,
1383,2017-09-18 03:54:34,9.275,0,,,,,
1384,2017-09-18 04:24:34,9.275,0,,,,,
1385,2017-09-18 04:54:34,9.768,0,,,,,
1386,2017-09-18 05:24:34,8.978,0,,,,,
1387,2017-09-18 05:54:34,8.978,0,,,,,
1388,2017-09-18 06:24:34,8.978,376.7,,,,,
1389,2017-09-18 06:54:34,9.176,2411.1,,,,,
1390,2017-09-18 07:24:34,11.236,6200,,,,,
1391,2017-09-18 07:54:34,9.571,4477.8,,,,,
1392,2017-09-18 08:24:34,14.325,15155.7,,,,,
1393,2017-09-18 08:54:34,13.558,9300.1,,,,,
1394,2017-09-18 09:24:34,17.57,74400.5,,,,,
1395,2017-09-18 09:54:34,18.521,46844.8,,,,,
1396,2017-09-18 10:24:34,19.282,71644.9,,,,,
1397,2017-09-18 10:54:34,20.329,77156.1,,,,,
1398,2017-09-18 11:24:34,20.71,77156.1,,,,,
1399,2017-09-18 11:54:34,23.004,115734.1,,,,,
1400,2017-09-18 12:24:34,22.333,99200.7,,,,,
1401,2017-09-18 12:54:34,22.621,115734.1,,,,,
1402,2017-09-18 13:24:34,24.835,126756.4,,,,,
1403,2017-09-18 13:54:34,18.236,41333.6,,,,,
1404,2017-09-18 14:24:34,15.282,33066.9,,,,,
1405,2017-09-18 14:54:34,17.665,52355.9,,,,,
1406,2017-09-18 15:24:34,25.513,82667.2,,,,,
1407,2017-09-18 15:54:34,17.189,18600.1,,,,,
1408,2017-09-18 16:24:34,25.513,37200.2,,,,,
1409,2017-09-18 16:54:34,19.377,20666.8,,,,,
1410,2017-09-18 17:24:34,27.567,26178,,,,,
1411,2017-09-18 17:54:34,14.9,7233.4,,,,,
1412,2017-09-18 18:24:34,11.528,1356.3,,,,,
1413,2017-09-18 18:54:34,10.357,559.7,,,,,
1414,2017-09-18 19:24:34,8.779,355.2,,,,,
1415,2017-09-18 19:54:34,9.373,10.8,,,,,
1416,2017-09-18 20:24:34,9.472,0,,,,,
1417,2017-09-18 20:54:34,8.68,0,,,,,
1418,2017-09-18 21:24:34,8.978,0,,,,,
1419,2017-09-18 21:54:34,8.581,0,,,,,
1420,2017-09-18 22:24:34,8.581,0,,,,,
1421,2017-09-18 22:54:34,8.68,0,,,,,
1422,2017-09-18 23:24:34,9.176,0,,,,,
1423,2017-09-18 23:54:34,9.472,0,,,,,
1424,2017-09-19 00:24:34,9.077,0,,,,,
1425,2017-09-19 00:54:34,8.978,0,,,,,
1426,2017-09-19 01:24:34,8.879,0,,,,,
1427,2017-09-19 01:54:34,9.768,0,,,,,
1428,2017-09-19 02:24:34,10.161,0,,,,,
1429,2017-09-19 02:54:34,10.063,0,,,,,
1430,2017-09-19 03:24:34,9.965,0,,,,,
1431,2017-09-19 03:54:34,10.063,0,,,,,
1432,2017-09-19 04:24:34,9.571,0,,,,,
1433,2017-09-19 04:54:34,9.669,0,,,,,
1434,2017-09-19 05:24:34,10.063,0,,,,,
1435,2017-09-19 05:54:34,9.275,0,,,,,
1436,2017-09-19 06:24:34,8.879,32.3,,,,,
1437,2017-09-19 06:54:34,8.879,559.7,,,,,
1438,2017-09-19 07:24:34,8.978,2497.2,,,,,
1439,2017-09-19 07:54:34,9.768,5166.7,,,,,
1440,2017-09-19 08:24:34,10.357,5166.7,,,,,
1441,2017-09-19 08:54:34,10.357,4477.8,,,,,
1442,2017-09-19 09:24:34,9.275,7233.4,,,,,
1443,2017-09-19 09:54:34,18.045,68889.3,,,,,
1444,2017-09-19 10:24:34,16.332,34444.7,,,,,
1445,2017-09-19 10:54:34,16.523,19289,,,,,
1446,2017-09-19 11:24:34,20.615,126756.4,,,,,
1447,2017-09-19 11:54:34,18.045,66133.8,,,,,
1448,2017-09-19 12:24:34,22.429,115734.1,,,,,
1449,2017-09-19 12:54:34,24.255,132267.5,,,,,
1450,2017-09-19 13:24:34,16.523,46844.8,,,,,
1451,2017-09-19 13:54:34,28.555,132267.5,,,,,
1452,2017-09-19 14:24:34,23.388,26178,,,,,
1453,2017-09-19 14:54:34,16.427,20666.8,,,,,
1454,2017-09-19 15:24:34,14.23,16533.4,,,,,
1455,2017-09-19 15:54:34,10.944,7577.8,,,,,
1456,2017-09-19 16:24:34,10.944,27555.7,,,,,
1457,2017-09-19 16:54:34,11.528,21355.7,,,,,
1458,2017-09-19 17:24:34,10.846,10333.4,,,,,
1459,2017-09-19 17:54:34,16.141,13089,,,,,
1460,2017-09-19 18:24:34,14.613,4650,,,,,
1461,2017-09-19 18:54:34,9.866,602.8,,,,,
1462,2017-09-19 19:24:34,9.275,301.4,,,,,
1463,2017-09-19 19:54:34,9.176,0,,,,,
1464,2017-09-19 20:24:34,8.879,0,,,,,
1465,2017-09-19 20:54:34,8.68,0,,,,,
1466,2017-09-19 21:24:34,8.879,0,,,,,
1467,2017-09-19 21:54:34,8.581,0,,,,,
1468,2017-09-19 22:24:34,8.282,0,,,,,
1469,2017-09-19 22:54:34,8.581,0,,,,,
1470,2017-09-19 23:24:34,8.68,0,,,,,
1471,2017-09-19 23:54:34,8.481,0,,,,,
1472,2017-09-20 00:24:34,8.68,0,,,,,
1473,2017-09-20 00:54:34,8.581,0,,,,,
1474,2017-09-20 01:24:34,8.779,0,,,,,
1475,2017-09-20 01:54:34,8.68,0,,,,,
1476,2017-09-20 02:24:34,8.581,0,,,,,
1477,2017-09-20 02:54:34,8.382,0,,,,,
1478,2017-09-20 03:24:34,8.282,0,,,,,
1479,2017-09-20 03:54:34,8.182,0,,,,,
1480,2017-09-20 04:24:34,8.282,0,,,,,
1481,2017-09-20 04:54:34,8.382,0,,,,,
1482,2017-09-20 05:24:34,8.282,0,,,,,
1483,2017-09-20 05:54:34,8.481,0,,,,,
1484,2017-09-20 06:24:34,8.282,21.5,,,,,
1485,2017-09-20 06:54:34,8.282,183,,,,,
1486,2017-09-20 07:24:34,8.182,710.4,,,,,
1487,2017-09-20 07:54:34,7.682,1001,,,,,
1488,2017-09-20 08:24:34,7.481,1054.9,,,,,
1489,2017-09-20 08:54:34,7.481,4133.4,,,,,
1490,2017-09-20 09:24:34,9.571,11711.2,,,,,
1491,2017-09-20 09:54:34,8.382,7233.4,,,,,
1492,2017-09-20 10:24:34,8.779,23422.4,,,,,
1493,2017-09-20 10:54:34,8.581,7577.8,,,,,
1494,2017-09-20 11:24:34,8.68,7577.8,,,,,
1495,2017-09-20 11:54:34,8.481,3788.9,,,,,
1496,2017-09-20 12:24:34,8.68,22044.6,,,,,
1497,2017-09-20 12:54:34,8.978,7233.4,,,,,
1498,2017-09-20 13:24:34,9.275,7577.8,,,,,
1499,2017-09-20 13:54:34,9.176,9644.5,,,,,
1500,2017-09-20 14:24:34,10.063,14466.8,,,,,
1501,2017-09-20 14:54:34,10.553,26178,,,,,
1502,2017-09-20 15:24:34,9.176,11711.2,,,,,
1503,2017-09-20 15:54:34,10.161,16533.4,,,,,
1504,2017-09-20 16:24:34,9.472,16533.4,,,,,
1505,2017-09-20 16:54:34,10.357,11022.3,,,,,
1506,2017-09-20 17:24:34,12.304,88178.4,,,,,
1507,2017-09-20 17:54:34,9.077,6544.5,,,,,
1508,2017-09-20 18:24:34,9.866,5511.1,,,,,
1509,2017-09-20 18:54:34,8.68,1894.5,,,,,
1510,2017-09-20 19:24:34,7.882,624.3,,,,,
1511,2017-09-20 19:54:34,8.182,0,,,,,
1512,2017-09-20 20:24:34,7.582,0,,,,,
1513,2017-09-20 20:54:34,7.079,0,,,,,
1514,2017-09-20 21:24:34,6.573,0,,,,,
1515,2017-09-20 21:54:34,6.471,0,,,,,
1516,2017-09-20 22:24:34,6.978,0,,,,,
1517,2017-09-20 22:54:34,5.45,0,,,,,
1518,2017-09-20 23:24:34,5.45,0,,,,,
1519,2017-09-20 23:54:34,5.037,0,,,,,
1520,2017-09-21 00:24:34,5.962,0,,,,,
1521,2017-09-21 00:54:34,4.415,0,,,,,
1522,2017-09-21 01:24:34,5.037,0,,,,,
1523,2017-09-21 01:54:34,5.037,0,,,,,
1524,2017-09-21 02:24:34,4.934,0,,,,,
1525,2017-09-21 02:54:34,5.141,0,,,,,
1526,2017-09-21 03:24:34,4.623,0,,,,,
1527,2017-09-21 03:54:34,3.049,0,,,,,
1528,2017-09-21 04:24:34,1.439,0,,,,,
1529,2017-09-21 04:54:34,4.102,0,,,,,
1530,2017-09-21 05:24:34,4.727,0,,,,,
1531,2017-09-21 05:54:34,3.578,0,,,,,
1532,2017-09-21 06:24:34,3.049,64.6,,,,,
1533,2017-09-21 06:54:34,3.893,990.3,,,,,
1534,2017-09-21 07:24:34,5.552,3100,,,,,
1535,2017-09-21 07:54:34,6.573,4305.6,,,,,
1536,2017-09-21 08:24:34,8.68,7233.4,,,,,
1537,2017-09-21 08:54:34,10.553,9300.1,,,,,
1538,2017-09-21 09:24:34,12.11,15155.7,,,,,
1539,2017-09-21 09:54:34,19.948,20666.8,,,,,
1540,2017-09-21 10:24:34,25.708,35822.5,,,,,
1541,2017-09-21 10:54:34,21.282,57867,,,,,
1542,2017-09-21 11:24:34,24.062,79911.6,,,,,
1543,2017-09-21 11:54:34,28.754,88178.4,,,,,
1544,2017-09-21 12:24:34,32.704,110223,,,,,
1545,2017-09-21 12:54:34,24.255,110223,,,,,
1546,2017-09-21 13:24:34,35.435,115734.1,,,,,
1547,2017-09-21 13:54:34,23.773,126756.4,,,,,
1548,2017-09-21 14:24:34,22.238,126756.4,,,,,
1549,2017-09-21 14:54:34,20.138,46844.8,,,,,
1550,2017-09-21 15:24:34,15.76,77156.1,,,,,
1551,2017-09-21 15:54:34,11.722,22044.6,,,,,
1552,2017-09-21 16:24:34,11.431,21355.7,,,,,
1553,2017-09-21 16:54:34,10.553,8611.2,,,,,
1554,2017-09-21 17:24:34,10.063,11711.2,,,,,
1555,2017-09-21 17:54:34,9.669,4477.8,,,,,
1556,2017-09-21 18:24:34,7.882,2755.6,,,,,
1557,2017-09-21 18:54:34,7.682,1550,,,,,
1558,2017-09-21 19:24:34,7.28,258.3,,,,,
1559,2017-09-21 19:54:34,6.471,0,,,,,
1560,2017-09-21 20:24:34,6.877,0,,,,,
1561,2017-09-21 20:54:34,7.28,0,,,,,
1562,2017-09-21 21:24:34,7.079,0,,,,,
1563,2017-09-21 21:54:34,6.978,0,,,,,
1564,2017-09-21 22:24:34,6.877,0,,,,,
1565,2017-09-21 22:54:34,6.978,0,,,,,
1566,2017-09-21 23:24:34,6.775,0,,,,,
1567,2017-09-21 23:54:34,6.471,0,,,,,
1568,2017-09-22 00:24:34,6.166,0,,,,,
1569,2017-09-22 00:54:34,6.064,0,,,,,
1570,2017-09-22 01:24:34,6.268,0,,,,,
1571,2017-09-22 01:54:34,4.727,0,,,,,
1572,2017-09-22 02:24:34,4.934,0,,,,,
1573,2017-09-22 02:54:34,5.655,0,,,,,
1574,2017-09-22 03:24:34,6.064,0,,,,,
1575,2017-09-22 03:54:34,4.727,0,,,,,
1576,2017-09-22 04:24:34,5.037,0,,,,,
1577,2017-09-22 04:54:34,5.45,0,,,,,
1578,2017-09-22 05:24:34,5.655,0,,,,,
1579,2017-09-22 05:54:34,4.519,0,,,,,
1580,2017-09-22 06:24:34,4.311,53.8,,,,,
1581,2017-09-22 06:54:34,4.415,1463.9,,,,,
1582,2017-09-22 07:24:34,6.978,3272.2,,,,,
1583,2017-09-22 07:54:34,6.37,4133.4,,,,,
1584,2017-09-22 08:24:34,7.381,9300.1,,,,,
1585,2017-09-22 08:54:34,12.207,20666.8,,,,,
1586,2017-09-22 09:24:34,14.613,18600.1,,,,,
1587,2017-09-22 09:54:34,9.866,19977.9,,,,,
1588,2017-09-22 10:24:34,9.669,18600.1,,,,,
1589,2017-09-22 10:54:34,9.866,21355.7,,,,,
1590,2017-09-22 11:24:34,10.063,22044.6,,,,,
1591,2017-09-22 11:54:34,10.063,18600.1,,,,,
1592,2017-09-22 12:24:34,9.768,17222.3,,,,,
1593,2017-09-22 12:54:34,9.176,16533.4,,,,,
1594,2017-09-22 13:24:34,8.182,14466.8,,,,,
1595,2017-09-22 13:54:34,8.282,12400.1,,,,,
1596,2017-09-22 14:24:34,8.082,11022.3,,,,,
1597,2017-09-22 14:54:34,8.68,22044.6,,,,,
1598,2017-09-22 15:24:34,8.879,33066.9,,,,,
1599,2017-09-22 15:54:34,10.259,33066.9,,,,,
1600,2017-09-22 16:24:34,9.472,17222.3,,,,,
1601,2017-09-22 16:54:34,8.182,12400.1,,,,,
1602,2017-09-22 17:24:34,8.282,9644.5,,,,,
1603,2017-09-22 17:54:34,8.481,4822.3,,,,,
1604,2017-09-22 18:24:34,8.581,2927.8,,,,,
1605,2017-09-22 18:54:34,8.382,828.8,,,,,
1606,2017-09-22 19:24:34,7.983,161.5,,,,,
1607,2017-09-22 19:54:34,7.782,0,,,,,
1608,2017-09-22 20:24:34,7.28,0,,,,,
1609,2017-09-22 20:54:34,7.079,0,,,,,
1610,2017-09-22 21:24:34,6.775,0,,,,,
1611,2017-09-22 21:54:34,5.86,0,,,,,
1612,2017-09-22 22:24:34,5.757,0,,,,,
1613,2017-09-22 22:54:34,5.037,0,,,,,
1614,2017-09-22 23:24:34,6.166,0,,,,,
1615,2017-09-22 23:54:34,5.655,0,,,,,
1616,2017-09-23 00:24:34,5.037,0,,,,,
1617,2017-09-23 00:54:34,3.998,0,,,,,
1618,2017-09-23 01:24:34,5.037,0,,,,,
1619,2017-09-23 01:54:34,5.244,0,,,,,
1620,2017-09-23 02:24:34,5.347,0,,,,,
1621,2017-09-23 02:54:34,5.45,0,,,,,
1622,2017-09-23 03:24:34,6.166,0,,,,,
1623,2017-09-23 03:54:34,7.079,0,,,,,
1624,2017-09-23 04:24:34,6.674,0,,,,,
1625,2017-09-23 04:54:34,7.079,0,,,,,
1626,2017-09-23 05:24:34,7.179,0,,,,,
1627,2017-09-23 05:54:34,6.978,0,,,,,
1628,2017-09-23 06:24:34,7.079,0,,,,,
1629,2017-09-23 06:54:34,6.877,204.5,,,,,
1630,2017-09-23 07:24:34,7.079,1001,,,,,
1631,2017-09-23 07:54:34,8.082,936.5,,,,,
1632,2017-09-23 08:24:34,7.682,1636.1,,,,,
1633,2017-09-23 08:54:34,7.682,1894.5,,,,,
1634,2017-09-23 09:24:34,7.481,1980.6,,,,,
1635,2017-09-23 09:54:34,7.381,1808.3,,,,,
1636,2017-09-23 10:24:34,7.381,3444.5,,,,,
1637,2017-09-23 10:54:34,7.28,4650,,,,,
1638,2017-09-23 11:24:34,7.28,3961.1,,,,,
1639,2017-09-23 11:54:34,8.382,6200,,,,,
1640,2017-09-23 12:24:34,8.481,3788.9,,,,,
1641,2017-09-23 12:54:34,8.182,5166.7,,,,,
1642,2017-09-23 13:24:34,8.182,8266.7,,,,,
1643,2017-09-23 13:54:34,8.082,5166.7,,,,,
1644,2017-09-23 14:24:34,8.382,2497.2,,,,,
1645,2017-09-23 14:54:34,8.879,3272.2,,,,,
1646,2017-09-23 15:24:34,9.373,2583.4,,,,,
1647,2017-09-23 15:54:34,9.176,1550,,,,,
1648,2017-09-23 16:24:34,9.965,2238.9,,,,,
1649,2017-09-23 16:54:34,10.063,2755.6,,,,,
1650,2017-09-23 17:24:34,10.455,3788.9,,,,,
1651,2017-09-23 17:54:34,10.553,1808.3,,,,,
1652,2017-09-23 18:24:34,10.846,1463.9,,,,,
1653,2017-09-23 18:54:34,11.431,1722.2,,,,,
1654,2017-09-23 19:24:34,10.455,236.8,,,,,
1655,2017-09-23 19:54:34,11.041,0,,,,,
1656,2017-09-23 20:24:34,9.866,0,,,,,
1657,2017-09-23 20:54:34,11.334,0,,,,,
1658,2017-09-23 21:24:34,10.161,0,,,,,
1659,2017-09-23 21:54:34,10.553,0,,,,,
1660,2017-09-23 22:24:34,11.722,0,,,,,
1661,2017-09-23 22:54:34,11.139,0,,,,,
1662,2017-09-23 23:24:34,10.651,0,,,,,
1663,2017-09-23 23:54:34,10.357,0,,,,,
1664,2017-09-24 00:24:34,11.819,0,,,,,
1665,2017-09-24 00:54:34,11.041,0,,,,,
1666,2017-09-24 01:24:34,11.819,0,,,,,
1667,2017-09-24 01:54:34,10.846,0,,,,,
1668,2017-09-24 02:24:34,10.944,0,,,,,
1669,2017-09-24 02:54:34,11.431,0,,,,,
1670,2017-09-24 03:24:34,10.846,0,,,,,
1671,2017-09-24 03:54:34,9.669,0,,,,,
1672,2017-09-24 04:24:34,9.866,0,,,,,
1673,2017-09-24 04:54:34,9.472,0,,,,,
1674,2017-09-24 05:24:34,9.472,0,,,,,
1675,2017-09-24 05:54:34,9.768,0,,,,,
1676,2017-09-24 06:24:34,10.455,43.1,,,,,
1677,2017-09-24 06:54:34,10.553,333.7,,,,,
1678,2017-09-24 07:24:34,10.455,4133.4,,,,,
1679,2017-09-24 07:54:34,9.866,3788.9,,,,,
1680,2017-09-24 08:24:34,10.063,4305.6,,,,,
1681,2017-09-24 08:54:34,11.139,6200,,,,,
1682,2017-09-24 09:24:34,11.041,11711.2,,,,,
1683,2017-09-24 09:54:34,12.594,35822.5,,,,,
1684,2017-09-24 10:24:34,13.365,37200.2,,,,,
1685,2017-09-24 10:54:34,11.916,21355.7,,,,,
1686,2017-09-24 11:24:34,12.594,31689.1,,,,,
1687,2017-09-24 11:54:34,12.883,88178.4,,,,,
1688,2017-09-24 12:24:34,11.916,115734.1,,,,,
1689,2017-09-24 12:54:34,12.69,104711.8,,,,,
1690,2017-09-24 13:24:34,13.942,52355.9,,,,,
1691,2017-09-24 13:54:34,14.996,79911.6,,,,,
1692,2017-09-24 14:24:34,11.819,26178,,,,,
1693,2017-09-24 14:54:34,12.304,28933.5,,,,,
1694,2017-09-24 15:24:34,12.401,15844.5,,,,,
1695,2017-09-24 15:54:34,11.041,7233.4,,,,,
1696,2017-09-24 16:24:34,9.965,6544.5,,,,,
1697,2017-09-24 16:54:34,9.373,14466.8,,,,,
1698,2017-09-24 17:24:34,8.779,7577.8,,,,,
1699,2017-09-24 17:54:34,9.472,9300.1,,,,,
1700,2017-09-24 18:24:34,8.382,5511.1,,,,,
1701,2017-09-24 18:54:34,7.381,1356.3,,,,,
1702,2017-09-24 19:24:34,6.877,161.5,,,,,
1703,2017-09-24 19:54:34,6.573,0,,,,,
1704,2017-09-24 20:24:34,6.573,0,,,,,
1705,2017-09-24 20:54:34,5.962,0,,,,,
1706,2017-09-24 21:24:34,5.962,0,,,,,
1707,2017-09-24 21:54:34,6.166,0,,,,,
1708,2017-09-24 22:24:34,6.471,0,,,,,
1709,2017-09-24 22:54:34,6.471,0,,,,,
1710,2017-09-24 23:24:34,6.166,0,,,,,
1711,2017-09-24 23:54:34,6.471,0,,,,,
1712,2017-09-25 00:24:34,6.064,0,,,,,
1713,2017-09-25 00:54:34,6.877,0,,,,,
1714,2017-09-25 01:24:34,5.962,0,,,,,
1715,2017-09-25 01:54:34,6.166,0,,,,,
1716,2017-09-25 02:24:34,6.268,0,,,,,
1717,2017-09-25 02:54:34,6.37,0,,,,,
1718,2017-09-25 03:24:34,5.962,0,,,,,
1719,2017-09-25 03:54:34,6.471,0,,,,,
1720,2017-09-25 04:24:34,6.573,0,,,,,
1721,2017-09-25 04:54:34,6.37,0,,,,,
1722,2017-09-25 05:24:34,6.573,0,,,,,
1723,2017-09-25 05:54:34,5.347,0,,,,,
1724,2017-09-25 06:24:34,5.962,10.8,,,,,
1725,2017-09-25 06:54:34,4.311,699.7,,,,,
1726,2017-09-25 07:24:34,5.141,2755.6,,,,,
1727,2017-09-25 07:54:34,7.582,6200,,,,,
1728,2017-09-25 08:24:34,5.655,6544.5,,,,,
1729,2017-09-25 08:54:34,6.471,7233.4,,,,,
1730,2017-09-25 09:24:34,11.139,12400.1,,,,,
1731,2017-09-25 09:54:34,11.819,18600.1,,,,,
1732,2017-09-25 10:24:34,14.23,24800.2,,,,,
1733,2017-09-25 10:54:34,21.282,27555.7,,,,,
1734,2017-09-25 11:24:34,23.677,28933.5,,,,,
1735,2017-09-25 11:54:34,15.187,24800.2,,,,,
1736,2017-09-25 12:24:34,16.427,49600.3,,,,,
1737,2017-09-25 12:54:34,14.804,52355.9,,,,,
1738,2017-09-25 13:24:34,11.236,39955.8,,,,,
1739,2017-09-25 13:54:34,13.558,60622.6,,,,,
1740,2017-09-25 14:24:34,14.134,66133.8,,,,,
1741,2017-09-25 14:54:34,12.497,34444.7,,,,,
1742,2017-09-25 15:24:34,14.421,88178.4,,,,,
1743,2017-09-25 15:54:34,10.846,24800.2,,,,,
1744,2017-09-25 16:24:34,8.581,10333.4,,,,,
1745,2017-09-25 16:54:34,7.882,8266.7,,,,,
1746,2017-09-25 17:24:34,8.879,13777.9,,,,,
1747,2017-09-25 17:54:34,9.077,12400.1,,,,,
1748,2017-09-25 18:24:34,10.161,16533.4,,,,,
1749,2017-09-25 18:54:34,8.68,1463.9,,,,,
1750,2017-09-25 19:24:34,7.582,43.1,,,,,
1751,2017-09-25 19:54:34,8.082,0,,,,,
1752,2017-09-25 20:24:34,6.775,0,,,,,
1753,2017-09-25 20:54:34,7.179,0,,,,,
1754,2017-09-25 21:24:34,7.481,0,,,,,
1755,2017-09-25 21:54:34,7.481,0,,,,,
1756,2017-09-25 22:24:34,7.28,0,,,,,
1757,2017-09-25 22:54:34,7.682,0,,,,,
1758,2017-09-25 23:24:34,7.882,0,,,,,
1759,2017-09-25 23:54:34,8.082,0,,,,,
1760,2017-09-26 00:24:34,7.983,0,,,,,
1761,2017-09-26 00:54:34,7.481,0,,,,,
1762,2017-09-26 01:24:34,7.682,0,,,,,
1763,2017-09-26 01:54:34,7.983,0,,,,,
1764,2017-09-26 02:24:34,7.782,0,,,,,
1765,2017-09-26 02:54:34,7.682,0,,,,,
1766,2017-09-26 03:24:34,8.082,0,,,,,
1767,2017-09-26 03:54:34,8.481,0,,,,,
1768,2017-09-26 04:24:34,7.782,0,,,,,
1769,2017-09-26 04:54:34,7.481,0,,,,,
1770,2017-09-26 05:24:34,8.082,0,,,,,
1771,2017-09-26 05:54:34,8.282,0,,,,,
1772,2017-09-26 06:24:34,8.182,0,,,,,
1773,2017-09-26 06:54:34,8.481,129.2,,,,,
1774,2017-09-26 07:24:34,8.879,635.1,,,,,
1775,2017-09-26 07:54:34,8.082,1356.3,,,,,
1776,2017-09-26 08:24:34,8.978,3444.5,,,,,
1777,2017-09-26 08:54:34,10.063,10677.8,,,,,
1778,2017-09-26 09:24:34,10.651,13777.9,,,,,
1779,2017-09-26 09:54:34,9.472,8266.7,,,,,
1780,2017-09-26 10:24:34,9.768,18600.1,,,,,
1781,2017-09-26 10:54:34,10.553,17911.2,,,,,
1782,2017-09-26 11:24:34,9.472,19289,,,,,
1783,2017-09-26 11:54:34,10.553,14466.8,,,,,
1784,2017-09-26 12:24:34,10.846,15155.7,,,,,
1785,2017-09-26 12:54:34,11.625,27555.7,,,,,
1786,2017-09-26 13:24:34,10.259,7577.8,,,,,
1787,2017-09-26 13:54:34,9.768,8266.7,,,,,
1788,2017-09-26 14:24:34,10.259,17222.3,,,,,
1789,2017-09-26 14:54:34,13.846,35822.5,,,,,
1790,2017-09-26 15:24:34,13.846,37200.2,,,,,
1791,2017-09-26 15:54:34,14.134,28933.5,,,,,
1792,2017-09-26 16:24:34,12.497,18600.1,,,,,
1793,2017-09-26 16:54:34,10.651,17911.2,,,,,
1794,2017-09-26 17:24:34,11.722,14466.8,,,,,
1795,2017-09-26 17:54:34,10.846,6200,,,,,
1796,2017-09-26 18:24:34,10.161,2152.8,,,,,
1797,2017-09-26 18:54:34,9.472,269.1,,,,,
1798,2017-09-26 19:24:34,9.866,0,,,,,
1799,2017-09-26 19:54:34,9.866,0,,,,,
1800,2017-09-26 20:24:34,8.978,0,,,,,
1801,2017-09-26 20:54:34,8.68,0,,,,,
1802,2017-09-26 21:24:34,8.879,0,,,,,
1803,2017-09-26 21:54:34,9.373,0,,,,,
1804,2017-09-26 22:24:34,9.472,0,,,,,
1805,2017-09-26 22:54:34,9.571,0,,,,,
1806,2017-09-26 23:24:34,9.275,0,,,,,
1807,2017-09-26 23:54:34,9.275,0,,,,,
1808,2017-09-27 00:24:34,9.866,0,,,,,
1809,2017-09-27 00:54:34,10.161,0,,,,,
1810,2017-09-27 01:24:34,10.161,0,,,,,
1811,2017-09-27 01:54:34,10.357,0,,,,,
1812,2017-09-27 02:24:34,10.161,0,,,,,
1813,2017-09-27 02:54:34,10.161,0,,,,,
1814,2017-09-27 03:24:34,10.063,0,,,,,
1815,2017-09-27 03:54:34,9.669,0,,,,,
1816,2017-09-27 04:24:34,10.063,0,,,,,
1817,2017-09-27 04:54:34,10.553,0,,,,,
1818,2017-09-27 05:24:34,11.431,0,,,,,
1819,2017-09-27 05:54:34,11.236,0,,,,,
1820,2017-09-27 06:24:34,11.431,0,,,,,
1821,2017-09-27 06:54:34,11.236,53.8,,,,,
1822,2017-09-27 07:24:34,11.041,1377.8,,,,,
1823,2017-09-27 07:54:34,11.819,3272.2,,,,,
1824,2017-09-27 08:24:34,10.748,5166.7,,,,,
1825,2017-09-27 08:54:34,10.455,3961.1,,,,,
1826,2017-09-27 09:24:34,9.866,925.7,,,,,
1827,2017-09-27 09:54:34,10.553,1550,,,,,
1828,2017-09-27 10:24:34,11.431,5511.1,,,,,
1829,2017-09-27 10:54:34,12.69,8266.7,,,,,
1830,2017-09-27 11:24:34,12.98,19977.9,,,,,
1831,2017-09-27 11:54:34,14.421,20666.8,,,,,
1832,2017-09-27 12:24:34,17.95,44089.2,,,,,
1833,2017-09-27 12:54:34,13.75,11711.2,,,,,
1834,2017-09-27 13:24:34,12.69,13777.9,,,,,
1835,2017-09-27 13:54:34,12.401,7233.4,,,,,
1836,2017-09-27 14:24:34,12.013,5338.9,,,,,
1837,2017-09-27 14:54:34,11.819,5166.7,,,,,
1838,2017-09-27 15:24:34,11.819,12400.1,,,,,
1839,2017-09-27 15:54:34,11.334,8611.2,,,,,
1840,2017-09-27 16:24:34,11.528,1980.6,,,,,
1841,2017-09-27 16:54:34,11.334,1280.9,,,,,
1842,2017-09-27 17:24:34,10.944,592,,,,,
1843,2017-09-27 17:54:34,11.041,818.1,,,,,
1844,2017-09-27 18:24:34,11.236,398.3,,,,,
1845,2017-09-27 18:54:34,11.139,75.3,,,,,
1846,2017-09-27 19:24:34,11.528,0,,,,,
1847,2017-09-27 19:54:34,10.846,0,,,,,
1848,2017-09-27 20:24:34,11.625,0,,,,,
1849,2017-09-27 20:54:34,11.041,0,,,,,
1850,2017-09-27 21:24:34,10.357,0,,,,,
1851,2017-09-27 21:54:34,9.866,0,,,,,
1852,2017-09-27 22:24:34,9.472,0,,,,,
1853,2017-09-27 22:54:34,9.275,0,,,,,
1854,2017-09-27 23:24:34,9.373,0,,,,,
1855,2017-09-27 23:54:34,9.373,0,,,,,
1856,2017-09-28 00:24:34,9.472,0,,,,,
1857,2017-09-28 00:54:34,9.472,0,,,,,
1858,2017-09-28 01:24:34,9.176,0,,,,,
1859,2017-09-28 01:54:34,9.077,0,,,,,
1860,2017-09-28 02:24:34,8.978,0,,,,,
1861,2017-09-28 02:54:34,8.978,0,,,,,
1862,2017-09-28 03:24:34,8.779,0,,,,,
1863,2017-09-28 03:54:34,8.481,0,,,,,
1864,2017-09-28 04:24:34,8.282,0,,,,,
1865,2017-09-28 04:54:34,7.983,0,,,,,
1866,2017-09-28 05:24:34,7.782,0,,,,,
1867,2017-09-28 05:54:34,7.782,0,,,,,
1868,2017-09-28 06:24:34,7.481,0,,,,,
1869,2017-09-28 06:54:34,7.782,21.5,,,,,
1870,2017-09-28 07:24:34,7.682,139.9,,,,,
1871,2017-09-28 07:54:34,7.179,785.8,,,,,
1872,2017-09-28 08:24:34,7.28,1894.5,,,,,
1873,2017-09-28 08:54:34,7.481,2411.1,,,,,
1874,2017-09-28 09:24:34,7.582,4650,,,,,
1875,2017-09-28 09:54:34,7.481,4822.3,,,,,
1876,2017-09-28 10:24:34,7.381,4822.3,,,,,
1877,2017-09-28 10:54:34,7.381,7233.4,,,,,
1878,2017-09-28 11:24:34,7.481,10677.8,,,,,
1879,2017-09-28 11:54:34,7.079,9644.5,,,,,
1880,2017-09-28 12:24:34,6.877,11022.3,,,,,
1881,2017-09-28 12:54:34,6.674,9644.5,,,,,
1882,2017-09-28 13:24:34,6.471,9300.1,,,,,
1883,2017-09-28 13:54:34,6.775,10333.4,,,,,
1884,2017-09-28 14:24:34,6.471,5511.1,,,,,
1885,2017-09-28 14:54:34,6.573,7577.8,,,,,
1886,2017-09-28 15:24:34,6.471,5166.7,,,,,
1887,2017-09-28 15:54:34,6.471,7233.4,,,,,
1888,2017-09-28 16:24:34,6.37,5511.1,,,,,
1889,2017-09-28 16:54:34,6.166,2497.2,,,,,
1890,2017-09-28 17:24:34,5.86,1377.8,,,,,
1891,2017-09-28 17:54:34,5.757,3616.7,,,,,
1892,2017-09-28 18:24:34,5.552,2152.8,,,,,
1893,2017-09-28 18:54:34,5.552,204.5,,,,,
1894,2017-09-28 19:24:34,5.347,10.8,,,,,
1895,2017-09-28 19:54:34,4.831,0,,,,,
1896,2017-09-28 20:24:34,5.037,0,,,,,
1897,2017-09-28 20:54:34,5.037,0,,,,,
1898,2017-09-28 21:24:34,4.311,0,,,,,
1899,2017-09-28 21:54:34,4.519,0,,,,,
1900,2017-09-28 22:24:34,5.141,0,,,,,
1901,2017-09-28 22:54:34,4.934,0,,,,,
1902,2017-09-28 23:24:34,4.519,0,,,,,
1903,2017-09-28 23:54:34,3.893,0,,,,,
1904,2017-09-29 00:24:34,3.472,0,,,,,
1905,2017-09-29 00:54:34,3.049,0,,,,,
1906,2017-09-29 01:24:34,4.102,0,,,,,
1907,2017-09-29 01:54:34,3.998,0,,,,,
1908,2017-09-29 02:24:34,4.102,0,,,,,
1909,2017-09-29 02:54:34,4.415,0,,,,,
1910,2017-09-29 03:24:34,3.998,0,,,,,
1911,2017-09-29 03:54:34,4.102,0,,,,,
1912,2017-09-29 04:24:34,3.893,0,,,,,
1913,2017-09-29 04:54:34,4.207,0,,,,,
1914,2017-09-29 05:24:34,4.415,0,,,,,
1915,2017-09-29 05:54:34,4.934,0,,,,,
1916,2017-09-29 06:24:34,4.623,0,,,,,
1917,2017-09-29 06:54:34,4.415,32.3,,,,,
1918,2017-09-29 07:24:34,4.934,279.9,,,,,
1919,2017-09-29 07:54:34,4.934,861.1,,,,,
1920,2017-09-29 08:24:34,5.244,1141,,,,,
1921,2017-09-29 08:54:34,5.347,3616.7,,,,,
1922,2017-09-29 09:24:34,5.45,5511.1,,,,,
1923,2017-09-29 09:54:34,5.655,5511.1,,,,,
1924,2017-09-29 10:24:34,6.775,11711.2,,,,,
1925,2017-09-29 10:54:34,7.179,11711.2,,,,,
1926,2017-09-29 11:24:34,7.481,10677.8,,,,,
1927,2017-09-29 11:54:34,7.782,13777.9,,,,,
1928,2017-09-29 12:24:34,8.082,14466.8,,,,,
1929,2017-09-29 12:54:34,9.866,20666.8,,,,,
1930,2017-09-29 13:24:34,10.259,16533.4,,,,,
1931,2017-09-29 13:54:34,10.455,31689.1,,,,,
1932,2017-09-29 14:24:34,10.259,18600.1,,,,,
1933,2017-09-29 14:54:34,10.063,17222.3,,,,,
1934,2017-09-29 15:24:34,10.063,14466.8,,,,,
1935,2017-09-29 15:54:34,11.139,19289,,,,,
1936,2017-09-29 16:24:34,15.569,121245.2,,,,,
1937,2017-09-29 16:54:34,9.571,13777.9,,,,,
1938,2017-09-29 17:24:34,8.978,3272.2,,,,,
1939,2017-09-29 17:54:34,8.779,968.8,,,,,
1940,2017-09-29 18:24:34,8.68,764.2,,,,,
1941,2017-09-29 18:54:34,8.182,193.8,,,,,
1942,2017-09-29 19:24:34,8.182,0,,,,,
1943,2017-09-29 19:54:34,8.481,0,,,,,
1944,2017-09-29 20:24:34,8.68,0,,,,,
1945,2017-09-29 20:54:34,8.382,0,,,,,
1946,2017-09-29 21:24:34,8.282,0,,,,,
1947,2017-09-29 21:54:34,8.282,0,,,,,
1948,2017-09-29 22:24:34,8.282,0,,,,,
1949,2017-09-29 22:54:34,8.182,0,,,,,
1950,2017-09-29 23:24:34,8.481,0,,,,,
1951,2017-09-29 23:54:34,8.082,0,,,,,
1952,2017-09-30 00:24:34,7.481,0,,,,,
1953,2017-09-30 00:54:34,7.582,0,,,,,
1954,2017-09-30 01:24:34,7.582,0,,,,,
1955,2017-09-30 01:54:34,7.682,0,,,,,
1956,2017-09-30 02:24:34,7.882,0,,,,,
1957,2017-09-30 02:54:34,7.782,0,,,,,
1958,2017-09-30 03:24:34,7.983,0,,,,,
1959,2017-09-30 03:54:34,7.682,0,,,,,
1960,2017-09-30 04:24:34,7.983,0,,,,,
1961,2017-09-30 04:54:34,7.882,0,,,,,
1962,2017-09-30 05:24:34,8.082,0,,,,,
1963,2017-09-30 05:54:34,8.282,0,,,,,
1964,2017-09-30 06:24:34,8.082,0,,,,,
1965,2017-09-30 06:54:34,8.182,43.1,,,,,
1966,2017-09-30 07:24:34,8.082,183,,,,,
1967,2017-09-30 07:54:34,8.082,2411.1,,,,,
1968,2017-09-30 08:24:34,8.282,3788.9,,,,,
1969,2017-09-30 08:54:34,8.581,4822.3,,,,,
1970,2017-09-30 09:24:34,8.978,10333.4,,,,,
1971,2017-09-30 09:54:34,9.669,10677.8,,,,,
1972,2017-09-30 10:24:34,9.571,11711.2,,,,,
1973,2017-09-30 10:54:34,12.11,46844.8,,,,,
1974,2017-09-30 11:24:34,12.207,26178,,,,,
1975,2017-09-30 11:54:34,11.041,14466.8,,,,,
1976,2017-09-30 12:24:34,11.334,22044.6,,,,,
1977,2017-09-30 12:54:34,11.139,10333.4,,,,,
1978,2017-09-30 13:24:34,14.038,55111.5,,,,,
1979,2017-09-30 13:54:34,12.883,27555.7,,,,,
1980,2017-09-30 14:24:34,12.69,22044.6,,,,,
1981,2017-09-30 14:54:34,11.722,18600.1,,,,,
1982,2017-09-30 15:24:34,11.334,16533.4,,,,,
1983,2017-09-30 15:54:34,11.528,22044.6,,,,,
1984,2017-09-30 16:24:34,9.866,11022.3,,,,,
1985,2017-09-30 16:54:34,9.176,5511.1,,,,,
1986,2017-09-30 17:24:34,8.779,5166.7,,,,,
1987,2017-09-30 17:54:34,8.779,1894.5,,,,,
1988,2017-09-30 18:24:34,8.481,1001,,,,,
1989,2017-09-30 18:54:34,7.983,247.6,,,,,
1990,2017-09-30 19:24:34,7.782,0,,,,,
1991,2017-09-30 19:54:34,6.37,0,,,,,
1992,2017-09-30 20:24:34,5.86,0,,,,,
1993,2017-09-30 20:54:34,5.45,0,,,,,
1994,2017-09-30 21:24:34,6.573,0,,,,,
1995,2017-09-30 21:54:34,5.552,0,,,,,
1996,2017-09-30 22:24:34,5.552,0,,,,,
1997,2017-09-30 22:54:34,5.655,0,,,,,
1998,2017-09-30 23:24:34,5.757,0,,,,,
1999,2017-09-30 23:54:34,6.674,0,,,,,
2000,2017-10-01 00:24:34,6.877,0,,,,,
2001,2017-10-01 00:54:34,6.877,0,,,,,
2002,2017-10-01 01:24:34,7.079,0,,,,,
2003,2017-10-01 01:54:34,7.079,0,,,,,
2004,2017-10-01 02:24:34,6.775,0,,,,,
2005,2017-10-01 02:54:34,6.877,0,,,,,
2006,2017-10-01 03:24:34,7.179,0,,,,,
2007,2017-10-01 03:54:34,8.082,0,,,,,
2008,2017-10-01 04:24:34,7.882,0,,,,,
2009,2017-10-01 04:54:34,7.582,0,,,,,
2010,2017-10-01 05:24:34,7.481,0,,,,,
2011,2017-10-01 05:54:34,7.682,0,,,,,
2012,2017-10-01 06:24:34,7.682,0,,,,,
2013,2017-10-01 06:54:34,7.481,86.1,,,,,
2014,2017-10-01 07:24:34,7.28,656.6,,,,,
2015,2017-10-01 07:54:34,7.481,2583.4,,,,,
2016,2017-10-01 08:24:34,8.182,4994.5,,,,,
2017,2017-10-01 08:54:34,11.528,12400.1,,,,,
2018,2017-10-01 09:24:34,13.461,12400.1,,,,,
2019,2017-10-01 09:54:34,14.804,18600.1,,,,,
2020,2017-10-01 10:24:34,14.23,33066.9,,,,,
2021,2017-10-01 10:54:34,20.329,55111.5,,,,,
2022,2017-10-01 11:24:34,17.665,74400.5,,,,,
2023,2017-10-01 11:54:34,18.426,99200.7,,,,,
2024,2017-10-01 12:24:34,11.139,22044.6,,,,,
2025,2017-10-01 12:54:34,16.618,46844.8,,,,,
2026,2017-10-01 13:24:34,17.094,88178.4,,,,,
2027,2017-10-01 13:54:34,28.754,121245.2,,,,,
2028,2017-10-01 14:24:34,28.258,104711.8,,,,,
2029,2017-10-01 14:54:34,12.401,20666.8,,,,,
2030,2017-10-01 15:24:34,11.819,15155.7,,,,,
2031,2017-10-01 15:54:34,10.553,17222.3,,,,,
2032,2017-10-01 16:24:34,10.944,18600.1,,,,,
2033,2017-10-01 16:54:34,11.528,22044.6,,,,,
2034,2017-10-01 17:24:34,9.472,8611.2,,,,,
2035,2017-10-01 17:54:34,8.481,4305.6,,,,,
2036,2017-10-01 18:24:34,7.782,2152.8,,,,,
2037,2017-10-01 18:54:34,7.079,226,,,,,
2038,2017-10-01 19:24:34,6.674,0,,,,,
2039,2017-10-01 19:54:34,5.962,0,,,,,
2040,2017-10-01 20:24:34,5.86,0,,,,,
2041,2017-10-01 20:54:34,5.86,0,,,,,
2042,2017-10-01 21:24:34,5.347,0,,,,,
2043,2017-10-01 21:54:34,4.623,0,,,,,
2044,2017-10-01 22:24:34,4.727,0,,,,,
2045,2017-10-01 22:54:34,5.244,0,,,,,
2046,2017-10-01 23:24:34,4.934,0,,,,,
2047,2017-10-01 23:54:34,4.207,0,,,,,
2048,2017-10-02 00:24:34,4.519,0,,,,,
2049,2017-10-02 00:54:34,5.347,0,,,,,
2050,2017-10-02 01:24:34,5.037,0,,,,,
2051,2017-10-02 01:54:34,4.519,0,,,,,
2052,2017-10-02 02:24:34,4.415,0,,,,,
2053,2017-10-02 02:54:34,4.102,0,,,,,
2054,2017-10-02 03:24:34,4.623,0,,,,,
2055,2017-10-02 03:54:34,4.623,0,,,,,
2056,2017-10-02 04:24:34,4.831,0,,,,,
2057,2017-10-02 04:54:34,5.037,0,,,,,
2058,2017-10-02 05:24:34,4.831,0,,,,,
2059,2017-10-02 05:54:34,5.141,0,,,,,
2060,2017-10-02 06:24:34,4.934,0,,,,,
2061,2017-10-02 06:54:34,4.934,21.5,,,,,
2062,2017-10-02 07:24:34,5.244,333.7,,,,,
2063,2017-10-02 07:54:34,5.552,1280.9,,,,,
2064,2017-10-02 08:24:34,6.064,3100,,,,,
2065,2017-10-02 08:54:34,6.573,9300.1,,,,,
2066,2017-10-02 09:24:34,6.674,10677.8,,,,,
2067,2017-10-02 09:54:34,7.381,11711.2,,,,,
2068,2017-10-02 10:24:34,7.381,16533.4,,,,,
2069,2017-10-02 10:54:34,7.079,10677.8,,,,,
2070,2017-10-02 11:24:34,7.28,23422.4,,,,,
2071,2017-10-02 11:54:34,7.079,17222.3,,,,,
2072,2017-10-02 12:24:34,7.983,18600.1,,,,,
2073,2017-10-02 12:54:34,7.179,13089,,,,,
2074,2017-10-02 13:24:34,8.382,30311.3,,,,,
2075,2017-10-02 13:54:34,7.983,26178,,,,,
2076,2017-10-02 14:24:34,8.082,16533.4,,,,,
2077,2017-10-02 14:54:34,7.381,19977.9,,,,,
2078,2017-10-02 15:24:34,7.782,26178,,,,,
2079,2017-10-02 15:54:34,7.882,19977.9,,,,,
2080,2017-10-02 16:24:34,9.077,46844.8,,,,,
2081,2017-10-02 16:54:34,7.28,14466.8,,,,,
2082,2017-10-02 17:24:34,6.471,9300.1,,,,,
2083,2017-10-02 17:54:34,6.166,3961.1,,,,,
2084,2017-10-02 18:24:34,5.757,473.6,,,,,
2085,2017-10-02 18:54:34,5.655,32.3,,,,,
2086,2017-10-02 19:24:34,5.45,0,,,,,
2087,2017-10-02 19:54:34,5.347,0,,,,,
2088,2017-10-02 20:24:34,5.141,0,,,,,
2089,2017-10-02 20:54:34,5.141,0,,,,,
2090,2017-10-02 21:24:34,4.934,0,,,,,
2091,2017-10-02 21:54:34,4.934,0,,,,,
2092,2017-10-02 22:24:34,4.623,0,,,,,
2093,2017-10-02 22:54:34,4.623,0,,,,,
2094,2017-10-02 23:24:34,5.037,0,,,,,
2095,2017-10-02 23:54:34,5.037,0,,,,,
2096,2017-10-03 00:24:34,5.037,0,,,,,
2097,2017-10-03 00:54:34,4.934,0,,,,,
2098,2017-10-03 01:24:34,4.831,0,,,,,
2099,2017-10-03 01:54:34,4.727,0,,,,,
2100,2017-10-03 02:24:34,4.727,0,,,,,
2101,2017-10-03 02:54:34,4.207,0,,,,,
2102,2017-10-03 03:24:34,4.311,0,,,,,
2103,2017-10-03 03:54:34,4.623,0,,,,,
2104,2017-10-03 04:24:34,4.727,0,,,,,
2105,2017-10-03 04:54:34,4.727,0,,,,,
2106,2017-10-03 05:24:34,4.934,0,,,,,
2107,2017-10-03 05:54:34,5.037,0,,,,,
2108,2017-10-03 06:24:34,4.934,0,,,,,
2109,2017-10-03 06:54:34,5.037,0,,,,,
2110,2017-10-03 07:24:34,5.037,258.3,,,,,
2111,2017-10-03 07:54:34,5.244,1162.5,,,,,
2112,2017-10-03 08:24:34,5.347,2927.8,,,,,
2113,2017-10-03 08:54:34,5.45,5166.7,,,,,
2114,2017-10-03 09:24:34,5.757,6544.5,,,,,
2115,2017-10-03 09:54:34,6.064,8266.7,,,,,
2116,2017-10-03 10:24:34,6.268,13089,,,,,
2117,2017-10-03 10:54:34,6.37,16533.4,,,,,
2118,2017-10-03 11:24:34,7.179,12400.1,,,,,
2119,2017-10-03 11:54:34,6.978,16533.4,,,,,
2120,2017-10-03 12:24:34,6.166,13089,,,,,
2121,2017-10-03 12:54:34,6.37,20666.8,,,,,
2122,2017-10-03 13:24:34,6.471,20666.8,,,,,
2123,2017-10-03 13:54:34,5.962,7577.8,,,,,
2124,2017-10-03 14:24:34,5.962,7577.8,,,,,
2125,2017-10-03 14:54:34,5.962,7233.4,,,,,
2126,2017-10-03 15:24:34,5.757,6544.5,,,,,
2127,2017-10-03 15:54:34,5.757,3961.1,,,,,
2128,2017-10-03 16:24:34,5.244,3961.1,,,,,
2129,2017-10-03 16:54:34,5.141,3444.5,,,,,
2130,2017-10-03 17:24:34,4.831,2066.7,,,,,
2131,2017-10-03 17:54:34,4.311,839.6,,,,,
2132,2017-10-03 18:24:34,4.311,226,,,,,
2133,2017-10-03 18:54:34,4.207,0,,,,,
2134,2017-10-03 19:24:34,4.102,0,,,,,
2135,2017-10-03 19:54:34,3.788,0,,,,,
2136,2017-10-03 20:24:34,3.472,0,,,,,
2137,2017-10-03 20:54:34,3.788,0,,,,,
2138,2017-10-03 21:24:34,3.788,0,,,,,
2139,2017-10-03 21:54:34,3.367,0,,,,,
2140,2017-10-03 22:24:34,3.578,0,,,,,
2141,2017-10-03 22:54:34,3.472,0,,,,,
2142,2017-10-03 23:24:34,3.155,0,,,,,
2143,2017-10-03 23:54:34,2.73,0,,,,,
2144,2017-10-04 00:24:34,2.73,0,,,,,
2145,2017-10-04 00:54:34,3.367,0,,,,,
2146,2017-10-04 01:24:34,3.683,0,,,,,
2147,2017-10-04 01:54:34,3.261,0,,,,,
2148,2017-10-04 02:24:34,3.261,0,,,,,
2149,2017-10-04 02:54:34,2.943,0,,,,,
2150,2017-10-04 03:24:34,2.624,0,,,,,
2151,2017-10-04 03:54:34,2.624,0,,,,,
2152,2017-10-04 04:24:34,2.195,0,,,,,
2153,2017-10-04 04:54:34,2.517,0,,,,,
2154,2017-10-04 05:24:34,2.195,0,,,,,
2155,2017-10-04 05:54:34,1.656,0,,,,,
2156,2017-10-04 06:24:34,1.656,0,,,,,
2157,2017-10-04 06:54:34,0.893,0,,,,,
2158,2017-10-04 07:24:34,0.674,21.5,,,,,
2159,2017-10-04 07:54:34,1.221,279.9,,,,,
2160,2017-10-04 08:24:34,2.41,828.8,,,,,
2161,2017-10-04 08:54:34,2.624,1227.1,,,,,
2162,2017-10-04 09:24:34,2.41,1722.2,,,,,
2163,2017-10-04 09:54:34,2.41,2066.7,,,,,
2164,2017-10-04 10:24:34,2.624,3788.9,,,,,
2165,2017-10-04 10:54:34,2.73,5511.1,,,,,
2166,2017-10-04 11:24:34,2.624,5166.7,,,,,
2167,2017-10-04 11:54:34,2.837,5511.1,,,,,
2168,2017-10-04 12:24:34,2.837,7233.4,,,,,
2169,2017-10-04 12:54:34,2.73,6200,,,,,
2170,2017-10-04 13:24:34,2.624,4133.4,,,,,
2171,2017-10-04 13:54:34,2.837,6200,,,,,
2172,2017-10-04 14:24:34,2.837,6200,,,,,
2173,2017-10-04 14:54:34,2.624,5511.1,,,,,
2174,2017-10-04 15:24:34,2.41,2927.8,,,,,
2175,2017-10-04 15:54:34,2.303,3100,,,,,
2176,2017-10-04 16:24:34,2.517,2066.7,,,,,
2177,2017-10-04 16:54:34,2.517,1636.1,,,,,
2178,2017-10-04 17:24:34,2.303,1550,,,,,
2179,2017-10-04 17:54:34,1.439,430.6,,,,,
2180,2017-10-04 18:24:34,0.893,193.8,,,,,
2181,2017-10-04 18:54:34,1.656,0,,,,,
2182,2017-10-04 19:24:34,1.656,0,,,,,
2183,2017-10-04 19:54:34,1.439,0,,,,,
2184,2017-10-04 20:24:34,1.439,0,,,,,
2185,2017-10-04 20:54:34,1.439,0,,,,,
2186,2017-10-04 21:24:34,1.33,0,,,,,
2187,2017-10-04 21:54:34,0.893,0,,,,,
2188,2017-10-04 22:24:34,0.893,0,,,,,
2189,2017-10-04 22:54:34,0.784,0,,,,,
2190,2017-10-04 23:24:34,1.872,0,,,,,
2191,2017-10-04 23:54:34,1.33,0,,,,,
2192,2017-10-05 00:24:34,0.121,0,,,,,
2193,2017-10-05 00:54:34,2.195,0,,,,,
2194,2017-10-05 01:24:34,1.872,0,,,,,
2195,2017-10-05 01:54:34,1.112,0,,,,,
2196,2017-10-05 02:24:34,-1.341,0,,,,,
2197,2017-10-05 02:54:34,-2.377,0,,,,,
2198,2017-10-05 03:24:34,-0.887,0,,,,,
2199,2017-10-05 03:54:34,-0.213,0,,,,,
2200,2017-10-05 04:24:34,0.121,0,,,,,
2201,2017-10-05 04:54:34,0.232,0,,,,,
2202,2017-10-05 05:24:34,0.232,0,,,,,
2203,2017-10-05 05:54:34,0.453,0,,,,,
2204,2017-10-05 06:24:34,0.232,0,,,,,
2205,2017-10-05 06:54:34,-0.662,0,,,,,
2206,2017-10-05 07:24:34,-1.799,527.4,,,,,
2207,2017-10-05 07:54:34,-1.341,2583.4,,,,,
2208,2017-10-05 08:24:34,0.563,2325,,,,,
2209,2017-10-05 08:54:34,1.112,3616.7,,,,,
2210,2017-10-05 09:24:34,2.624,4994.5,,,,,
2211,2017-10-05 09:54:34,2.517,3961.1,,,,,
2212,2017-10-05 10:24:34,5.347,10333.4,,,,,
2213,2017-10-05 10:54:34,6.877,20666.8,,,,,
2214,2017-10-05 11:24:34,8.779,31689.1,,,,,
2215,2017-10-05 11:54:34,9.176,28933.5,,,,,
2216,2017-10-05 12:24:34,20.615,170845.6,,,,,
2217,2017-10-05 12:54:34,18.236,63378.2,,,,,
2218,2017-10-05 13:24:34,19.948,66133.8,,,,,
2219,2017-10-05 13:54:34,11.722,33066.9,,,,,
2220,2017-10-05 14:24:34,10.846,18600.1,,,,,
2221,2017-10-05 14:54:34,5.757,5338.9,,,,,
2222,2017-10-05 15:24:34,11.916,161.5,,,,,
2223,2017-10-05 15:54:34,18.616,1463.9,,,,,
2224,2017-10-05 16:24:34,18.901,96.9,,,,,
2225,2017-10-05 16:54:34,19.187,344.4,,,,,
2226,2017-10-05 17:24:34,19.758,236.8,,,,,
2227,2017-10-05 17:54:34,19.758,183,,,,,
2228,2017-10-05 18:24:34,19.853,21.5,,,,,
2229,2017-10-05 18:54:34,19.282,0,,,,,
2230,2017-10-05 19:24:34,18.996,0,,,,,
2231,2017-10-05 19:54:34,18.711,0,,,,,
2232,2017-10-05 20:24:34,18.426,0,,,,,
2233,2017-10-05 20:54:34,18.236,0,,,,,
2234,2017-10-05 21:24:34,18.236,0,,,,,
2235,2017-10-05 21:54:34,18.426,0,,,,,
2236,2017-10-05 22:24:34,18.426,0,,,,,
2237,2017-10-05 22:54:34,18.331,0,,,,,
2238,2017-10-05 23:24:34,18.331,0,,,,,
2239,2017-10-05 23:54:34,18.331,0,,,,,
2240,2017-10-06 00:24:34,18.331,0,,,,,
2241,2017-10-06 00:54:34,18.331,0,,,,,
2242,2017-10-06 01:24:34,18.331,0,,,,,
2243,2017-10-06 01:54:34,18.236,0,,,,,
2244,2017-10-06 02:24:34,18.14,0,,,,,
2245,2017-10-06 02:54:34,18.14,0,,,,,
2246,2017-10-06 03:24:34,18.045,0,,,,,
2247,2017-10-06 03:54:34,18.045,0,,,,,
2248,2017-10-06 04:24:34,17.95,0,,,,,
2249,2017-10-06 04:54:34,17.95,0,,,,,
2250,2017-10-06 05:24:34,17.95,0,,,,,
2251,2017-10-06 05:54:34,18.045,0,,,,,
2252,2017-10-06 06:24:34,18.045,0,,,,,
2253,2017-10-06 06:54:34,18.045,0,,,,,
2254,2017-10-06 07:24:34,17.95,0,,,,,
2255,2017-10-06 07:54:34,17.95,10.8,,,,,
2256,2017-10-06 08:24:34,18.045,10.8,,,,,
2257,2017-10-06 08:54:34,18.045,21.5,,,,,
2258,2017-10-06 09:24:34,18.045,32.3,,,,,
2259,2017-10-06 09:54:34,18.045,53.8,,,,,
2260,2017-10-06 10:24:34,18.14,86.1,,,,,
2261,2017-10-06 10:54:34,18.236,118.4,,,,,
2262,2017-10-06 11:24:34,18.236,129.2,,,,,
2263,2017-10-06 11:54:34,18.426,96.9,,,,,
2264,2017-10-06 12:24:34,18.711,107.6,,,,,
2265,2017-10-06 12:27:55,,,,Logged,,,
2266,2017-10-06 12:30:34,,,,,Logged,,
2267,2017-10-06 12:30:58,,,,,Logged,,
2268,2017-10-06 12:31:09,,,,,,Logged,Logged