Plot Title: Sonde 2015_2,,,,,,,,
#,"Date Time, GMT+00:00","Temp, °C (LGR S/N: 10517223, SEN S/N: 10517223, LBL: Temp)","Intensity, Lux (LGR S/N: 10517223, SEN S/N: 10517223, LBL: Light)",Coupler Detached (LGR S/N: 10517223),Coupler Attached (LGR S/N: 10517223),Host Connected (LGR S/N: 10517223),Stopped (LGR S/N: 10517223),End Of File (LGR S/N: 10517223)
1,2015-07-11 15:12:33,26.292,0,,,,,
2,2015-07-11 15:13:12,,,Logged,,,,
3,2015-07-11 15:42:33,25.513,150.7,,,,,
4,2015-07-11 16:12:33,25.805,215.3,,,,,
5,2015-07-11 16:42:33,26,161.5,,,,,
6,2015-07-11 17:12:33,25.61,215.3,,,,,
7,2015-07-11 17:42:33,25.125,107.6,,,,,
8,2015-07-11 18:12:33,24.738,150.7,,,,,
9,2015-07-11 18:42:33,24.641,193.8,,,,,
10,2015-07-11 19:12:33,24.641,150.7,,,,,
11,2015-07-11 19:42:33,24.641,86.1,,,,,
12,2015-07-11 20:12:33,24.448,43.1,,,,,
13,2015-07-11 20:42:33,24.448,10.8,,,,,
14,2015-07-11 21:12:33,24.448,10.8,,,,,
15,2015-07-11 21:42:33,24.448,21.5,,,,,
16,2015-07-11 22:12:33,24.448,10.8,,,,,
17,2015-07-11 22:42:33,24.351,10.8,,,,,
18,2015-07-11 23:12:33,24.448,0,,,,,
19,2015-07-11 23:42:33,24.448,0,,,,,
20,2015-07-12 00:12:33,24.448,0,,,,,
21,2015-07-12 00:42:33,24.448,0,,,,,
22,2015-07-12 01:12:33,24.448,0,,,,,
23,2015-07-12 01:42:33,24.448,0,,,,,
24,2015-07-12 02:12:33,24.448,0,,,,,
25,2015-07-12 02:42:33,24.448,0,,,,,
26,2015-07-12 03:12:33,24.448,0,,,,,
27,2015-07-12 03:42:33,24.545,10.8,,,,,
28,2015-07-12 04:12:33,24.545,32.3,,,,,
29,2015-07-12 04:42:33,24.641,64.6,,,,,
30,2015-07-12 05:12:33,24.641,53.8,,,,,
31,2015-07-12 05:42:33,24.641,75.3,,,,,
32,2015-07-12 06:12:33,24.738,118.4,,,,,
33,2015-07-12 06:42:33,24.738,32.3,,,,,
34,2015-07-12 07:12:33,24.738,64.6,,,,,
35,2015-07-12 07:42:33,24.738,118.4,,,,,
36,2015-07-12 08:12:33,24.835,139.9,,,,,
37,2015-07-12 08:42:33,24.931,193.8,,,,,
38,2015-07-12 09:12:33,24.158,301.4,,,,,
39,2015-07-12 09:42:33,17.95,871.9,,,,,
40,2015-07-12 10:12:33,14.23,1097.9,,,,,
41,2015-07-12 10:42:33,12.11,1248.6,,,,,
42,2015-07-12 11:12:33,11.431,1550,,,,,
43,2015-07-12 11:42:33,11.334,1033.3,,,,,
44,2015-07-12 12:12:33,14.804,3788.9,,,,,
45,2015-07-12 12:42:33,18.331,11022.3,,,,,
46,2015-07-12 13:12:33,21.473,9644.5,,,,,
47,2015-07-12 13:42:33,19.758,6544.5,,,,,
48,2015-07-12 14:12:33,18.14,5166.7,,,,,
49,2015-07-12 14:42:33,16.046,4305.6,,,,,
50,2015-07-12 15:12:33,18.996,6544.5,,,,,
51,2015-07-12 15:42:33,20.329,24800.2,,,,,
52,2015-07-12 16:12:33,16.427,3961.1,,,,,
53,2015-07-12 16:42:33,15.664,1894.5,,,,,
54,2015-07-12 17:12:33,12.98,3788.9,,,,,
55,2015-07-12 17:42:33,12.98,2325,,,,,
56,2015-07-12 18:12:33,12.013,1377.8,,,,,
57,2015-07-12 18:42:33,11.625,1636.1,,,,,
58,2015-07-12 19:12:33,11.139,2927.8,,,,,
59,2015-07-12 19:42:33,11.041,2325,,,,,
60,2015-07-12 20:12:33,10.846,1808.3,,,,,
61,2015-07-12 20:42:33,10.357,1108.7,,,,,
62,2015-07-12 21:12:33,10.161,1291.7,,,,,
63,2015-07-12 21:42:33,9.768,635.1,,,,,
64,2015-07-12 22:12:33,9.669,376.7,,,,,
65,2015-07-12 22:42:33,9.275,193.8,,,,,
66,2015-07-12 23:12:33,9.077,64.6,,,,,
67,2015-07-12 23:42:33,9.176,21.5,,,,,
68,2015-07-13 00:12:33,8.978,0,,,,,
69,2015-07-13 00:42:33,8.879,0,,,,,
70,2015-07-13 01:12:33,8.68,0,,,,,
71,2015-07-13 01:42:33,8.978,0,,,,,
72,2015-07-13 02:12:33,8.978,0,,,,,
73,2015-07-13 02:42:33,8.879,0,,,,,
74,2015-07-13 03:12:33,8.879,21.5,,,,,
75,2015-07-13 03:42:33,8.779,32.3,,,,,
76,2015-07-13 04:12:33,8.779,43.1,,,,,
77,2015-07-13 04:42:33,8.879,86.1,,,,,
78,2015-07-13 05:12:33,8.978,258.3,,,,,
79,2015-07-13 05:42:33,9.077,505.9,,,,,
80,2015-07-13 06:12:33,9.275,947.2,,,,,
81,2015-07-13 06:42:33,9.472,1334.7,,,,,
82,2015-07-13 07:12:33,9.472,979.5,,,,,
83,2015-07-13 07:42:33,9.965,3272.2,,,,,
84,2015-07-13 08:12:33,9.669,1270.1,,,,,
85,2015-07-13 08:42:33,10.063,2927.8,,,,,
86,2015-07-13 09:12:33,11.139,2669.5,,,,,
87,2015-07-13 09:42:33,11.819,2927.8,,,,,
88,2015-07-13 10:12:33,11.236,2152.8,,,,,
89,2015-07-13 10:42:33,12.11,4477.8,,,,,
90,2015-07-13 11:12:33,10.553,2669.5,,,,,
91,2015-07-13 11:42:33,11.041,1550,,,,,
92,2015-07-13 12:12:33,10.748,1377.8,,,,,
93,2015-07-13 12:42:33,11.916,3961.1,,,,,
94,2015-07-13 13:12:33,11.334,2583.4,,,,,
95,2015-07-13 13:42:33,12.401,4994.5,,,,,
96,2015-07-13 14:12:33,12.207,3788.9,,,,,
97,2015-07-13 14:42:33,12.594,4650,,,,,
98,2015-07-13 15:12:33,11.722,4994.5,,,,,
99,2015-07-13 15:42:33,11.431,3100,,,,,
100,2015-07-13 16:12:33,11.236,4305.6,,,,,
101,2015-07-13 16:42:33,10.553,1722.2,,,,,
102,2015-07-13 17:12:33,10.944,2411.1,,,,,
103,2015-07-13 17:42:33,10.553,1722.2,,,,,
104,2015-07-13 18:12:33,10.161,1324,,,,,
105,2015-07-13 18:42:33,9.965,1248.6,,,,,
106,2015-07-13 19:12:33,9.176,699.7,,,,,
107,2015-07-13 19:42:33,8.779,527.4,,,,,
108,2015-07-13 20:12:33,8.68,527.4,,,,,
109,2015-07-13 20:42:33,8.68,516.7,,,,,
110,2015-07-13 21:12:33,8.581,710.4,,,,,
111,2015-07-13 21:42:33,8.282,301.4,,,,,
112,2015-07-13 22:12:33,7.983,215.3,,,,,
113,2015-07-13 22:42:33,7.983,75.3,,,,,
114,2015-07-13 23:12:33,7.582,32.3,,,,,
115,2015-07-13 23:42:33,7.481,10.8,,,,,
116,2015-07-14 00:12:33,7.28,0,,,,,
117,2015-07-14 00:42:33,7.179,0,,,,,
118,2015-07-14 01:12:33,6.877,0,,,,,
119,2015-07-14 01:42:33,6.775,0,,,,,
120,2015-07-14 02:12:33,6.775,0,,,,,
121,2015-07-14 02:42:33,6.775,10.8,,,,,
122,2015-07-14 03:12:33,6.674,21.5,,,,,
123,2015-07-14 03:42:33,6.573,129.2,,,,,
124,2015-07-14 04:12:33,6.674,269.1,,,,,
125,2015-07-14 04:42:33,6.573,139.9,,,,,
126,2015-07-14 05:12:33,6.573,193.8,,,,,
127,2015-07-14 05:42:33,6.674,150.7,,,,,
128,2015-07-14 06:12:33,6.775,1463.9,,,,,
129,2015-07-14 06:42:33,6.775,968.8,,,,,
130,2015-07-14 07:12:33,6.674,775,,,,,
131,2015-07-14 07:42:33,6.775,1377.8,,,,,
132,2015-07-14 08:12:33,6.775,947.2,,,,,
133,2015-07-14 08:42:33,6.877,1377.8,,,,,
134,2015-07-14 09:12:33,7.079,1162.5,,,,,
135,2015-07-14 09:42:33,7.179,1377.8,,,,,
136,2015-07-14 10:12:33,7.179,1270.1,,,,,
137,2015-07-14 10:42:33,7.481,1636.1,,,,,
138,2015-07-14 11:12:33,8.082,2927.8,,,,,
139,2015-07-14 11:42:33,7.983,2927.8,,,,,
140,2015-07-14 12:12:33,7.983,2152.8,,,,,
141,2015-07-14 12:42:33,8.182,2411.1,,,,,
142,2015-07-14 13:12:33,8.182,1550,,,,,
143,2015-07-14 13:42:33,8.382,2152.8,,,,,
144,2015-07-14 14:12:33,8.68,2583.4,,,,,
145,2015-07-14 14:42:33,8.68,2066.7,,,,,
146,2015-07-14 15:12:33,9.077,2755.6,,,,,
147,2015-07-14 15:42:33,8.978,2411.1,,,,,
148,2015-07-14 16:12:33,8.978,2755.6,,,,,
149,2015-07-14 16:42:33,8.779,2238.9,,,,,
150,2015-07-14 17:12:33,8.581,1550,,,,,
151,2015-07-14 17:42:33,8.779,2755.6,,,,,
152,2015-07-14 18:12:33,9.176,3961.1,,,,,
153,2015-07-14 18:42:33,8.481,1463.9,,,,,
154,2015-07-14 19:12:33,8.481,1130.2,,,,,
155,2015-07-14 19:42:33,8.382,904.2,,,,,
156,2015-07-14 20:12:33,8.481,796.5,,,,,
157,2015-07-14 20:42:33,8.481,882.6,,,,,
158,2015-07-14 21:12:33,8.282,290.6,,,,,
159,2015-07-14 21:42:33,8.182,258.3,,,,,
160,2015-07-14 22:12:33,8.082,161.5,,,,,
161,2015-07-14 22:42:33,7.882,53.8,,,,,
162,2015-07-14 23:12:33,7.782,10.8,,,,,
163,2015-07-14 23:42:33,7.682,0,,,,,
164,2015-07-15 00:12:33,7.682,0,,,,,
165,2015-07-15 00:42:33,7.481,0,,,,,
166,2015-07-15 01:12:33,7.381,0,,,,,
167,2015-07-15 01:42:33,7.381,0,,,,,
168,2015-07-15 02:12:33,7.381,0,,,,,
169,2015-07-15 02:42:33,7.381,0,,,,,
170,2015-07-15 03:12:33,7.28,10.8,,,,,
171,2015-07-15 03:42:33,7.28,53.8,,,,,
172,2015-07-15 04:12:33,7.179,183,,,,,
173,2015-07-15 04:42:33,7.28,236.8,,,,,
174,2015-07-15 05:12:33,7.28,312.2,,,,,
175,2015-07-15 05:42:33,7.381,592,,,,,
176,2015-07-15 06:12:33,7.381,516.7,,,,,
177,2015-07-15 06:42:33,7.381,290.6,,,,,
178,2015-07-15 07:12:33,7.582,581.3,,,,,
179,2015-07-15 07:42:33,7.882,635.1,,,,,
180,2015-07-15 08:12:33,8.082,914.9,,,,,
181,2015-07-15 08:42:33,7.983,559.7,,,,,
182,2015-07-15 09:12:33,8.382,2325,,,,,
183,2015-07-15 09:42:33,8.282,1550,,,,,
184,2015-07-15 10:12:33,8.282,1377.8,,,,,
185,2015-07-15 10:42:33,8.182,925.7,,,,,
186,2015-07-15 11:12:33,8.182,1033.3,,,,,
187,2015-07-15 11:42:33,8.581,1980.6,,,,,
188,2015-07-15 12:12:33,9.077,3100,,,,,
189,2015-07-15 12:42:33,9.965,5166.7,,,,,
190,2015-07-15 13:12:33,10.944,5166.7,,,,,
191,2015-07-15 13:42:33,11.236,6200,,,,,
192,2015-07-15 14:12:33,10.944,6200,,,,,
193,2015-07-15 14:42:33,12.497,5166.7,,,,,
194,2015-07-15 15:12:33,10.846,3100,,,,,
195,2015-07-15 15:42:33,11.139,4477.8,,,,,
196,2015-07-15 16:12:33,9.866,2755.6,,,,,
197,2015-07-15 16:42:33,9.768,1894.5,,,,,
198,2015-07-15 17:12:33,9.373,2325,,,,,
199,2015-07-15 17:42:33,9.077,1808.3,,,,,
200,2015-07-15 18:12:33,8.978,2066.7,,,,,
201,2015-07-15 18:42:33,8.68,1377.8,,,,,
202,2015-07-15 19:12:33,8.481,1463.9,,,,,
203,2015-07-15 19:42:33,8.68,1550,,,,,
204,2015-07-15 20:12:33,8.382,1377.8,,,,,
205,2015-07-15 20:42:33,8.382,1550,,,,,
206,2015-07-15 21:12:33,8.282,1463.9,,,,,
207,2015-07-15 21:42:33,8.082,1259.4,,,,,
208,2015-07-15 22:12:33,7.381,215.3,,,,,
209,2015-07-15 22:42:33,7.079,64.6,,,,,
210,2015-07-15 23:12:33,6.877,43.1,,,,,
211,2015-07-15 23:42:33,6.573,10.8,,,,,
212,2015-07-16 00:12:33,6.37,0,,,,,
213,2015-07-16 00:42:33,6.268,0,,,,,
214,2015-07-16 01:12:33,6.166,0,,,,,
215,2015-07-16 01:42:33,6.166,0,,,,,
216,2015-07-16 02:12:33,5.962,0,,,,,
217,2015-07-16 02:42:33,5.962,0,,,,,
218,2015-07-16 03:12:33,5.86,32.3,,,,,
219,2015-07-16 03:42:33,5.757,75.3,,,,,
220,2015-07-16 04:12:33,5.655,226,,,,,
221,2015-07-16 04:42:33,5.757,473.6,,,,,
222,2015-07-16 05:12:33,5.86,678.1,,,,,
223,2015-07-16 05:42:33,5.962,925.7,,,,,
224,2015-07-16 06:12:33,6.268,1184,,,,,
225,2015-07-16 06:42:33,6.37,1377.8,,,,,
226,2015-07-16 07:12:33,6.674,1980.6,,,,,
227,2015-07-16 07:42:33,6.877,2152.8,,,,,
228,2015-07-16 08:12:33,6.877,1894.5,,,,,
229,2015-07-16 08:42:33,7.179,2497.2,,,,,
230,2015-07-16 09:12:33,8.182,3444.5,,,,,
231,2015-07-16 09:42:33,8.082,3272.2,,,,,
232,2015-07-16 10:12:33,8.481,4822.3,,,,,
233,2015-07-16 10:42:33,8.581,4477.8,,,,,
234,2015-07-16 11:12:33,8.879,5166.7,,,,,
235,2015-07-16 11:42:33,9.768,5511.1,,,,,
236,2015-07-16 12:12:33,12.304,5511.1,,,,,
237,2015-07-16 12:42:33,18.521,9644.5,,,,,
238,2015-07-16 13:12:33,20.901,14466.8,,,,,
239,2015-07-16 13:42:33,19.282,14466.8,,,,,
240,2015-07-16 14:12:33,21.569,10677.8,,,,,
241,2015-07-16 14:42:33,21.187,15155.7,,,,,
242,2015-07-16 15:12:33,14.134,8266.7,,,,,
243,2015-07-16 15:42:33,12.98,7233.4,,,,,
244,2015-07-16 16:12:33,17.855,10333.4,,,,,
245,2015-07-16 16:42:33,18.806,9644.5,,,,,
246,2015-07-16 17:12:33,12.11,4650,,,,,
247,2015-07-16 17:42:33,11.236,4650,,,,,
248,2015-07-16 18:12:33,10.357,3100,,,,,
249,2015-07-16 18:42:33,9.669,2755.6,,,,,
250,2015-07-16 19:12:33,9.866,2497.2,,,,,
251,2015-07-16 19:42:33,8.779,2152.8,,,,,
252,2015-07-16 20:12:33,8.581,1722.2,,,,,
253,2015-07-16 20:42:33,7.983,1205.6,,,,,
254,2015-07-16 21:12:33,7.782,979.5,,,,,
255,2015-07-16 21:42:33,7.682,624.3,,,,,
256,2015-07-16 22:12:33,7.582,409,,,,,
257,2015-07-16 22:42:33,7.381,312.2,,,,,
258,2015-07-16 23:12:33,6.877,215.3,,,,,
259,2015-07-16 23:42:33,6.166,86.1,,,,,
260,2015-07-17 00:12:33,5.347,32.3,,,,,
261,2015-07-17 00:42:33,4.727,10.8,,,,,
262,2015-07-17 01:12:33,5.244,0,,,,,
263,2015-07-17 01:42:33,5.037,10.8,,,,,
264,2015-07-17 02:12:33,4.623,32.3,,,,,
265,2015-07-17 02:42:33,4.934,64.6,,,,,
266,2015-07-17 03:12:33,4.831,129.2,,,,,
267,2015-07-17 03:42:33,4.831,247.6,,,,,
268,2015-07-17 04:12:33,4.727,344.4,,,,,
269,2015-07-17 04:42:33,4.934,624.3,,,,,
270,2015-07-17 05:12:33,5.244,958,,,,,
271,2015-07-17 05:42:33,5.347,1636.1,,,,,
272,2015-07-17 06:12:33,5.655,1377.8,,,,,
273,2015-07-17 06:42:33,5.86,1463.9,,,,,
274,2015-07-17 07:12:33,6.166,2497.2,,,,,
275,2015-07-17 07:42:33,7.079,2927.8,,,,,
276,2015-07-17 08:12:33,6.674,3100,,,,,
277,2015-07-17 08:42:33,6.775,4305.6,,,,,
278,2015-07-17 09:12:33,7.682,3444.5,,,,,
279,2015-07-17 09:42:33,8.481,4133.4,,,,,
280,2015-07-17 10:12:33,9.965,8611.2,,,,,
281,2015-07-17 10:42:33,9.965,6200,,,,,
282,2015-07-17 11:12:33,9.669,6544.5,,,,,
283,2015-07-17 11:42:33,17.475,20666.8,,,,,
284,2015-07-17 12:12:33,21.76,27555.7,,,,,
285,2015-07-17 12:42:33,18.996,52355.9,,,,,
286,2015-07-17 13:12:33,20.138,110223,,,,,
287,2015-07-17 13:42:33,18.901,110223,,,,,
288,2015-07-17 14:12:33,16.523,99200.7,,,,,
289,2015-07-17 14:42:33,15.378,77156.1,,,,,
290,2015-07-17 15:12:33,14.517,38578,,,,,
291,2015-07-17 15:42:33,13.173,14466.8,,,,,
292,2015-07-17 16:12:33,11.528,3788.9,,,,,
293,2015-07-17 16:42:33,12.207,14466.8,,,,,
294,2015-07-17 17:12:33,11.819,4305.6,,,,,
295,2015-07-17 17:42:33,11.139,6544.5,,,,,
296,2015-07-17 18:12:33,11.625,8611.2,,,,,
297,2015-07-17 18:42:33,11.431,5166.7,,,,,
298,2015-07-17 19:12:33,11.041,9300.1,,,,,
299,2015-07-17 19:42:33,10.748,7233.4,,,,,
300,2015-07-17 20:12:33,9.077,3788.9,,,,,
301,2015-07-17 20:42:33,7.983,1894.5,,,,,
302,2015-07-17 21:12:33,7.481,1367,,,,,
303,2015-07-17 21:42:33,7.381,1313.2,,,,,
304,2015-07-17 22:12:33,7.28,731.9,,,,,
305,2015-07-17 22:42:33,6.37,161.5,,,,,
306,2015-07-17 23:12:33,6.268,53.8,,,,,
307,2015-07-17 23:42:33,6.268,0,,,,,
308,2015-07-18 00:12:33,6.268,0,,,,,
309,2015-07-18 00:42:33,6.166,0,,,,,
310,2015-07-18 01:12:33,6.166,0,,,,,
311,2015-07-18 01:42:33,6.166,0,,,,,
312,2015-07-18 02:12:33,6.064,0,,,,,
313,2015-07-18 02:42:33,6.166,21.5,,,,,
314,2015-07-18 03:12:33,6.064,10.8,,,,,
315,2015-07-18 03:42:33,6.166,32.3,,,,,
316,2015-07-18 04:12:33,6.268,279.9,,,,,
317,2015-07-18 04:42:33,6.166,333.7,,,,,
318,2015-07-18 05:12:33,6.268,505.9,,,,,
319,2015-07-18 05:42:33,6.268,731.9,,,,,
320,2015-07-18 06:12:33,6.573,1808.3,,,,,
321,2015-07-18 06:42:33,6.674,1550,,,,,
322,2015-07-18 07:12:33,6.775,2583.4,,,,,
323,2015-07-18 07:42:33,7.179,2755.6,,,,,
324,2015-07-18 08:12:33,6.978,2755.6,,,,,
325,2015-07-18 08:42:33,7.28,3961.1,,,,,
326,2015-07-18 09:12:33,7.882,3961.1,,,,,
327,2015-07-18 09:42:33,8.581,5166.7,,,,,
328,2015-07-18 10:12:33,8.282,2583.4,,,,,
329,2015-07-18 10:42:33,7.582,2497.2,,,,,
330,2015-07-18 11:12:33,8.382,5166.7,,,,,
331,2015-07-18 11:42:33,7.882,4133.4,,,,,
332,2015-07-18 12:12:33,8.779,5166.7,,,,,
333,2015-07-18 12:42:33,8.082,4133.4,,,,,
334,2015-07-18 13:12:33,7.882,3616.7,,,,,
335,2015-07-18 13:42:33,7.682,3100,,,,,
336,2015-07-18 14:12:33,7.381,2755.6,,,,,
337,2015-07-18 14:42:33,6.978,1722.2,,,,,
338,2015-07-18 15:12:33,7.179,1894.5,,,,,
339,2015-07-18 15:42:33,6.674,1722.2,,,,,
340,2015-07-18 16:12:33,6.877,2152.8,,,,,
341,2015-07-18 16:42:33,6.877,2152.8,,,,,
342,2015-07-18 17:12:33,7.381,3272.2,,,,,
343,2015-07-18 17:42:33,6.573,1184,,,,,
344,2015-07-18 18:12:33,6.775,3788.9,,,,,
345,2015-07-18 18:42:33,6.775,2325,,,,,
346,2015-07-18 19:12:33,6.978,3444.5,,,,,
347,2015-07-18 19:42:33,6.471,1636.1,,,,,
348,2015-07-18 20:12:33,6.064,1377.8,,,,,
349,2015-07-18 20:42:33,6.471,2411.1,,,,,
350,2015-07-18 21:12:33,5.655,516.7,,,,,
351,2015-07-18 21:42:33,5.552,290.6,,,,,
352,2015-07-18 22:12:33,5.45,161.5,,,,,
353,2015-07-18 22:42:33,5.757,333.7,,,,,
354,2015-07-18 23:12:33,5.757,86.1,,,,,
355,2015-07-18 23:42:33,5.552,32.3,,,,,
356,2015-07-19 00:12:33,5.347,0,,,,,
357,2015-07-19 00:42:33,4.415,0,,,,,
358,2015-07-19 01:12:33,5.141,0,,,,,
359,2015-07-19 01:42:33,5.86,0,,,,,
360,2015-07-19 02:12:33,6.166,0,,,,,
361,2015-07-19 02:42:33,6.166,0,,,,,
362,2015-07-19 03:12:33,6.064,0,,,,,
363,2015-07-19 03:42:33,5.141,86.1,,,,,
364,2015-07-19 04:12:33,4.934,139.9,,,,,
365,2015-07-19 04:42:33,4.415,301.4,,,,,
366,2015-07-19 05:12:33,4.519,559.7,,,,,
367,2015-07-19 05:42:33,4.207,893.4,,,,,
368,2015-07-19 06:12:33,4.727,1377.8,,,,,
369,2015-07-19 06:42:33,4.623,1550,,,,,
370,2015-07-19 07:12:33,4.519,2152.8,,,,,
371,2015-07-19 07:42:33,4.623,3100,,,,,
372,2015-07-19 08:12:33,4.519,2927.8,,,,,
373,2015-07-19 08:42:33,5.244,3444.5,,,,,
374,2015-07-19 09:12:33,5.141,3788.9,,,,,
375,2015-07-19 09:42:33,6.166,4477.8,,,,,
376,2015-07-19 10:12:33,6.877,6200,,,,,
377,2015-07-19 10:42:33,6.674,5166.7,,,,,
378,2015-07-19 11:12:33,6.674,7577.8,,,,,
379,2015-07-19 11:42:33,6.775,5166.7,,,,,
380,2015-07-19 12:12:33,5.86,3616.7,,,,,
381,2015-07-19 12:42:33,6.978,7577.8,,,,,
382,2015-07-19 13:12:33,6.775,4994.5,,,,,
383,2015-07-19 13:42:33,6.978,4133.4,,,,,
384,2015-07-19 14:12:33,8.879,10333.4,,,,,
385,2015-07-19 14:42:33,7.582,9644.5,,,,,
386,2015-07-19 15:12:33,6.978,7233.4,,,,,
387,2015-07-19 15:42:33,6.064,3100,,,,,
388,2015-07-19 16:12:33,6.064,4133.4,,,,,
389,2015-07-19 16:42:33,5.347,3616.7,,,,,
390,2015-07-19 17:12:33,6.268,3272.2,,,,,
391,2015-07-19 17:42:33,6.877,4650,,,,,
392,2015-07-19 18:12:33,7.381,5166.7,,,,,
393,2015-07-19 18:42:33,7.782,5338.9,,,,,
394,2015-07-19 19:12:33,6.978,3788.9,,,,,
395,2015-07-19 19:42:33,6.37,1894.5,,,,,
396,2015-07-19 20:12:33,5.962,796.5,,,,,
397,2015-07-19 20:42:33,5.655,667.4,,,,,
398,2015-07-19 21:12:33,5.244,355.2,,,,,
399,2015-07-19 21:42:33,5.037,236.8,,,,,
400,2015-07-19 22:12:33,4.623,43.1,,,,,
401,2015-07-19 22:42:33,4.727,21.5,,,,,
402,2015-07-19 23:12:33,4.831,0,,,,,
403,2015-07-19 23:42:33,5.037,0,,,,,
404,2015-07-20 00:12:33,5.141,0,,,,,
405,2015-07-20 00:42:33,5.141,0,,,,,
406,2015-07-20 01:12:33,5.141,0,,,,,
407,2015-07-20 01:42:33,5.037,0,,,,,
408,2015-07-20 02:12:33,4.831,0,,,,,
409,2015-07-20 02:42:33,4.934,0,,,,,
410,2015-07-20 03:12:33,4.831,43.1,,,,,
411,2015-07-20 03:42:33,4.727,247.6,,,,,
412,2015-07-20 04:12:33,4.519,430.6,,,,,
413,2015-07-20 04:42:33,4.831,635.1,,,,,
414,2015-07-20 05:12:33,4.831,914.9,,,,,
415,2015-07-20 05:42:33,5.141,893.4,,,,,
416,2015-07-20 06:12:33,5.244,1377.8,,,,,
417,2015-07-20 06:42:33,5.347,2238.9,,,,,
418,2015-07-20 07:12:33,7.179,3616.7,,,,,
419,2015-07-20 07:42:33,7.582,4650,,,,,
420,2015-07-20 08:12:33,8.779,4650,,,,,
421,2015-07-20 08:42:33,11.236,6544.5,,,,,
422,2015-07-20 09:12:33,14.709,6200,,,,,
423,2015-07-20 09:42:33,9.965,3961.1,,,,,
424,2015-07-20 10:12:33,6.978,4133.4,,,,,
425,2015-07-20 10:42:33,9.866,10333.4,,,,,
426,2015-07-20 11:12:33,10.455,10333.4,,,,,
427,2015-07-20 11:42:33,11.139,8611.2,,,,,
428,2015-07-20 12:12:33,11.819,20666.8,,,,,
429,2015-07-20 12:42:33,11.139,18600.1,,,,,
430,2015-07-20 13:12:33,11.431,19977.9,,,,,
431,2015-07-20 13:42:33,14.23,26178,,,,,
432,2015-07-20 14:12:33,18.996,42711.4,,,,,
433,2015-07-20 14:42:33,18.426,110223,,,,,
434,2015-07-20 15:12:33,16.618,19289,,,,,
435,2015-07-20 15:42:33,10.944,6200,,,,,
436,2015-07-20 16:12:33,9.472,7577.8,,,,,
437,2015-07-20 16:42:33,14.996,104711.8,,,,,
438,2015-07-20 17:12:33,9.768,9644.5,,,,,
439,2015-07-20 17:42:33,8.68,3788.9,,,,,
440,2015-07-20 18:12:33,8.779,4305.6,,,,,
441,2015-07-20 18:42:33,8.978,6200,,,,,
442,2015-07-20 19:12:33,10.455,7233.4,,,,,
443,2015-07-20 19:42:33,9.077,3272.2,,,,,
444,2015-07-20 20:12:33,8.481,4994.5,,,,,
445,2015-07-20 20:42:33,7.882,2583.4,,,,,
446,2015-07-20 21:12:33,6.877,1463.9,,,,,
447,2015-07-20 21:42:33,6.674,1808.3,,,,,
448,2015-07-20 22:12:33,6.37,807.3,,,,,
449,2015-07-20 22:42:33,6.064,75.3,,,,,
450,2015-07-20 23:12:33,6.166,86.1,,,,,
451,2015-07-20 23:42:33,5.962,10.8,,,,,
452,2015-07-21 00:12:33,5.86,0,,,,,
453,2015-07-21 00:42:33,5.757,0,,,,,
454,2015-07-21 01:12:33,5.655,0,,,,,
455,2015-07-21 01:42:33,5.552,0,,,,,
456,2015-07-21 02:12:33,5.45,0,,,,,
457,2015-07-21 02:42:33,5.552,10.8,,,,,
458,2015-07-21 03:12:33,5.86,43.1,,,,,
459,2015-07-21 03:42:33,5.86,64.6,,,,,
460,2015-07-21 04:12:33,5.86,129.2,,,,,
461,2015-07-21 04:42:33,5.86,344.4,,,,,
462,2015-07-21 05:12:33,6.268,1033.3,,,,,
463,2015-07-21 05:42:33,6.37,1162.5,,,,,
464,2015-07-21 06:12:33,6.775,2411.1,,,,,
465,2015-07-21 06:42:33,7.079,2669.5,,,,,
466,2015-07-21 07:12:33,7.682,2927.8,,,,,
467,2015-07-21 07:42:33,7.481,2066.7,,,,,
468,2015-07-21 08:12:33,8.282,3616.7,,,,,
469,2015-07-21 08:42:33,8.282,3788.9,,,,,
470,2015-07-21 09:12:33,8.282,4305.6,,,,,
471,2015-07-21 09:42:33,9.077,3961.1,,,,,
472,2015-07-21 10:12:33,8.282,4305.6,,,,,
473,2015-07-21 10:42:33,8.481,4305.6,,,,,
474,2015-07-21 11:12:33,9.275,5511.1,,,,,
475,2015-07-21 11:42:33,10.161,9644.5,,,,,
476,2015-07-21 12:12:33,10.259,6544.5,,,,,
477,2015-07-21 12:42:33,11.722,10677.8,,,,,
478,2015-07-21 13:12:33,11.139,5166.7,,,,,
479,2015-07-21 13:42:33,10.748,8611.2,,,,,
480,2015-07-21 14:12:33,9.669,4994.5,,,,,
481,2015-07-21 14:42:33,9.176,4650,,,,,
482,2015-07-21 15:12:33,9.866,6544.5,,,,,
483,2015-07-21 15:42:33,9.571,5166.7,,,,,
484,2015-07-21 16:12:33,8.68,4477.8,,,,,
485,2015-07-21 16:42:33,9.669,5166.7,,,,,
486,2015-07-21 17:12:33,8.68,3961.1,,,,,
487,2015-07-21 17:42:33,8.282,3788.9,,,,,
488,2015-07-21 18:12:33,8.082,2325,,,,,
489,2015-07-21 18:42:33,7.983,1980.6,,,,,
490,2015-07-21 19:12:33,7.782,2066.7,,,,,
491,2015-07-21 19:42:33,7.682,1377.8,,,,,
492,2015-07-21 20:12:33,7.481,947.2,,,,,
493,2015-07-21 20:42:33,7.481,1550,,,,,
494,2015-07-21 21:12:33,6.775,731.9,,,,,
495,2015-07-21 21:42:33,6.674,602.8,,,,,
496,2015-07-21 22:12:33,6.471,462.9,,,,,
497,2015-07-21 22:42:33,6.166,75.3,,,,,
498,2015-07-21 23:12:33,5.962,32.3,,,,,
499,2015-07-21 23:42:33,5.86,10.8,,,,,
500,2015-07-22 00:12:33,5.552,0,,,,,
501,2015-07-22 00:42:33,5.347,0,,,,,
502,2015-07-22 01:12:33,5.244,0,,,,,
503,2015-07-22 01:42:33,5.141,0,,,,,
504,2015-07-22 02:12:33,5.141,0,,,,,
505,2015-07-22 02:42:33,5.141,0,,,,,
506,2015-07-22 03:12:33,4.831,21.5,,,,,
507,2015-07-22 03:42:33,4.934,64.6,,,,,
508,2015-07-22 04:12:33,4.934,215.3,,,,,
509,2015-07-22 04:42:33,4.934,409,,,,,
510,2015-07-22 05:12:33,4.934,441.3,,,,,
511,2015-07-22 05:42:33,4.831,1087.2,,,,,
512,2015-07-22 06:12:33,4.623,1065.6,,,,,
513,2015-07-22 06:42:33,5.037,1722.2,,,,,
514,2015-07-22 07:12:33,5.244,2152.8,,,,,
515,2015-07-22 07:42:33,5.552,2325,,,,,
516,2015-07-22 08:12:33,5.757,3100,,,,,
517,2015-07-22 08:42:33,5.86,2497.2,,,,,
518,2015-07-22 09:12:33,6.166,3272.2,,,,,
519,2015-07-22 09:42:33,6.37,3616.7,,,,,
520,2015-07-22 10:12:33,6.471,3961.1,,,,,
521,2015-07-22 10:42:33,6.978,4650,,,,,
522,2015-07-22 11:12:33,8.481,7577.8,,,,,
523,2015-07-22 11:42:33,8.779,8611.2,,,,,
524,2015-07-22 12:12:33,7.481,5166.7,,,,,
525,2015-07-22 12:42:33,7.882,5166.7,,,,,
526,2015-07-22 13:12:33,6.978,2669.5,,,,,
527,2015-07-22 13:42:33,6.573,3100,,,,,
528,2015-07-22 14:12:33,6.877,3272.2,,,,,
529,2015-07-22 14:42:33,6.268,1894.5,,,,,
530,2015-07-22 15:12:33,6.268,1808.3,,,,,
531,2015-07-22 15:42:33,6.37,2755.6,,,,,
532,2015-07-22 16:12:33,6.877,4822.3,,,,,
533,2015-07-22 16:42:33,6.573,3444.5,,,,,
534,2015-07-22 17:12:33,6.877,4305.6,,,,,
535,2015-07-22 17:42:33,6.978,3788.9,,,,,
536,2015-07-22 18:12:33,6.37,1894.5,,,,,
537,2015-07-22 18:42:33,6.37,1550,,,,,
538,2015-07-22 19:12:33,6.674,1722.2,,,,,
539,2015-07-22 19:42:33,6.37,538.2,,,,,
540,2015-07-22 20:12:33,6.268,559.7,,,,,
541,2015-07-22 20:42:33,6.166,484.4,,,,,
542,2015-07-22 21:12:33,6.064,430.6,,,,,
543,2015-07-22 21:42:33,5.962,398.3,,,,,
544,2015-07-22 22:12:33,5.86,150.7,,,,,
545,2015-07-22 22:42:33,5.86,53.8,,,,,
546,2015-07-22 23:12:33,5.655,0,,,,,
547,2015-07-22 23:42:33,5.552,0,,,,,
548,2015-07-23 00:12:33,5.45,0,,,,,
549,2015-07-23 00:42:33,5.347,0,,,,,
550,2015-07-23 01:12:33,5.45,0,,,,,
551,2015-07-23 01:42:33,5.347,0,,,,,
552,2015-07-23 02:12:33,5.347,0,,,,,
553,2015-07-23 02:42:33,5.347,0,,,,,
554,2015-07-23 03:12:33,5.347,10.8,,,,,
555,2015-07-23 03:42:33,5.347,53.8,,,,,
556,2015-07-23 04:12:33,5.45,129.2,,,,,
557,2015-07-23 04:42:33,5.552,247.6,,,,,
558,2015-07-23 05:12:33,5.552,322.9,,,,,
559,2015-07-23 05:42:33,5.757,538.2,,,,,
560,2015-07-23 06:12:33,5.86,731.9,,,,,
561,2015-07-23 06:42:33,6.166,1636.1,,,,,
562,2015-07-23 07:12:33,6.37,1894.5,,,,,
563,2015-07-23 07:42:33,6.37,1808.3,,,,,
564,2015-07-23 08:12:33,7.582,4650,,,,,
565,2015-07-23 08:42:33,7.882,6200,,,,,
566,2015-07-23 09:12:33,8.879,6200,,,,,
567,2015-07-23 09:42:33,8.082,4477.8,,,,,
568,2015-07-23 10:12:33,7.882,3788.9,,,,,
569,2015-07-23 10:42:33,8.481,4133.4,,,,,
570,2015-07-23 11:12:33,8.581,4994.5,,,,,
571,2015-07-23 11:42:33,9.176,4650,,,,,
572,2015-07-23 12:12:33,10.161,7233.4,,,,,
573,2015-07-23 12:42:33,11.819,8611.2,,,,,
574,2015-07-23 13:12:33,10.651,7577.8,,,,,
575,2015-07-23 13:42:33,10.651,6200,,,,,
576,2015-07-23 14:12:33,10.748,7577.8,,,,,
577,2015-07-23 14:42:33,11.431,9644.5,,,,,
578,2015-07-23 15:12:33,12.401,14466.8,,,,,
579,2015-07-23 15:42:33,12.69,15155.7,,,,,
580,2015-07-23 16:12:33,12.883,13777.9,,,,,
581,2015-07-23 16:42:33,12.594,9644.5,,,,,
582,2015-07-23 17:12:33,10.455,7233.4,,,,,
583,2015-07-23 17:42:33,9.866,5166.7,,,,,
584,2015-07-23 18:12:33,9.866,5166.7,,,,,
585,2015-07-23 18:42:33,9.275,4994.5,,,,,
586,2015-07-23 19:12:33,8.779,3961.1,,,,,
587,2015-07-23 19:42:33,8.282,2755.6,,,,,
588,2015-07-23 20:12:33,7.983,2583.4,,,,,
589,2015-07-23 20:42:33,7.481,1808.3,,,,,
590,2015-07-23 21:12:33,7.28,925.7,,,,,
591,2015-07-23 21:42:33,6.877,721.2,,,,,
592,2015-07-23 22:12:33,6.674,269.1,,,,,
593,2015-07-23 22:42:33,6.674,96.9,,,,,
594,2015-07-23 23:12:33,6.573,32.3,,,,,
595,2015-07-23 23:42:33,6.166,0,,,,,
596,2015-07-24 00:12:33,5.962,0,,,,,
597,2015-07-24 00:42:33,5.962,0,,,,,
598,2015-07-24 01:12:33,5.962,0,,,,,
599,2015-07-24 01:42:33,5.45,0,,,,,
600,2015-07-24 02:12:33,5.244,0,,,,,
601,2015-07-24 02:42:33,5.347,0,,,,,
602,2015-07-24 03:12:33,5.347,0,,,,,
603,2015-07-24 03:42:33,5.244,32.3,,,,,
604,2015-07-24 04:12:33,5.244,75.3,,,,,
605,2015-07-24 04:42:33,5.347,107.6,,,,,
606,2015-07-24 05:12:33,5.141,215.3,,,,,
607,2015-07-24 05:42:33,5.45,505.9,,,,,
608,2015-07-24 06:12:33,5.552,667.4,,,,,
609,2015-07-24 06:42:33,5.757,1345.5,,,,,
610,2015-07-24 07:12:33,6.064,1894.5,,,,,
611,2015-07-24 07:42:33,6.978,3100,,,,,
612,2015-07-24 08:12:33,7.682,3616.7,,,,,
613,2015-07-24 08:42:33,7.782,4822.3,,,,,
614,2015-07-24 09:12:33,8.082,3788.9,,,,,
615,2015-07-24 09:42:33,8.382,4477.8,,,,,
616,2015-07-24 10:12:33,9.373,5166.7,,,,,
617,2015-07-24 10:42:33,10.846,8266.7,,,,,
618,2015-07-24 11:12:33,9.866,7233.4,,,,,
619,2015-07-24 11:42:33,10.259,8611.2,,,,,
620,2015-07-24 12:12:33,9.472,5511.1,,,,,
621,2015-07-24 12:42:33,10.259,9644.5,,,,,
622,2015-07-24 13:12:33,10.357,5166.7,,,,,
623,2015-07-24 13:42:33,9.571,6200,,,,,
624,2015-07-24 14:12:33,10.259,6200,,,,,
625,2015-07-24 14:42:33,11.528,4650,,,,,
626,2015-07-24 15:12:33,13.461,10677.8,,,,,
627,2015-07-24 15:42:33,11.722,12400.1,,,,,
628,2015-07-24 16:12:33,13.558,19289,,,,,
629,2015-07-24 16:42:33,9.176,5511.1,,,,,
630,2015-07-24 17:12:33,9.571,7577.8,,,,,
631,2015-07-24 17:42:33,8.581,3100,,,,,
632,2015-07-24 18:12:33,8.581,6200,,,,,
633,2015-07-24 18:42:33,9.373,6200,,,,,
634,2015-07-24 19:12:33,8.382,3444.5,,,,,
635,2015-07-24 19:42:33,7.782,2238.9,,,,,
636,2015-07-24 20:12:33,8.68,8266.7,,,,,
637,2015-07-24 20:42:33,7.882,2066.7,,,,,
638,2015-07-24 21:12:33,7.582,688.9,,,,,
639,2015-07-24 21:42:33,7.381,333.7,,,,,
640,2015-07-24 22:12:33,7.179,193.8,,,,,
641,2015-07-24 22:42:33,7.179,139.9,,,,,
642,2015-07-24 23:12:33,7.079,43.1,,,,,
643,2015-07-24 23:42:33,7.079,0,,,,,
644,2015-07-25 00:12:33,6.978,0,,,,,
645,2015-07-25 00:42:33,6.978,0,,,,,
646,2015-07-25 01:12:33,7.079,0,,,,,
647,2015-07-25 01:42:33,6.877,0,,,,,
648,2015-07-25 02:12:33,6.775,0,,,,,
649,2015-07-25 02:42:33,6.471,0,,,,,
650,2015-07-25 03:12:33,6.471,21.5,,,,,
651,2015-07-25 03:42:33,6.37,107.6,,,,,
652,2015-07-25 04:12:33,6.268,215.3,,,,,
653,2015-07-25 04:42:33,6.268,366,,,,,
654,2015-07-25 05:12:33,6.573,721.2,,,,,
655,2015-07-25 05:42:33,6.978,1550,,,,,
656,2015-07-25 06:12:33,7.179,2497.2,,,,,
657,2015-07-25 06:42:33,7.782,3616.7,,,,,
658,2015-07-25 07:12:33,8.182,4305.6,,,,,
659,2015-07-25 07:42:33,7.983,2497.2,,,,,
660,2015-07-25 08:12:33,8.481,3788.9,,,,,
661,2015-07-25 08:42:33,9.077,5166.7,,,,,
662,2015-07-25 09:12:33,8.879,7233.4,,,,,
663,2015-07-25 09:42:33,9.571,5511.1,,,,,
664,2015-07-25 10:12:33,9.275,8611.2,,,,,
665,2015-07-25 10:42:33,9.373,7233.4,,,,,
666,2015-07-25 11:12:33,9.472,7233.4,,,,,
667,2015-07-25 11:42:33,11.041,11711.2,,,,,
668,2015-07-25 12:12:33,20.996,18600.1,,,,,
669,2015-07-25 12:42:33,12.497,10333.4,,,,,
670,2015-07-25 13:12:33,11.334,6200,,,,,
671,2015-07-25 13:42:33,8.282,4650,,,,,
672,2015-07-25 14:12:33,16.332,34444.7,,,,,
673,2015-07-25 14:42:33,19.758,79911.6,,,,,
674,2015-07-25 15:12:33,19.092,85422.8,,,,,
675,2015-07-25 15:42:33,18.426,74400.5,,,,,
676,2015-07-25 16:12:33,16.999,7233.4,,,,,
677,2015-07-25 16:42:33,13.076,12400.1,,,,,
678,2015-07-25 17:12:33,16.808,14466.8,,,,,
679,2015-07-25 17:42:33,12.69,7577.8,,,,,
680,2015-07-25 18:12:33,13.654,10677.8,,,,,
681,2015-07-25 18:42:33,10.748,4650,,,,,
682,2015-07-25 19:12:33,9.866,2583.4,,,,,
683,2015-07-25 19:42:33,9.571,3444.5,,,,,
684,2015-07-25 20:12:33,9.077,1722.2,,,,,
685,2015-07-25 20:42:33,8.879,1550,,,,,
686,2015-07-25 21:12:33,7.682,893.4,,,,,
687,2015-07-25 21:42:33,7.179,344.4,,,,,
688,2015-07-25 22:12:33,7.079,129.2,,,,,
689,2015-07-25 22:42:33,6.978,75.3,,,,,
690,2015-07-25 23:12:33,6.775,10.8,,,,,
691,2015-07-25 23:42:33,6.573,0,,,,,
692,2015-07-26 00:12:33,6.674,0,,,,,
693,2015-07-26 00:42:33,6.877,0,,,,,
694,2015-07-26 01:12:33,6.877,0,,,,,
695,2015-07-26 01:42:33,6.573,0,,,,,
696,2015-07-26 02:12:33,6.37,0,,,,,
697,2015-07-26 02:42:33,6.573,0,,,,,
698,2015-07-26 03:12:33,6.775,21.5,,,,,
699,2015-07-26 03:42:33,6.775,86.1,,,,,
700,2015-07-26 04:12:33,6.877,204.5,,,,,
701,2015-07-26 04:42:33,6.573,322.9,,,,,
702,2015-07-26 05:12:33,6.37,527.4,,,,,
703,2015-07-26 05:42:33,6.674,1722.2,,,,,
704,2015-07-26 06:12:33,7.079,1636.1,,,,,
705,2015-07-26 06:42:33,7.882,2583.4,,,,,
706,2015-07-26 07:12:33,9.965,4305.6,,,,,
707,2015-07-26 07:42:33,13.75,4822.3,,,,,
708,2015-07-26 08:12:33,14.038,5511.1,,,,,
709,2015-07-26 08:42:33,15.855,7233.4,,,,,
710,2015-07-26 09:12:33,17.665,7233.4,,,,,
711,2015-07-26 09:42:33,14.804,8611.2,,,,,
712,2015-07-26 10:12:33,16.999,8266.7,,,,,
713,2015-07-26 10:42:33,18.616,11711.2,,,,,
714,2015-07-26 11:12:33,27.37,15155.7,,,,,
715,2015-07-26 11:42:33,19.662,15155.7,,,,,
716,2015-07-26 12:12:33,23.292,20666.8,,,,,
717,2015-07-26 12:42:33,27.961,22044.6,,,,,
718,2015-07-26 13:12:33,18.711,18600.1,,,,,
719,2015-07-26 13:42:33,19.472,23422.4,,,,,
720,2015-07-26 14:12:33,17.665,11022.3,,,,,
721,2015-07-26 14:42:33,16.237,15844.5,,,,,
722,2015-07-26 15:12:33,20.138,27555.7,,,,,
723,2015-07-26 15:42:33,15.282,28933.5,,,,,
724,2015-07-26 16:12:33,14.613,8266.7,,,,,
725,2015-07-26 16:42:33,14.517,10677.8,,,,,
726,2015-07-26 17:12:33,16.427,11022.3,,,,,
727,2015-07-26 17:42:33,12.883,8611.2,,,,,
728,2015-07-26 18:12:33,12.787,8611.2,,,,,
729,2015-07-26 18:42:33,11.139,3961.1,,,,,
730,2015-07-26 19:12:33,9.866,1980.6,,,,,
731,2015-07-26 19:42:33,9.669,1722.2,,,,,
732,2015-07-26 20:12:33,8.978,1377.8,,,,,
733,2015-07-26 20:42:33,8.879,1151.7,,,,,
734,2015-07-26 21:12:33,8.779,688.9,,,,,
735,2015-07-26 21:42:33,8.581,376.7,,,,,
736,2015-07-26 22:12:33,8.282,172.2,,,,,
737,2015-07-26 22:42:33,8.082,75.3,,,,,
738,2015-07-26 23:12:33,7.882,21.5,,,,,
739,2015-07-26 23:42:33,7.682,0,,,,,
740,2015-07-27 00:12:33,7.28,0,,,,,
741,2015-07-27 00:42:33,6.573,0,,,,,
742,2015-07-27 01:12:33,6.37,0,,,,,
743,2015-07-27 01:42:33,5.86,0,,,,,
744,2015-07-27 02:12:33,3.998,0,,,,,
745,2015-07-27 02:42:33,6.775,0,,,,,
746,2015-07-27 03:12:33,6.674,32.3,,,,,
747,2015-07-27 03:42:33,6.573,172.2,,,,,
748,2015-07-27 04:12:33,6.471,861.1,,,,,
749,2015-07-27 04:42:33,7.882,3961.1,,,,,
750,2015-07-27 05:12:33,15.091,6544.5,,,,,
751,2015-07-27 05:42:33,11.334,3616.7,,,,,
752,2015-07-27 06:12:33,9.866,2755.6,,,,,
753,2015-07-27 06:42:33,9.077,3272.2,,,,,
754,2015-07-27 07:12:33,9.571,4305.6,,,,,
755,2015-07-27 07:42:33,12.207,7233.4,,,,,
756,2015-07-27 08:12:33,12.69,5511.1,,,,,
757,2015-07-27 08:42:33,18.331,7577.8,,,,,
758,2015-07-27 09:12:33,39.163,9644.5,,,,,
759,2015-07-27 09:42:33,39.05,15844.5,,,,,
760,2015-07-27 10:12:33,26.488,9644.5,,,,,
761,2015-07-27 10:42:33,31.778,7233.4,,,,,
762,2015-07-27 11:12:33,19.853,16533.4,,,,,
763,2015-07-27 11:42:33,32.807,19289,,,,,
764,2015-07-27 12:12:33,36.62,30311.3,,,,,
765,2015-07-27 12:42:33,47.238,88178.4,,,,,
766,2015-07-27 13:12:33,43.601,115734.1,,,,,
767,2015-07-27 13:42:33,40.53,121245.2,,,,,
768,2015-07-27 14:12:33,18.426,49600.3,,,,,
769,2015-07-27 14:42:33,22.908,132267.5,,,,,
770,2015-07-27 15:12:33,18.045,22044.6,,,,,
771,2015-07-27 15:42:33,16.903,21355.7,,,,,
772,2015-07-27 16:12:33,15.569,14466.8,,,,,
773,2015-07-27 16:42:33,14.038,13777.9,,,,,
774,2015-07-27 17:12:33,14.709,14466.8,,,,,
775,2015-07-27 17:42:33,13.269,8611.2,,,,,
776,2015-07-27 18:12:33,11.431,4994.5,,,,,
777,2015-07-27 18:42:33,11.722,4994.5,,,,,
778,2015-07-27 19:12:33,10.846,4994.5,,,,,
779,2015-07-27 19:42:33,9.571,2238.9,,,,,
780,2015-07-27 20:12:33,9.176,2583.4,,,,,
781,2015-07-27 20:42:33,9.176,1097.9,,,,,
782,2015-07-27 21:12:33,8.879,1001,,,,,
783,2015-07-27 21:42:33,8.581,441.3,,,,,
784,2015-07-27 22:12:33,7.882,193.8,,,,,
785,2015-07-27 22:42:33,7.582,86.1,,,,,
786,2015-07-27 23:12:33,7.28,21.5,,,,,
787,2015-07-27 23:42:33,7.179,0,,,,,
788,2015-07-28 00:12:33,7.079,0,,,,,
789,2015-07-28 00:42:33,6.674,0,,,,,
790,2015-07-28 01:12:33,6.978,0,,,,,
791,2015-07-28 01:42:33,6.674,0,,,,,
792,2015-07-28 02:12:33,6.573,0,,,,,
793,2015-07-28 02:42:33,6.674,0,,,,,
794,2015-07-28 03:12:33,6.37,43.1,,,,,
795,2015-07-28 03:42:33,6.166,129.2,,,,,
796,2015-07-28 04:12:33,6.064,333.7,,,,,
797,2015-07-28 04:42:33,7.481,4650,,,,,
798,2015-07-28 05:12:33,6.775,1054.9,,,,,
799,2015-07-28 05:42:33,6.978,1722.2,,,,,
800,2015-07-28 06:12:33,7.682,2583.4,,,,,
801,2015-07-28 06:42:33,8.779,3272.2,,,,,
802,2015-07-28 07:12:33,8.68,3100,,,,,
803,2015-07-28 07:42:33,9.472,3616.7,,,,,
804,2015-07-28 08:12:33,11.431,4822.3,,,,,
805,2015-07-28 08:42:33,11.625,4650,,,,,
806,2015-07-28 09:12:33,11.722,5166.7,,,,,
807,2015-07-28 09:42:33,13.365,6544.5,,,,,
808,2015-07-28 10:12:33,9.768,3961.1,,,,,
809,2015-07-28 10:42:33,10.748,5166.7,,,,,
810,2015-07-28 11:12:33,13.365,10677.8,,,,,
811,2015-07-28 11:42:33,12.594,7577.8,,,,,
812,2015-07-28 12:12:33,14.709,8611.2,,,,,
813,2015-07-28 12:42:33,18.806,9300.1,,,,,
814,2015-07-28 13:12:33,23.773,30311.3,,,,,
815,2015-07-28 13:42:33,25.416,19977.9,,,,,
816,2015-07-28 14:12:33,28.555,57867,,,,,
817,2015-07-28 14:42:33,22.908,77156.1,,,,,
818,2015-07-28 15:12:33,25.805,27555.7,,,,,
819,2015-07-28 15:42:33,18.521,16533.4,,,,,
820,2015-07-28 16:12:33,17.57,8266.7,,,,,
821,2015-07-28 16:42:33,16.332,4994.5,,,,,
822,2015-07-28 17:12:33,15.187,5166.7,,,,,
823,2015-07-28 17:42:33,14.421,5166.7,,,,,
824,2015-07-28 18:12:33,13.365,3961.1,,,,,
825,2015-07-28 18:42:33,12.401,5166.7,,,,,
826,2015-07-28 19:12:33,10.944,4650,,,,,
827,2015-07-28 19:42:33,9.866,3272.2,,,,,
828,2015-07-28 20:12:33,9.077,3788.9,,,,,
829,2015-07-28 20:42:33,8.978,2325,,,,,
830,2015-07-28 21:12:33,8.481,1377.8,,,,,
831,2015-07-28 21:42:33,7.179,785.8,,,,,
832,2015-07-28 22:12:33,5.962,419.8,,,,,
833,2015-07-28 22:42:33,5.347,172.2,,,,,
834,2015-07-28 23:12:33,5.141,53.8,,,,,
835,2015-07-28 23:42:33,5.037,0,,,,,
836,2015-07-29 00:12:33,5.45,0,,,,,
837,2015-07-29 00:42:33,4.831,0,,,,,
838,2015-07-29 01:12:33,4.831,0,,,,,
839,2015-07-29 01:42:33,3.893,0,,,,,
840,2015-07-29 02:12:33,3.261,0,,,,,
841,2015-07-29 02:42:33,3.472,0,,,,,
842,2015-07-29 03:12:33,3.578,32.3,,,,,
843,2015-07-29 03:42:33,3.367,96.9,,,,,
844,2015-07-29 04:12:33,3.367,258.3,,,,,
845,2015-07-29 04:42:33,3.367,559.7,,,,,
846,2015-07-29 05:12:33,3.788,1119.5,,,,,
847,2015-07-29 05:42:33,5.244,1808.3,,,,,
848,2015-07-29 06:12:33,5.552,1980.6,,,,,
849,2015-07-29 06:42:33,6.674,2066.7,,,,,
850,2015-07-29 07:12:33,7.882,3100,,,,,
851,2015-07-29 07:42:33,10.357,5511.1,,,,,
852,2015-07-29 08:12:33,10.651,5166.7,,,,,
853,2015-07-29 08:42:33,16.046,8266.7,,,,,
854,2015-07-29 09:12:33,22.908,7577.8,,,,,
855,2015-07-29 09:42:33,27.665,7577.8,,,,,
856,2015-07-29 10:12:33,28.655,8611.2,,,,,
857,2015-07-29 10:42:33,30.457,9300.1,,,,,
858,2015-07-29 11:12:33,30.558,10677.8,,,,,
859,2015-07-29 11:42:33,30.558,12400.1,,,,,
860,2015-07-29 12:12:33,29.552,22044.6,,,,,
861,2015-07-29 12:42:33,24.641,26178,,,,,
862,2015-07-29 13:12:33,22.238,85422.8,,,,,
863,2015-07-29 13:42:33,21.855,46844.8,,,,,
864,2015-07-29 14:12:33,22.333,99200.7,,,,,
865,2015-07-29 14:42:33,25.902,88178.4,,,,,
866,2015-07-29 15:12:33,22.717,30311.3,,,,,
867,2015-07-29 15:42:33,20.043,18600.1,,,,,
868,2015-07-29 16:12:33,11.819,3616.7,,,,,
869,2015-07-29 16:42:33,10.651,6200,,,,,
870,2015-07-29 17:12:33,11.625,8266.7,,,,,
871,2015-07-29 17:42:33,10.944,8266.7,,,,,
872,2015-07-29 18:12:33,10.846,5166.7,,,,,
873,2015-07-29 18:42:33,10.357,2755.6,,,,,
874,2015-07-29 19:12:33,9.866,2497.2,,,,,
875,2015-07-29 19:42:33,9.571,2152.8,,,,,
876,2015-07-29 20:12:33,9.373,2411.1,,,,,
877,2015-07-29 20:42:33,9.373,1463.9,,,,,
878,2015-07-29 21:12:33,8.978,958,,,,,
879,2015-07-29 21:42:33,8.779,635.1,,,,,
880,2015-07-29 22:12:33,8.382,409,,,,,
881,2015-07-29 22:42:33,7.582,150.7,,,,,
882,2015-07-29 23:12:33,7.179,32.3,,,,,
883,2015-07-29 23:42:33,6.775,0,,,,,
884,2015-07-30 00:12:33,6.775,0,,,,,
885,2015-07-30 00:42:33,6.674,0,,,,,
886,2015-07-30 01:12:33,6.37,0,,,,,
887,2015-07-30 01:42:33,6.674,0,,,,,
888,2015-07-30 02:12:33,6.674,0,,,,,
889,2015-07-30 02:42:33,6.573,0,,,,,
890,2015-07-30 03:12:33,6.471,10.8,,,,,
891,2015-07-30 03:42:33,6.471,118.4,,,,,
892,2015-07-30 04:12:33,6.37,258.3,,,,,
893,2015-07-30 04:42:33,6.573,462.9,,,,,
894,2015-07-30 05:12:33,6.573,979.5,,,,,
895,2015-07-30 05:42:33,6.775,1001,,,,,
896,2015-07-30 06:12:33,7.179,1130.2,,,,,
897,2015-07-30 06:42:33,7.782,1808.3,,,,,
898,2015-07-30 07:12:33,9.077,3272.2,,,,,
899,2015-07-30 07:42:33,11.236,5166.7,,,,,
900,2015-07-30 08:12:33,13.461,5511.1,,,,,
901,2015-07-30 08:42:33,16.427,7233.4,,,,,
902,2015-07-30 09:12:33,19.282,9300.1,,,,,
903,2015-07-30 09:42:33,22.333,10677.8,,,,,
904,2015-07-30 10:12:33,19.758,11022.3,,,,,
905,2015-07-30 10:42:33,18.331,22044.6,,,,,
906,2015-07-30 11:12:33,17.284,19977.9,,,,,
907,2015-07-30 11:42:33,17.95,19977.9,,,,,
908,2015-07-30 12:12:33,14.804,20666.8,,,,,
909,2015-07-30 12:42:33,13.846,12400.1,,,,,
910,2015-07-30 13:12:33,15.378,7577.8,,,,,
911,2015-07-30 13:42:33,18.236,22044.6,,,,,
912,2015-07-30 14:12:33,14.325,6544.5,,,,,
913,2015-07-30 14:42:33,17.189,6544.5,,,,,
914,2015-07-30 15:12:33,14.517,7233.4,,,,,
915,2015-07-30 15:42:33,13.365,5166.7,,,,,
916,2015-07-30 16:12:33,13.846,6544.5,,,,,
917,2015-07-30 16:42:33,14.038,8266.7,,,,,
918,2015-07-30 17:12:33,13.076,4477.8,,,,,
919,2015-07-30 17:42:33,12.401,3961.1,,,,,
920,2015-07-30 18:12:33,12.401,3961.1,,,,,
921,2015-07-30 18:42:33,12.013,2755.6,,,,,
922,2015-07-30 19:12:33,11.916,3788.9,,,,,
923,2015-07-30 19:42:33,11.431,2152.8,,,,,
924,2015-07-30 20:12:33,10.651,1065.6,,,,,
925,2015-07-30 20:42:33,9.965,1194.8,,,,,
926,2015-07-30 21:12:33,10.553,2755.6,,,,,
927,2015-07-30 21:42:33,9.077,645.8,,,,,
928,2015-07-30 22:12:33,8.182,344.4,,,,,
929,2015-07-30 22:42:33,7.682,139.9,,,,,
930,2015-07-30 23:12:33,7.381,32.3,,,,,
931,2015-07-30 23:42:33,7.079,0,,,,,
932,2015-07-31 00:12:33,6.978,0,,,,,
933,2015-07-31 00:42:33,7.079,0,,,,,
934,2015-07-31 01:12:33,7.28,0,,,,,
935,2015-07-31 01:42:33,7.079,0,,,,,
936,2015-07-31 02:12:33,6.775,0,,,,,
937,2015-07-31 02:42:33,6.166,0,,,,,
938,2015-07-31 03:12:33,5.45,10.8,,,,,
939,2015-07-31 03:42:33,5.655,150.7,,,,,
940,2015-07-31 04:12:33,5.037,516.7,,,,,
941,2015-07-31 04:42:33,7.682,2927.8,,,,,
942,2015-07-31 05:12:33,10.063,4477.8,,,,,
943,2015-07-31 05:42:33,7.682,3100,,,,,
944,2015-07-31 06:12:33,11.236,30311.3,,,,,
945,2015-07-31 06:42:33,12.013,23422.4,,,,,
946,2015-07-31 07:12:33,10.357,4650,,,,,
947,2015-07-31 07:42:33,14.038,30311.3,,,,,
948,2015-07-31 08:12:33,11.722,13089,,,,,
949,2015-07-31 08:42:33,10.063,8266.7,,,,,
950,2015-07-31 09:12:33,11.431,7233.4,,,,,
951,2015-07-31 09:42:33,10.944,7577.8,,,,,
952,2015-07-31 10:12:33,13.75,12400.1,,,,,
953,2015-07-31 10:42:33,10.846,10677.8,,,,,
954,2015-07-31 11:12:33,10.846,22044.6,,,,,
955,2015-07-31 11:42:33,8.779,9644.5,,,,,
956,2015-07-31 12:12:33,11.528,18600.1,,,,,
957,2015-07-31 12:42:33,11.139,11022.3,,,,,
958,2015-07-31 13:12:33,10.357,9644.5,,,,,
959,2015-07-31 13:42:33,12.11,17911.2,,,,,
960,2015-07-31 14:12:33,11.431,8611.2,,,,,
961,2015-07-31 14:42:33,11.139,8611.2,,,,,
962,2015-07-31 15:12:33,11.916,10333.4,,,,,
963,2015-07-31 15:42:33,10.553,6544.5,,,,,
964,2015-07-31 16:12:33,9.965,6544.5,,,,,
965,2015-07-31 16:42:33,9.571,6544.5,,,,,
966,2015-07-31 17:12:33,9.768,6200,,,,,
967,2015-07-31 17:42:33,7.882,3788.9,,,,,
968,2015-07-31 18:12:33,7.782,3616.7,,,,,
969,2015-07-31 18:42:33,8.481,4994.5,,,,,
970,2015-07-31 19:12:33,7.983,3444.5,,,,,
971,2015-07-31 19:42:33,7.682,1980.6,,,,,
972,2015-07-31 20:12:33,7.28,1463.9,,,,,
973,2015-07-31 20:42:33,6.978,538.2,,,,,
974,2015-07-31 21:12:33,6.674,419.8,,,,,
975,2015-07-31 21:42:33,5.962,129.2,,,,,
976,2015-07-31 22:12:33,5.86,43.1,,,,,
977,2015-07-31 22:42:33,5.962,0,,,,,
978,2015-07-31 23:12:33,5.757,0,,,,,
979,2015-07-31 23:42:33,5.86,0,,,,,
980,2015-08-01 00:12:33,5.552,0,,,,,
981,2015-08-01 00:42:33,5.655,0,,,,,
982,2015-08-01 01:12:33,5.552,0,,,,,
983,2015-08-01 01:42:33,5.347,0,,,,,
984,2015-08-01 02:12:33,5.45,0,,,,,
985,2015-08-01 02:42:33,5.141,0,,,,,
986,2015-08-01 03:12:33,5.45,0,,,,,
987,2015-08-01 03:42:33,5.244,0,,,,,
988,2015-08-01 04:12:33,5.655,10.8,,,,,
989,2015-08-01 04:42:33,5.757,53.8,,,,,
990,2015-08-01 05:12:33,5.655,129.2,,,,,
991,2015-08-01 05:42:33,5.552,344.4,,,,,
992,2015-08-01 06:12:33,5.552,570.5,,,,,
993,2015-08-01 06:42:33,5.962,1550,,,,,
994,2015-08-01 07:12:33,6.674,4477.8,,,,,
995,2015-08-01 07:42:33,7.682,5338.9,,,,,
996,2015-08-01 08:12:33,8.978,16533.4,,,,,
997,2015-08-01 08:42:33,10.651,14466.8,,,,,
998,2015-08-01 09:12:33,19.948,44089.2,,,,,
999,2015-08-01 09:42:33,12.787,7233.4,,,,,
1000,2015-08-01 10:12:33,17.189,22044.6,,,,,
1001,2015-08-01 10:42:33,21.855,16533.4,,,,,
1002,2015-08-01 11:12:33,26.39,31689.1,,,,,
1003,2015-08-01 11:42:33,20.329,44089.2,,,,,
1004,2015-08-01 12:12:33,16.999,18600.1,,,,,
1005,2015-08-01 12:42:33,13.076,8266.7,,,,,
1006,2015-08-01 13:12:33,13.461,12400.1,,,,,
1007,2015-08-01 13:42:33,12.98,7577.8,,,,,
1008,2015-08-01 14:12:33,14.421,5511.1,,,,,
1009,2015-08-01 14:42:33,16.427,5511.1,,,,,
1010,2015-08-01 15:12:33,12.401,6200,,,,,
1011,2015-08-01 15:42:33,12.497,5511.1,,,,,
1012,2015-08-01 16:12:33,12.11,4822.3,,,,,
1013,2015-08-01 16:42:33,12.304,5166.7,,,,,
1014,2015-08-01 17:12:33,13.076,6200,,,,,
1015,2015-08-01 17:42:33,13.846,5166.7,,,,,
1016,2015-08-01 18:12:33,13.558,5511.1,,,,,
1017,2015-08-01 18:42:33,12.013,9300.1,,,,,
1018,2015-08-01 19:12:33,11.041,6200,,,,,
1019,2015-08-01 19:42:33,10.553,4133.4,,,,,
1020,2015-08-01 20:12:33,10.651,5511.1,,,,,
1021,2015-08-01 20:42:33,9.768,2325,,,,,
1022,2015-08-01 21:12:33,9.866,1894.5,,,,,
1023,2015-08-01 21:42:33,9.669,2583.4,,,,,
1024,2015-08-01 22:12:33,7.682,161.5,,,,,
1025,2015-08-01 22:42:33,7.882,21.5,,,,,
1026,2015-08-01 23:12:33,7.983,0,,,,,
1027,2015-08-01 23:42:33,7.179,0,,,,,
1028,2015-08-02 00:12:33,7.079,0,,,,,
1029,2015-08-02 00:42:33,6.877,0,,,,,
1030,2015-08-02 01:12:33,6.471,0,,,,,
1031,2015-08-02 01:42:33,6.674,0,,,,,
1032,2015-08-02 02:12:33,6.268,0,,,,,
1033,2015-08-02 02:42:33,6.37,0,,,,,
1034,2015-08-02 03:12:33,6.573,0,,,,,
1035,2015-08-02 03:42:33,6.471,64.6,,,,,
1036,2015-08-02 04:12:33,6.166,344.4,,,,,
1037,2015-08-02 04:42:33,9.275,2669.5,,,,,
1038,2015-08-02 05:12:33,7.28,1022.6,,,,,
1039,2015-08-02 05:42:33,9.176,2927.8,,,,,
1040,2015-08-02 06:12:33,8.879,3272.2,,,,,
1041,2015-08-02 06:42:33,9.768,3272.2,,,,,
1042,2015-08-02 07:12:33,11.722,6200,,,,,
1043,2015-08-02 07:42:33,15.091,9644.5,,,,,
1044,2015-08-02 08:12:33,16.332,10677.8,,,,,
1045,2015-08-02 08:42:33,21.282,10677.8,,,,,
1046,2015-08-02 09:12:33,26.195,19289,,,,,
1047,2015-08-02 09:42:33,26.683,21355.7,,,,,
1048,2015-08-02 10:12:33,23.677,21355.7,,,,,
1049,2015-08-02 10:42:33,23.388,9644.5,,,,,
1050,2015-08-02 11:12:33,23.773,19977.9,,,,,
1051,2015-08-02 11:42:33,17.665,16533.4,,,,,
1052,2015-08-02 12:12:33,19.662,11711.2,,,,,
1053,2015-08-02 12:42:33,27.468,35822.5,,,,,
1054,2015-08-02 13:12:33,19.092,34444.7,,,,,
1055,2015-08-02 13:42:33,18.236,15155.7,,,,,
1056,2015-08-02 14:12:33,19.948,13777.9,,,,,
1057,2015-08-02 14:42:33,21.282,31689.1,,,,,
1058,2015-08-02 15:12:33,19.853,15155.7,,,,,
1059,2015-08-02 15:42:33,16.237,8266.7,,,,,
1060,2015-08-02 16:12:33,14.517,5338.9,,,,,
1061,2015-08-02 16:42:33,14.517,6200,,,,,
1062,2015-08-02 17:12:33,14.517,5166.7,,,,,
1063,2015-08-02 17:42:33,14.613,6200,,,,,
1064,2015-08-02 18:12:33,14.421,5166.7,,,,,
1065,2015-08-02 18:42:33,13.558,3961.1,,,,,
1066,2015-08-02 19:12:33,13.461,3100,,,,,
1067,2015-08-02 19:42:33,12.787,1463.9,,,,,
1068,2015-08-02 20:12:33,11.916,1087.2,,,,,
1069,2015-08-02 20:42:33,12.304,1550,,,,,
1070,2015-08-02 21:12:33,12.11,1980.6,,,,,
1071,2015-08-02 21:42:33,11.819,1463.9,,,,,
1072,2015-08-02 22:12:33,11.236,279.9,,,,,
1073,2015-08-02 22:42:33,10.944,43.1,,,,,
1074,2015-08-02 23:12:33,10.455,0,,,,,
1075,2015-08-02 23:42:33,9.965,0,,,,,
1076,2015-08-03 00:12:33,9.669,0,,,,,
1077,2015-08-03 00:42:33,9.176,0,,,,,
1078,2015-08-03 01:12:33,9.077,0,,,,,
1079,2015-08-03 01:42:33,8.182,0,,,,,
1080,2015-08-03 02:12:33,7.381,0,,,,,
1081,2015-08-03 02:42:33,7.381,0,,,,,
1082,2015-08-03 03:12:33,7.582,0,,,,,
1083,2015-08-03 03:42:33,6.573,32.3,,,,,
1084,2015-08-03 04:12:33,5.757,172.2,,,,,
1085,2015-08-03 04:42:33,5.45,839.6,,,,,
1086,2015-08-03 05:12:33,7.582,2927.8,,,,,
1087,2015-08-03 05:42:33,6.573,1194.8,,,,,
1088,2015-08-03 06:12:33,7.381,2669.5,,,,,
1089,2015-08-03 06:42:33,8.282,5511.1,,,,,
1090,2015-08-03 07:12:33,8.382,4305.6,,,,,
1091,2015-08-03 07:42:33,9.275,4650,,,,,
1092,2015-08-03 08:12:33,9.275,4305.6,,,,,
1093,2015-08-03 08:42:33,11.334,8611.2,,,,,
1094,2015-08-03 09:12:33,12.594,8266.7,,,,,
1095,2015-08-03 09:42:33,11.916,5166.7,,,,,
1096,2015-08-03 10:12:33,13.461,8266.7,,,,,
1097,2015-08-03 10:42:33,14.23,12400.1,,,,,
1098,2015-08-03 11:12:33,12.69,9644.5,,,,,
1099,2015-08-03 11:42:33,15.76,33066.9,,,,,
1100,2015-08-03 12:12:33,16.046,44089.2,,,,,
1101,2015-08-03 12:42:33,15.091,7577.8,,,,,
1102,2015-08-03 13:12:33,15.76,8266.7,,,,,
1103,2015-08-03 13:42:33,14.23,6200,,,,,
1104,2015-08-03 14:12:33,14.9,8611.2,,,,,
1105,2015-08-03 14:42:33,15.569,5511.1,,,,,
1106,2015-08-03 15:12:33,17.95,5166.7,,,,,
1107,2015-08-03 15:42:33,14.038,5166.7,,,,,
1108,2015-08-03 16:12:33,13.654,3788.9,,,,,
1109,2015-08-03 16:42:33,15.282,7577.8,,,,,
1110,2015-08-03 17:12:33,14.134,3961.1,,,,,
1111,2015-08-03 17:42:33,15.855,4822.3,,,,,
1112,2015-08-03 18:12:33,13.846,3100,,,,,
1113,2015-08-03 18:42:33,12.883,3444.5,,,,,
1114,2015-08-03 19:12:33,12.787,1894.5,,,,,
1115,2015-08-03 19:42:33,14.23,3444.5,,,,,
1116,2015-08-03 20:12:33,13.654,3961.1,,,,,
1117,2015-08-03 20:42:33,12.304,1313.2,,,,,
1118,2015-08-03 21:12:33,10.748,570.5,,,,,
1119,2015-08-03 21:42:33,10.161,355.2,,,,,
1120,2015-08-03 22:12:33,9.571,139.9,,,,,
1121,2015-08-03 22:42:33,9.472,21.5,,,,,
1122,2015-08-03 23:12:33,9.472,0,,,,,
1123,2015-08-03 23:42:33,9.472,0,,,,,
1124,2015-08-04 00:12:33,9.275,0,,,,,
1125,2015-08-04 00:42:33,8.978,0,,,,,
1126,2015-08-04 01:12:33,8.978,0,,,,,
1127,2015-08-04 01:42:33,9.077,0,,,,,
1128,2015-08-04 02:12:33,9.176,0,,,,,
1129,2015-08-04 02:42:33,9.077,0,,,,,
1130,2015-08-04 03:12:33,9.176,0,,,,,
1131,2015-08-04 03:42:33,8.978,10.8,,,,,
1132,2015-08-04 04:12:33,9.077,53.8,,,,,
1133,2015-08-04 04:42:33,9.176,139.9,,,,,
1134,2015-08-04 05:12:33,9.176,258.3,,,,,
1135,2015-08-04 05:42:33,8.879,527.4,,,,,
1136,2015-08-04 06:12:33,8.879,1151.7,,,,,
1137,2015-08-04 06:42:33,8.68,2152.8,,,,,
1138,2015-08-04 07:12:33,8.68,1463.9,,,,,
1139,2015-08-04 07:42:33,9.275,4994.5,,,,,
1140,2015-08-04 08:12:33,9.472,5166.7,,,,,
1141,2015-08-04 08:42:33,9.965,5511.1,,,,,
1142,2015-08-04 09:12:33,9.176,4133.4,,,,,
1143,2015-08-04 09:42:33,9.176,4477.8,,,,,
1144,2015-08-04 10:12:33,9.176,2325,,,,,
1145,2015-08-04 10:42:33,9.275,3616.7,,,,,
1146,2015-08-04 11:12:33,8.879,1722.2,,,,,
1147,2015-08-04 11:42:33,9.275,3616.7,,,,,
1148,2015-08-04 12:12:33,9.373,2755.6,,,,,
1149,2015-08-04 12:42:33,9.176,2583.4,,,,,
1150,2015-08-04 13:12:33,9.472,4477.8,,,,,
1151,2015-08-04 13:42:33,9.866,2927.8,,,,,
1152,2015-08-04 14:12:33,9.571,2325,,,,,
1153,2015-08-04 14:42:33,9.571,1722.2,,,,,
1154,2015-08-04 15:12:33,9.373,1550,,,,,
1155,2015-08-04 15:42:33,8.978,968.8,,,,,
1156,2015-08-04 16:12:33,9.176,2927.8,,,,,
1157,2015-08-04 16:42:33,9.077,2755.6,,,,,
1158,2015-08-04 17:12:33,9.472,2583.4,,,,,
1159,2015-08-04 17:42:33,9.472,2583.4,,,,,
1160,2015-08-04 18:12:33,9.077,1377.8,,,,,
1161,2015-08-04 18:42:33,8.779,818.1,,,,,
1162,2015-08-04 19:12:33,8.779,462.9,,,,,
1163,2015-08-04 19:42:33,8.779,473.6,,,,,
1164,2015-08-04 20:12:33,8.779,236.8,,,,,
1165,2015-08-04 20:42:33,8.581,107.6,,,,,
1166,2015-08-04 21:12:33,8.68,204.5,,,,,
1167,2015-08-04 21:42:33,8.68,118.4,,,,,
1168,2015-08-04 22:12:33,8.581,21.5,,,,,
1169,2015-08-04 22:42:33,8.581,0,,,,,
1170,2015-08-04 23:12:33,8.382,0,,,,,
1171,2015-08-04 23:42:33,8.581,0,,,,,
1172,2015-08-05 00:12:33,8.581,0,,,,,
1173,2015-08-05 00:42:33,8.481,0,,,,,
1174,2015-08-05 01:12:33,8.581,0,,,,,
1175,2015-08-05 01:42:33,8.282,0,,,,,
1176,2015-08-05 02:12:33,8.182,0,,,,,
1177,2015-08-05 02:42:33,8.182,0,,,,,
1178,2015-08-05 03:12:33,8.282,0,,,,,
1179,2015-08-05 03:42:33,8.382,0,,,,,
1180,2015-08-05 04:12:33,8.282,0,,,,,
1181,2015-08-05 04:42:33,8.182,21.5,,,,,
1182,2015-08-05 05:12:33,8.082,86.1,,,,,
1183,2015-08-05 05:42:33,8.182,183,,,,,
1184,2015-08-05 06:12:33,8.182,290.6,,,,,
1185,2015-08-05 06:42:33,8.182,419.8,,,,,
1186,2015-08-05 07:12:33,8.481,699.7,,,,,
1187,2015-08-05 07:42:33,8.481,796.5,,,,,
1188,2015-08-05 08:12:33,8.382,1130.2,,,,,
1189,2015-08-05 08:42:33,8.382,1636.1,,,,,
1190,2015-08-05 09:12:33,8.581,1377.8,,,,,
1191,2015-08-05 09:42:33,8.481,1044.1,,,,,
1192,2015-08-05 10:12:33,8.68,1377.8,,,,,
1193,2015-08-05 10:42:33,8.68,1377.8,,,,,
1194,2015-08-05 11:12:33,8.779,1722.2,,,,,
1195,2015-08-05 11:42:33,8.779,2238.9,,,,,
1196,2015-08-05 12:12:33,8.68,1636.1,,,,,
1197,2015-08-05 12:42:33,8.481,1636.1,,,,,
1198,2015-08-05 13:12:33,8.382,1463.9,,,,,
1199,2015-08-05 13:42:33,8.779,2927.8,,,,,
1200,2015-08-05 14:12:33,8.481,1808.3,,,,,
1201,2015-08-05 14:42:33,8.481,1894.5,,,,,
1202,2015-08-05 15:12:33,8.282,1291.7,,,,,
1203,2015-08-05 15:42:33,8.282,925.7,,,,,
1204,2015-08-05 16:12:33,8.382,764.2,,,,,
1205,2015-08-05 16:42:33,8.382,1044.1,,,,,
1206,2015-08-05 17:12:33,8.182,1065.6,,,,,
1207,2015-08-05 17:42:33,8.581,914.9,,,,,
1208,2015-08-05 18:12:33,7.983,1237.9,,,,,
1209,2015-08-05 18:42:33,8.082,1087.2,,,,,
1210,2015-08-05 19:12:33,7.782,764.2,,,,,
1211,2015-08-05 19:42:33,7.481,441.3,,,,,
1212,2015-08-05 20:12:33,7.381,398.3,,,,,
1213,2015-08-05 20:42:33,7.28,258.3,,,,,
1214,2015-08-05 21:12:33,7.179,43.1,,,,,
1215,2015-08-05 21:42:33,7.179,10.8,,,,,
1216,2015-08-05 22:12:33,7.28,0,,,,,
1217,2015-08-05 22:42:33,7.179,0,,,,,
1218,2015-08-05 23:12:33,7.079,0,,,,,
1219,2015-08-05 23:42:33,7.079,0,,,,,
1220,2015-08-06 00:12:33,7.079,0,,,,,
1221,2015-08-06 00:42:33,7.079,0,,,,,
1222,2015-08-06 01:12:33,6.978,0,,,,,
1223,2015-08-06 01:42:33,7.079,0,,,,,
1224,2015-08-06 02:12:33,7.179,0,,,,,
1225,2015-08-06 02:42:33,7.079,0,,,,,
1226,2015-08-06 03:12:33,7.079,0,,,,,
1227,2015-08-06 03:42:33,7.079,0,,,,,
1228,2015-08-06 04:12:33,7.179,0,,,,,
1229,2015-08-06 04:42:33,7.179,86.1,,,,,
1230,2015-08-06 05:12:33,7.079,441.3,,,,,
1231,2015-08-06 05:42:33,7.179,129.2,,,,,
1232,2015-08-06 06:12:33,7.28,893.4,,,,,
1233,2015-08-06 06:42:33,7.582,1291.7,,,,,
1234,2015-08-06 07:12:33,7.682,1894.5,,,,,
1235,2015-08-06 07:42:33,8.282,4994.5,,,,,
1236,2015-08-06 08:12:33,8.481,3272.2,,,,,
1237,2015-08-06 08:42:33,8.978,5166.7,,,,,
1238,2015-08-06 09:12:33,10.651,8611.2,,,,,
1239,2015-08-06 09:42:33,11.139,7577.8,,,,,
1240,2015-08-06 10:12:33,12.594,13089,,,,,
1241,2015-08-06 10:42:33,11.916,6200,,,,,
1242,2015-08-06 11:12:33,11.139,6544.5,,,,,
1243,2015-08-06 11:42:33,10.161,5511.1,,,,,
1244,2015-08-06 12:12:33,11.139,6544.5,,,,,
1245,2015-08-06 12:42:33,11.819,9644.5,,,,,
1246,2015-08-06 13:12:33,9.866,4822.3,,,,,
1247,2015-08-06 13:42:33,9.373,4133.4,,,,,
1248,2015-08-06 14:12:33,9.669,3961.1,,,,,
1249,2015-08-06 14:42:33,10.063,7233.4,,,,,
1250,2015-08-06 15:12:33,9.669,4305.6,,,,,
1251,2015-08-06 15:42:33,9.373,3961.1,,,,,
1252,2015-08-06 16:12:33,10.063,6200,,,,,
1253,2015-08-06 16:42:33,9.373,3788.9,,,,,
1254,2015-08-06 17:12:33,8.978,2497.2,,,,,
1255,2015-08-06 17:42:33,8.879,2238.9,,,,,
1256,2015-08-06 18:12:33,8.879,1894.5,,,,,
1257,2015-08-06 18:42:33,8.581,570.5,,,,,
1258,2015-08-06 19:12:33,8.581,1119.5,,,,,
1259,2015-08-06 19:42:33,8.481,1377.8,,,,,
1260,2015-08-06 20:12:33,8.282,742.7,,,,,
1261,2015-08-06 20:42:33,8.282,409,,,,,
1262,2015-08-06 21:12:33,8.082,312.2,,,,,
1263,2015-08-06 21:42:33,7.983,172.2,,,,,
1264,2015-08-06 22:12:33,7.882,10.8,,,,,
1265,2015-08-06 22:42:33,7.782,0,,,,,
1266,2015-08-06 23:12:33,7.682,0,,,,,
1267,2015-08-06 23:42:33,7.682,0,,,,,
1268,2015-08-07 00:12:33,7.782,0,,,,,
1269,2015-08-07 00:42:33,7.782,0,,,,,
1270,2015-08-07 01:12:33,7.682,0,,,,,
1271,2015-08-07 01:42:33,7.682,0,,,,,
1272,2015-08-07 02:12:33,7.882,0,,,,,
1273,2015-08-07 02:42:33,7.782,0,,,,,
1274,2015-08-07 03:12:33,7.782,0,,,,,
1275,2015-08-07 03:42:33,7.682,0,,,,,
1276,2015-08-07 04:12:33,7.682,10.8,,,,,
1277,2015-08-07 04:42:33,7.782,129.2,,,,,
1278,2015-08-07 05:12:33,7.782,193.8,,,,,
1279,2015-08-07 05:42:33,7.882,549,,,,,
1280,2015-08-07 06:12:33,8.082,925.7,,,,,
1281,2015-08-07 06:42:33,8.382,1259.4,,,,,
1282,2015-08-07 07:12:33,8.779,1980.6,,,,,
1283,2015-08-07 07:42:33,9.275,2755.6,,,,,
1284,2015-08-07 08:12:33,10.553,4822.3,,,,,
1285,2015-08-07 08:42:33,11.722,7577.8,,,,,
1286,2015-08-07 09:12:33,10.161,5166.7,,,,,
1287,2015-08-07 09:42:33,10.553,4822.3,,,,,
1288,2015-08-07 10:12:33,11.139,4650,,,,,
1289,2015-08-07 10:42:33,10.651,5166.7,,,,,
1290,2015-08-07 11:12:33,10.553,4650,,,,,
1291,2015-08-07 11:42:33,12.11,10677.8,,,,,
1292,2015-08-07 12:12:33,12.013,7577.8,,,,,
1293,2015-08-07 12:42:33,13.846,13777.9,,,,,
1294,2015-08-07 13:12:33,16.618,13777.9,,,,,
1295,2015-08-07 13:42:33,16.618,6544.5,,,,,
1296,2015-08-07 14:12:33,18.901,8266.7,,,,,
1297,2015-08-07 14:42:33,18.806,7233.4,,,,,
1298,2015-08-07 15:12:33,23.677,9300.1,,,,,
1299,2015-08-07 15:42:33,15.187,9300.1,,,,,
1300,2015-08-07 16:12:33,16.332,11022.3,,,,,
1301,2015-08-07 16:42:33,16.427,10333.4,,,,,
1302,2015-08-07 17:12:33,10.357,3788.9,,,,,
1303,2015-08-07 17:42:33,9.965,2927.8,,,,,
1304,2015-08-07 18:12:33,10.553,3788.9,,,,,
1305,2015-08-07 18:42:33,10.161,2152.8,,,,,
1306,2015-08-07 19:12:33,10.161,3444.5,,,,,
1307,2015-08-07 19:42:33,9.669,1808.3,,,,,
1308,2015-08-07 20:12:33,9.571,1377.8,,,,,
1309,2015-08-07 20:42:33,9.176,462.9,,,,,
1310,2015-08-07 21:12:33,9.077,193.8,,,,,
1311,2015-08-07 21:42:33,8.879,43.1,,,,,
1312,2015-08-07 22:12:33,8.481,10.8,,,,,
1313,2015-08-07 22:42:33,8.382,0,,,,,
1314,2015-08-07 23:12:33,8.182,0,,,,,
1315,2015-08-07 23:42:33,8.382,0,,,,,
1316,2015-08-08 00:12:33,8.382,0,,,,,
1317,2015-08-08 00:42:33,8.282,0,,,,,
1318,2015-08-08 01:12:33,8.182,0,,,,,
1319,2015-08-08 01:42:33,7.983,0,,,,,
1320,2015-08-08 02:12:33,7.882,0,,,,,
1321,2015-08-08 02:42:33,7.381,0,,,,,
1322,2015-08-08 03:12:33,7.28,0,,,,,
1323,2015-08-08 03:42:33,7.381,0,,,,,
1324,2015-08-08 04:12:33,7.28,32.3,,,,,
1325,2015-08-08 04:42:33,7.179,139.9,,,,,
1326,2015-08-08 05:12:33,7.28,301.4,,,,,
1327,2015-08-08 05:42:33,7.481,753.5,,,,,
1328,2015-08-08 06:12:33,7.882,1302.4,,,,,
1329,2015-08-08 06:42:33,9.965,3616.7,,,,,
1330,2015-08-08 07:12:33,9.176,4477.8,,,,,
1331,2015-08-08 07:42:33,11.625,6544.5,,,,,
1332,2015-08-08 08:12:33,11.916,8611.2,,,,,
1333,2015-08-08 08:42:33,12.497,7577.8,,,,,
1334,2015-08-08 09:12:33,14.325,15155.7,,,,,
1335,2015-08-08 09:42:33,20.996,12400.1,,,,,
1336,2015-08-08 10:12:33,21.282,13777.9,,,,,
1337,2015-08-08 10:42:33,16.808,10677.8,,,,,
1338,2015-08-08 11:12:33,23.677,19289,,,,,
1339,2015-08-08 11:42:33,21.187,20666.8,,,,,
1340,2015-08-08 12:12:33,20.805,20666.8,,,,,
1341,2015-08-08 12:42:33,21.951,20666.8,,,,,
1342,2015-08-08 13:12:33,23.004,16533.4,,,,,
1343,2015-08-08 13:42:33,19.567,9300.1,,,,,
1344,2015-08-08 14:12:33,16.427,10333.4,,,,,
1345,2015-08-08 14:42:33,17.189,14466.8,,,,,
1346,2015-08-08 15:12:33,17.094,13777.9,,,,,
1347,2015-08-08 15:42:33,15.473,13089,,,,,
1348,2015-08-08 16:12:33,14.517,15155.7,,,,,
1349,2015-08-08 16:42:33,14.996,9300.1,,,,,
1350,2015-08-08 17:12:33,14.23,9644.5,,,,,
1351,2015-08-08 17:42:33,13.365,6200,,,,,
1352,2015-08-08 18:12:33,13.173,7577.8,,,,,
1353,2015-08-08 18:42:33,12.69,4477.8,,,,,
1354,2015-08-08 19:12:33,12.207,3444.5,,,,,
1355,2015-08-08 19:42:33,13.846,5166.7,,,,,
1356,2015-08-08 20:12:33,13.558,5511.1,,,,,
1357,2015-08-08 20:42:33,11.139,947.2,,,,,
1358,2015-08-08 21:12:33,10.651,602.8,,,,,
1359,2015-08-08 21:42:33,10.063,129.2,,,,,
1360,2015-08-08 22:12:33,9.669,21.5,,,,,
1361,2015-08-08 22:42:33,9.373,0,,,,,
1362,2015-08-08 23:12:33,9.373,0,,,,,
1363,2015-08-08 23:42:33,9.373,0,,,,,
1364,2015-08-09 00:12:33,9.472,0,,,,,
1365,2015-08-09 00:42:33,8.879,0,,,,,
1366,2015-08-09 01:12:33,8.68,0,,,,,
1367,2015-08-09 01:42:33,8.779,0,,,,,
1368,2015-08-09 02:12:33,8.879,0,,,,,
1369,2015-08-09 02:42:33,8.68,0,,,,,
1370,2015-08-09 03:12:33,8.282,0,,,,,
1371,2015-08-09 03:42:33,8.481,0,,,,,
1372,2015-08-09 04:12:33,8.382,43.1,,,,,
1373,2015-08-09 04:42:33,8.182,290.6,,,,,
1374,2015-08-09 05:12:33,8.082,958,,,,,
1375,2015-08-09 05:42:33,9.176,3100,,,,,
1376,2015-08-09 06:12:33,9.669,3616.7,,,,,
1377,2015-08-09 06:42:33,9.373,3961.1,,,,,
1378,2015-08-09 07:12:33,9.077,2927.8,,,,,
1379,2015-08-09 07:42:33,9.275,3961.1,,,,,
1380,2015-08-09 08:12:33,9.965,5166.7,,,,,
1381,2015-08-09 08:42:33,11.041,8266.7,,,,,
1382,2015-08-09 09:12:33,13.461,8611.2,,,,,
1383,2015-08-09 09:42:33,12.497,6544.5,,,,,
1384,2015-08-09 10:12:33,11.916,7577.8,,,,,
1385,2015-08-09 10:42:33,11.722,4994.5,,,,,
1386,2015-08-09 11:12:33,11.916,4477.8,,,,,
1387,2015-08-09 11:42:33,12.013,8266.7,,,,,
1388,2015-08-09 12:12:33,12.11,5338.9,,,,,
1389,2015-08-09 12:42:33,10.846,5511.1,,,,,
1390,2015-08-09 13:12:33,12.207,4650,,,,,
1391,2015-08-09 13:42:33,10.553,6544.5,,,,,
1392,2015-08-09 14:12:33,10.846,6200,,,,,
1393,2015-08-09 14:42:33,10.553,4994.5,,,,,
1394,2015-08-09 15:12:33,10.259,6200,,,,,
1395,2015-08-09 15:42:33,10.455,6544.5,,,,,
1396,2015-08-09 16:12:33,10.161,4650,,,,,
1397,2015-08-09 16:42:33,10.063,6544.5,,,,,
1398,2015-08-09 17:12:33,10.455,6544.5,,,,,
1399,2015-08-09 17:42:33,9.965,4822.3,,,,,
1400,2015-08-09 18:12:33,9.275,1980.6,,,,,
1401,2015-08-09 18:42:33,8.581,1377.8,,,,,
1402,2015-08-09 19:12:33,8.282,1463.9,,,,,
1403,2015-08-09 19:42:33,8.082,1227.1,,,,,
1404,2015-08-09 20:12:33,8.282,3272.2,,,,,
1405,2015-08-09 20:42:33,8.082,990.3,,,,,
1406,2015-08-09 21:12:33,7.882,301.4,,,,,
1407,2015-08-09 21:42:33,7.682,107.6,,,,,
1408,2015-08-09 22:12:33,7.682,21.5,,,,,
1409,2015-08-09 22:42:33,7.582,0,,,,,
1410,2015-08-09 23:12:33,7.481,0,,,,,
1411,2015-08-09 23:42:33,7.582,0,,,,,
1412,2015-08-10 00:12:33,7.582,0,,,,,
1413,2015-08-10 00:42:33,7.381,0,,,,,
1414,2015-08-10 01:12:33,7.28,0,,,,,
1415,2015-08-10 01:42:33,7.28,0,,,,,
1416,2015-08-10 02:12:33,7.079,0,,,,,
1417,2015-08-10 02:42:33,6.978,0,,,,,
1418,2015-08-10 03:12:33,6.877,0,,,,,
1419,2015-08-10 03:42:33,6.877,0,,,,,
1420,2015-08-10 04:12:33,7.079,10.8,,,,,
1421,2015-08-10 04:42:33,7.079,139.9,,,,,
1422,2015-08-10 05:12:33,7.381,387.5,,,,,
1423,2015-08-10 05:42:33,7.381,861.1,,,,,
1424,2015-08-10 06:12:33,7.682,1550,,,,,
1425,2015-08-10 06:42:33,8.282,2411.1,,,,,
1426,2015-08-10 07:12:33,8.68,2325,,,,,
1427,2015-08-10 07:42:33,8.978,2583.4,,,,,
1428,2015-08-10 08:12:33,10.161,6544.5,,,,,
1429,2015-08-10 08:42:33,11.431,9300.1,,,,,
1430,2015-08-10 09:12:33,14.23,11711.2,,,,,
1431,2015-08-10 09:42:33,14.996,11711.2,,,,,
1432,2015-08-10 10:12:33,16.141,8266.7,,,,,
1433,2015-08-10 10:42:33,12.304,14466.8,,,,,
1434,2015-08-10 11:12:33,12.207,8266.7,,,,,
1435,2015-08-10 11:42:33,12.594,10677.8,,,,,
1436,2015-08-10 12:12:33,10.846,11022.3,,,,,
1437,2015-08-10 12:42:33,12.69,22044.6,,,,,
1438,2015-08-10 13:12:33,13.173,14466.8,,,,,
1439,2015-08-10 13:42:33,12.883,12400.1,,,,,
1440,2015-08-10 14:12:33,14.325,21355.7,,,,,
1441,2015-08-10 14:42:33,14.23,16533.4,,,,,
1442,2015-08-10 15:12:33,12.594,9300.1,,,,,
1443,2015-08-10 15:42:33,12.497,8266.7,,,,,
1444,2015-08-10 16:12:33,10.944,6544.5,,,,,
1445,2015-08-10 16:42:33,10.063,4994.5,,,,,
1446,2015-08-10 17:12:33,9.965,4305.6,,,,,
1447,2015-08-10 17:42:33,9.472,3272.2,,,,,
1448,2015-08-10 18:12:33,9.669,3961.1,,,,,
1449,2015-08-10 18:42:33,9.866,4477.8,,,,,
1450,2015-08-10 19:12:33,9.275,2238.9,,,,,
1451,2015-08-10 19:42:33,9.077,1894.5,,,,,
1452,2015-08-10 20:12:33,8.481,1377.8,,,,,
1453,2015-08-10 20:42:33,8.182,495.1,,,,,
1454,2015-08-10 21:12:33,7.582,172.2,,,,,
1455,2015-08-10 21:42:33,7.381,32.3,,,,,
1456,2015-08-10 22:12:33,6.978,0,,,,,
1457,2015-08-10 22:42:33,6.775,0,,,,,
1458,2015-08-10 23:12:33,7.079,0,,,,,
1459,2015-08-10 23:42:33,7.079,0,,,,,
1460,2015-08-11 00:12:33,6.775,0,,,,,
1461,2015-08-11 00:42:33,6.674,0,,,,,
1462,2015-08-11 01:12:33,6.877,0,,,,,
1463,2015-08-11 01:42:33,7.381,0,,,,,
1464,2015-08-11 02:12:33,6.775,0,,,,,
1465,2015-08-11 02:42:33,6.978,0,,,,,
1466,2015-08-11 03:12:33,6.573,0,,,,,
1467,2015-08-11 03:42:33,6.268,0,,,,,
1468,2015-08-11 04:12:33,6.268,0,,,,,
1469,2015-08-11 04:42:33,6.573,43.1,,,,,
1470,2015-08-11 05:12:33,6.166,107.6,,,,,
1471,2015-08-11 05:42:33,6.166,387.5,,,,,
1472,2015-08-11 06:12:33,6.877,1894.5,,,,,
1473,2015-08-11 06:42:33,8.879,5511.1,,,,,
1474,2015-08-11 07:12:33,12.304,7233.4,,,,,
1475,2015-08-11 07:42:33,15.76,7233.4,,,,,
1476,2015-08-11 08:12:33,12.98,6544.5,,,,,
1477,2015-08-11 08:42:33,12.401,9644.5,,,,,
1478,2015-08-11 09:12:33,12.304,10333.4,,,,,
1479,2015-08-11 09:42:33,14.134,12400.1,,,,,
1480,2015-08-11 10:12:33,15.187,8266.7,,,,,
1481,2015-08-11 10:42:33,14.709,9300.1,,,,,
1482,2015-08-11 11:12:33,15.664,11711.2,,,,,
1483,2015-08-11 11:42:33,14.325,11022.3,,,,,
1484,2015-08-11 12:12:33,16.046,24800.2,,,,,
1485,2015-08-11 12:42:33,14.134,6200,,,,,
1486,2015-08-11 13:12:33,12.98,7233.4,,,,,
1487,2015-08-11 13:42:33,14.996,21355.7,,,,,
1488,2015-08-11 14:12:33,16.713,16533.4,,,,,
1489,2015-08-11 14:42:33,21.76,9644.5,,,,,
1490,2015-08-11 15:12:33,18.14,14466.8,,,,,
1491,2015-08-11 15:42:33,17.57,12400.1,,,,,
1492,2015-08-11 16:12:33,18.521,11022.3,,,,,
1493,2015-08-11 16:42:33,16.427,8611.2,,,,,
1494,2015-08-11 17:12:33,13.365,5166.7,,,,,
1495,2015-08-11 17:42:33,15.951,5511.1,,,,,
1496,2015-08-11 18:12:33,15.664,5511.1,,,,,
1497,2015-08-11 18:42:33,14.038,2755.6,,,,,
1498,2015-08-11 19:12:33,14.325,1722.2,,,,,
1499,2015-08-11 19:42:33,13.365,5166.7,,,,,
1500,2015-08-11 20:12:33,11.819,5166.7,,,,,
1501,2015-08-11 20:42:33,12.207,3100,,,,,
1502,2015-08-11 21:12:33,9.669,3788.9,,,,,
1503,2015-08-11 21:42:33,7.481,269.1,,,,,
1504,2015-08-11 22:12:33,7.381,53.8,,,,,
1505,2015-08-11 22:42:33,6.877,0,,,,,
1506,2015-08-11 23:12:33,6.064,0,,,,,
1507,2015-08-11 23:42:33,5.244,0,,,,,
1508,2015-08-12 00:12:33,4.623,0,,,,,
1509,2015-08-12 00:42:33,4.415,0,,,,,
1510,2015-08-12 01:12:33,4.727,0,,,,,
1511,2015-08-12 01:42:33,4.207,0,,,,,
1512,2015-08-12 02:12:33,4.727,0,,,,,
1513,2015-08-12 02:42:33,4.934,0,,,,,
1514,2015-08-12 03:12:33,4.934,0,,,,,
1515,2015-08-12 03:42:33,5.141,0,,,,,
1516,2015-08-12 04:12:33,4.831,86.1,,,,,
1517,2015-08-12 04:42:33,4.934,150.7,,,,,
1518,2015-08-12 05:12:33,4.727,452.1,,,,,
1519,2015-08-12 05:42:33,5.037,1248.6,,,,,
1520,2015-08-12 06:12:33,5.347,1463.9,,,,,
1521,2015-08-12 06:42:33,5.244,2497.2,,,,,
1522,2015-08-12 07:12:33,5.141,3100,,,,,
1523,2015-08-12 07:42:33,6.573,6200,,,,,
1524,2015-08-12 08:12:33,7.179,6544.5,,,,,
1525,2015-08-12 08:42:33,9.275,13089,,,,,
1526,2015-08-12 09:12:33,12.304,9644.5,,,,,
1527,2015-08-12 09:42:33,14.134,9644.5,,,,,
1528,2015-08-12 10:12:33,17.284,19289,,,,,
1529,2015-08-12 10:42:33,17.379,7577.8,,,,,
1530,2015-08-12 11:12:33,19.567,12400.1,,,,,
1531,2015-08-12 11:42:33,25.902,11022.3,,,,,
1532,2015-08-12 12:12:33,19.092,19289,,,,,
1533,2015-08-12 12:42:33,16.523,14466.8,,,,,
1534,2015-08-12 13:12:33,20.71,18600.1,,,,,
1535,2015-08-12 13:42:33,18.616,11022.3,,,,,
1536,2015-08-12 14:12:33,17.57,6544.5,,,,,
1537,2015-08-12 14:42:33,15.091,6200,,,,,
1538,2015-08-12 15:12:33,14.038,6544.5,,,,,
1539,2015-08-12 15:42:33,13.461,4650,,,,,
1540,2015-08-12 16:12:33,10.259,3272.2,,,,,
1541,2015-08-12 16:42:33,9.965,4133.4,,,,,
1542,2015-08-12 17:12:33,10.063,3616.7,,,,,
1543,2015-08-12 17:42:33,10.748,2238.9,,,,,
1544,2015-08-12 18:12:33,10.161,3272.2,,,,,
1545,2015-08-12 18:42:33,9.571,1894.5,,,,,
1546,2015-08-12 19:12:33,9.077,1011.8,,,,,
1547,2015-08-12 19:42:33,8.978,247.6,,,,,
1548,2015-08-12 20:12:33,9.077,269.1,,,,,
1549,2015-08-12 20:42:33,8.879,139.9,,,,,
1550,2015-08-12 21:12:33,9.768,731.9,,,,,
1551,2015-08-12 21:42:33,10.259,64.6,,,,,
1552,2015-08-12 22:12:33,9.571,0,,,,,
1553,2015-08-12 22:42:33,10.357,0,,,,,
1554,2015-08-12 23:12:33,10.553,0,,,,,
1555,2015-08-12 23:42:33,9.669,0,,,,,
1556,2015-08-13 00:12:33,9.965,0,,,,,
1557,2015-08-13 00:42:33,10.357,0,,,,,
1558,2015-08-13 01:12:33,10.553,0,,,,,
1559,2015-08-13 01:42:33,11.236,0,,,,,
1560,2015-08-13 02:12:33,10.944,0,,,,,
1561,2015-08-13 02:42:33,10.748,0,,,,,
1562,2015-08-13 03:12:33,10.161,0,,,,,
1563,2015-08-13 03:42:33,8.68,0,,,,,
1564,2015-08-13 04:12:33,9.275,21.5,,,,,
1565,2015-08-13 04:42:33,8.481,172.2,,,,,
1566,2015-08-13 05:12:33,12.883,2755.6,,,,,
1567,2015-08-13 05:42:33,16.999,4133.4,,,,,
1568,2015-08-13 06:12:33,17.379,2497.2,,,,,
1569,2015-08-13 06:42:33,14.9,6200,,,,,
1570,2015-08-13 07:12:33,21.187,8266.7,,,,,
1571,2015-08-13 07:42:33,21.378,7233.4,,,,,
1572,2015-08-13 08:12:33,22.812,7577.8,,,,,
1573,2015-08-13 08:42:33,21.76,6544.5,,,,,
1574,2015-08-13 09:12:33,22.429,8611.2,,,,,
1575,2015-08-13 09:42:33,25.513,82667.2,,,,,
1576,2015-08-13 10:12:33,26.097,68889.3,,,,,
1577,2015-08-13 10:42:33,24.931,31689.1,,,,,
1578,2015-08-13 11:12:33,20.329,10333.4,,,,,
1579,2015-08-13 11:42:33,22.142,9644.5,,,,,
1580,2015-08-13 12:12:33,20.138,60622.6,,,,,
1581,2015-08-13 12:42:33,16.046,14466.8,,,,,
1582,2015-08-13 13:12:33,16.046,15155.7,,,,,
1583,2015-08-13 13:42:33,15.187,12400.1,,,,,
1584,2015-08-13 14:12:33,16.523,8266.7,,,,,
1585,2015-08-13 14:42:33,12.883,22044.6,,,,,
1586,2015-08-13 15:12:33,12.883,4822.3,,,,,
1587,2015-08-13 15:42:33,11.625,5166.7,,,,,
1588,2015-08-13 16:12:33,12.594,6200,,,,,
1589,2015-08-13 16:42:33,11.722,9644.5,,,,,
1590,2015-08-13 17:12:33,10.553,5511.1,,,,,
1591,2015-08-13 17:42:33,9.866,2927.8,,,,,
1592,2015-08-13 18:12:33,10.651,3616.7,,,,,
1593,2015-08-13 18:42:33,9.571,1894.5,,,,,
1594,2015-08-13 19:12:33,9.768,1216.3,,,,,
1595,2015-08-13 19:42:33,10.651,3616.7,,,,,
1596,2015-08-13 20:12:33,9.866,1173.3,,,,,
1597,2015-08-13 20:42:33,8.978,366,,,,,
1598,2015-08-13 21:12:33,9.373,118.4,,,,,
1599,2015-08-13 21:42:33,9.373,21.5,,,,,
1600,2015-08-13 22:12:33,8.581,0,,,,,
1601,2015-08-13 22:42:33,8.282,0,,,,,
1602,2015-08-13 23:12:33,8.481,0,,,,,
1603,2015-08-13 23:42:33,8.382,0,,,,,
1604,2015-08-14 00:12:33,8.182,0,,,,,
1605,2015-08-14 00:42:33,8.282,0,,,,,
1606,2015-08-14 01:12:33,8.382,0,,,,,
1607,2015-08-14 01:42:33,8.481,0,,,,,
1608,2015-08-14 02:12:33,8.382,0,,,,,
1609,2015-08-14 02:42:33,8.382,0,,,,,
1610,2015-08-14 03:12:33,8.382,0,,,,,
1611,2015-08-14 03:42:33,8.581,0,,,,,
1612,2015-08-14 04:12:33,8.68,0,,,,,
1613,2015-08-14 04:42:33,9.176,10.8,,,,,
1614,2015-08-14 05:12:33,9.077,64.6,,,,,
1615,2015-08-14 05:42:33,8.581,290.6,,,,,
1616,2015-08-14 06:12:33,8.978,667.4,,,,,
1617,2015-08-14 06:42:33,9.176,602.8,,,,,
1618,2015-08-14 07:12:33,9.669,1550,,,,,
1619,2015-08-14 07:42:33,9.669,2927.8,,,,,
1620,2015-08-14 08:12:33,9.768,4650,,,,,
1621,2015-08-14 08:42:33,9.275,2152.8,,,,,
1622,2015-08-14 09:12:33,9.373,2152.8,,,,,
1623,2015-08-14 09:42:33,9.965,4650,,,,,
1624,2015-08-14 10:12:33,9.176,3616.7,,,,,
1625,2015-08-14 10:42:33,9.669,3616.7,,,,,
1626,2015-08-14 11:12:33,11.041,5511.1,,,,,
1627,2015-08-14 11:42:33,11.819,5166.7,,,,,
1628,2015-08-14 12:12:33,13.942,7233.4,,,,,
1629,2015-08-14 12:42:33,13.942,14466.8,,,,,
1630,2015-08-14 13:12:33,12.207,9300.1,,,,,
1631,2015-08-14 13:42:33,11.722,7233.4,,,,,
1632,2015-08-14 14:12:33,11.722,5166.7,,,,,
1633,2015-08-14 14:42:33,12.787,16533.4,,,,,
1634,2015-08-14 15:12:33,11.916,20666.8,,,,,
1635,2015-08-14 15:42:33,10.455,3444.5,,,,,
1636,2015-08-14 16:12:33,9.965,3616.7,,,,,
1637,2015-08-14 16:42:33,9.768,2669.5,,,,,
1638,2015-08-14 17:12:33,10.161,6200,,,,,
1639,2015-08-14 17:42:33,11.625,12400.1,,,,,
1640,2015-08-14 18:12:33,9.866,6200,,,,,
1641,2015-08-14 18:42:33,10.357,7233.4,,,,,
1642,2015-08-14 19:12:33,10.846,5511.1,,,,,
1643,2015-08-14 19:42:33,9.965,2238.9,,,,,
1644,2015-08-14 20:12:33,9.669,1980.6,,,,,
1645,2015-08-14 20:42:33,8.879,613.5,,,,,
1646,2015-08-14 21:12:33,8.779,279.9,,,,,
1647,2015-08-14 21:42:33,8.68,32.3,,,,,
1648,2015-08-14 22:12:33,8.68,0,,,,,
1649,2015-08-14 22:42:33,8.581,0,,,,,
1650,2015-08-14 23:12:33,8.082,0,,,,,
1651,2015-08-14 23:42:33,8.182,0,,,,,
1652,2015-08-15 00:12:33,8.382,0,,,,,
1653,2015-08-15 00:42:33,8.082,0,,,,,
1654,2015-08-15 01:12:33,7.983,0,,,,,
1655,2015-08-15 01:42:33,8.68,0,,,,,
1656,2015-08-15 02:12:33,8.382,0,,,,,
1657,2015-08-15 02:42:33,8.68,0,,,,,
1658,2015-08-15 03:12:33,8.581,0,,,,,
1659,2015-08-15 03:42:33,8.581,0,,,,,
1660,2015-08-15 04:12:33,8.282,0,,,,,
1661,2015-08-15 04:42:33,8.182,86.1,,,,,
1662,2015-08-15 05:12:33,8.581,226,,,,,
1663,2015-08-15 05:42:33,8.282,387.5,,,,,
1664,2015-08-15 06:12:33,9.077,1162.5,,,,,
1665,2015-08-15 06:42:33,9.275,1216.3,,,,,
1666,2015-08-15 07:12:33,9.768,2927.8,,,,,
1667,2015-08-15 07:42:33,10.259,3961.1,,,,,
1668,2015-08-15 08:12:33,10.553,2927.8,,,,,
1669,2015-08-15 08:42:33,11.334,4994.5,,,,,
1670,2015-08-15 09:12:33,12.69,7233.4,,,,,
1671,2015-08-15 09:42:33,13.654,6200,,,,,
1672,2015-08-15 10:12:33,14.038,10677.8,,,,,
1673,2015-08-15 10:42:33,16.237,9300.1,,,,,
1674,2015-08-15 11:12:33,16.808,11711.2,,,,,
1675,2015-08-15 11:42:33,16.332,7577.8,,,,,
1676,2015-08-15 12:12:33,19.377,18600.1,,,,,
1677,2015-08-15 12:42:33,15.569,6544.5,,,,,
1678,2015-08-15 13:12:33,16.713,5166.7,,,,,
1679,2015-08-15 13:42:33,15.282,8266.7,,,,,
1680,2015-08-15 14:12:33,19.377,22044.6,,,,,
1681,2015-08-15 14:42:33,14.421,6544.5,,,,,
1682,2015-08-15 15:12:33,16.332,8266.7,,,,,
1683,2015-08-15 15:42:33,25.61,15844.5,,,,,
1684,2015-08-15 16:12:33,19.662,5511.1,,,,,
1685,2015-08-15 16:42:33,15.569,6544.5,,,,,
1686,2015-08-15 17:12:33,14.9,4477.8,,,,,
1687,2015-08-15 17:42:33,14.517,4305.6,,,,,
1688,2015-08-15 18:12:33,13.75,3961.1,,,,,
1689,2015-08-15 18:42:33,12.69,3444.5,,,,,
1690,2015-08-15 19:12:33,12.304,2755.6,,,,,
1691,2015-08-15 19:42:33,11.916,1636.1,,,,,
1692,2015-08-15 20:12:33,11.528,1722.2,,,,,
1693,2015-08-15 20:42:33,11.041,1550,,,,,
1694,2015-08-15 21:12:33,9.965,818.1,,,,,
1695,2015-08-15 21:42:33,9.176,161.5,,,,,
1696,2015-08-15 22:12:33,8.779,0,,,,,
1697,2015-08-15 22:42:33,8.082,0,,,,,
1698,2015-08-15 23:12:33,7.682,0,,,,,
1699,2015-08-15 23:42:33,7.682,0,,,,,
1700,2015-08-16 00:12:33,7.381,0,,,,,
1701,2015-08-16 00:42:33,7.179,0,,,,,
1702,2015-08-16 01:12:33,6.978,0,,,,,
1703,2015-08-16 01:42:33,6.877,0,,,,,
1704,2015-08-16 02:12:33,6.775,0,,,,,
1705,2015-08-16 02:42:33,6.166,0,,,,,
1706,2015-08-16 03:12:33,5.757,0,,,,,
1707,2015-08-16 03:42:33,6.877,0,,,,,
1708,2015-08-16 04:12:33,7.381,0,,,,,
1709,2015-08-16 04:42:33,7.582,150.7,,,,,
1710,2015-08-16 05:12:33,8.282,979.5,,,,,
1711,2015-08-16 05:42:33,7.983,775,,,,,
1712,2015-08-16 06:12:33,12.787,4650,,,,,
1713,2015-08-16 06:42:33,15.091,5511.1,,,,,
1714,2015-08-16 07:12:33,10.161,2497.2,,,,,
1715,2015-08-16 07:42:33,16.427,7233.4,,,,,
1716,2015-08-16 08:12:33,16.332,55111.5,,,,,
1717,2015-08-16 08:42:33,15.951,6200,,,,,
1718,2015-08-16 09:12:33,16.332,7233.4,,,,,
1719,2015-08-16 09:42:33,17.855,15155.7,,,,,
1720,2015-08-16 10:12:33,15.282,42711.4,,,,,
1721,2015-08-16 10:42:33,15.378,8266.7,,,,,
1722,2015-08-16 11:12:33,16.237,12400.1,,,,,
1723,2015-08-16 11:42:33,17.855,10333.4,,,,,
1724,2015-08-16 12:12:33,16.237,14466.8,,,,,
1725,2015-08-16 12:42:33,15.473,10677.8,,,,,
1726,2015-08-16 13:12:33,16.903,19977.9,,,,,
1727,2015-08-16 13:42:33,19.567,15844.5,,,,,
1728,2015-08-16 14:12:33,16.903,37200.2,,,,,
1729,2015-08-16 14:42:33,15.664,11711.2,,,,,
1730,2015-08-16 15:12:33,12.69,9300.1,,,,,
1731,2015-08-16 15:42:33,12.69,13089,,,,,
1732,2015-08-16 16:12:33,11.916,4822.3,,,,,
1733,2015-08-16 16:42:33,13.173,3961.1,,,,,
1734,2015-08-16 17:12:33,12.401,5338.9,,,,,
1735,2015-08-16 17:42:33,12.401,6200,,,,,
1736,2015-08-16 18:12:33,13.942,3961.1,,,,,
1737,2015-08-16 18:42:33,12.013,10333.4,,,,,
1738,2015-08-16 19:12:33,11.722,2066.7,,,,,
1739,2015-08-16 19:42:33,11.139,1980.6,,,,,
1740,2015-08-16 20:12:33,10.063,882.6,,,,,
1741,2015-08-16 20:42:33,10.259,538.2,,,,,
1742,2015-08-16 21:12:33,8.978,226,,,,,
1743,2015-08-16 21:42:33,9.176,43.1,,,,,
1744,2015-08-16 22:12:33,8.779,0,,,,,
1745,2015-08-16 22:42:33,8.68,0,,,,,
1746,2015-08-16 23:12:33,8.082,0,,,,,
1747,2015-08-16 23:42:33,8.182,0,,,,,
1748,2015-08-17 00:12:33,8.481,0,,,,,
1749,2015-08-17 00:42:33,8.282,0,,,,,
1750,2015-08-17 01:12:33,7.782,0,,,,,
1751,2015-08-17 01:42:33,7.782,0,,,,,
1752,2015-08-17 02:12:33,7.682,0,,,,,
1753,2015-08-17 02:42:33,7.682,0,,,,,
1754,2015-08-17 03:12:33,7.682,0,,,,,
1755,2015-08-17 03:42:33,7.481,0,,,,,
1756,2015-08-17 04:12:33,7.481,0,,,,,
1757,2015-08-17 04:42:33,7.782,32.3,,,,,
1758,2015-08-17 05:12:33,7.682,139.9,,,,,
1759,2015-08-17 05:42:33,8.082,355.2,,,,,
1760,2015-08-17 06:12:33,8.581,710.4,,,,,
1761,2015-08-17 06:42:33,8.779,1808.3,,,,,
1762,2015-08-17 07:12:33,8.978,2755.6,,,,,
1763,2015-08-17 07:42:33,15.378,9644.5,,,,,
1764,2015-08-17 08:12:33,9.866,2583.4,,,,,
1765,2015-08-17 08:42:33,10.944,4650,,,,,
1766,2015-08-17 09:12:33,16.237,11711.2,,,,,
1767,2015-08-17 09:42:33,16.141,10677.8,,,,,
1768,2015-08-17 10:12:33,12.11,7577.8,,,,,
1769,2015-08-17 10:42:33,11.528,8266.7,,,,,
1770,2015-08-17 11:12:33,12.69,8266.7,,,,,
1771,2015-08-17 11:42:33,12.98,9644.5,,,,,
1772,2015-08-17 12:12:33,13.75,9644.5,,,,,
1773,2015-08-17 12:42:33,15.569,14466.8,,,,,
1774,2015-08-17 13:12:33,15.855,8266.7,,,,,
1775,2015-08-17 13:42:33,17.665,9644.5,,,,,
1776,2015-08-17 14:12:33,13.846,3100,,,,,
1777,2015-08-17 14:42:33,16.808,16533.4,,,,,
1778,2015-08-17 15:12:33,15.664,17222.3,,,,,
1779,2015-08-17 15:42:33,13.076,7577.8,,,,,
1780,2015-08-17 16:12:33,15.091,7233.4,,,,,
1781,2015-08-17 16:42:33,15.76,3100,,,,,
1782,2015-08-17 17:12:33,17.284,4305.6,,,,,
1783,2015-08-17 17:42:33,15.091,2152.8,,,,,
1784,2015-08-17 18:12:33,14.134,1377.8,,,,,
1785,2015-08-17 18:42:33,12.013,1377.8,,,,,
1786,2015-08-17 19:12:33,13.558,3272.2,,,,,
1787,2015-08-17 19:42:33,15.473,3100,,,,,
1788,2015-08-17 20:12:33,16.046,2238.9,,,,,
1789,2015-08-17 20:42:33,12.98,839.6,,,,,
1790,2015-08-17 21:12:33,9.669,247.6,,,,,
1791,2015-08-17 21:42:33,10.161,64.6,,,,,
1792,2015-08-17 22:12:33,8.68,0,,,,,
1793,2015-08-17 22:42:33,8.182,0,,,,,
1794,2015-08-17 23:12:33,7.079,0,,,,,
1795,2015-08-17 23:42:33,7.682,0,,,,,
1796,2015-08-18 00:12:33,7.983,0,,,,,
1797,2015-08-18 00:42:33,7.682,0,,,,,
1798,2015-08-18 01:12:33,7.28,0,,,,,
1799,2015-08-18 01:42:33,7.28,0,,,,,
1800,2015-08-18 02:12:33,6.37,0,,,,,
1801,2015-08-18 02:42:33,7.582,0,,,,,
1802,2015-08-18 03:12:33,7.582,0,,,,,
1803,2015-08-18 03:42:33,6.37,0,,,,,
1804,2015-08-18 04:12:33,4.727,0,,,,,
1805,2015-08-18 04:42:33,6.877,64.6,,,,,
1806,2015-08-18 05:12:33,7.28,322.9,,,,,
1807,2015-08-18 05:42:33,9.373,4305.6,,,,,
1808,2015-08-18 06:12:33,11.625,5166.7,,,,,
1809,2015-08-18 06:42:33,13.461,9644.5,,,,,
1810,2015-08-18 07:12:33,14.134,6544.5,,,,,
1811,2015-08-18 07:42:33,15.855,7577.8,,,,,
1812,2015-08-18 08:12:33,17.855,7577.8,,,,,
1813,2015-08-18 08:42:33,18.331,6544.5,,,,,
1814,2015-08-18 09:12:33,20.329,10333.4,,,,,
1815,2015-08-18 09:42:33,19.092,5166.7,,,,,
1816,2015-08-18 10:12:33,21.282,13089,,,,,
1817,2015-08-18 10:42:33,16.427,9644.5,,,,,
1818,2015-08-18 11:12:33,16.523,12400.1,,,,,
1819,2015-08-18 11:42:33,15.76,16533.4,,,,,
1820,2015-08-18 12:12:33,22.429,10677.8,,,,,
1821,2015-08-18 12:42:33,14.325,193.8,,,,,
1822,2015-08-18 13:12:33,13.365,1097.9,,,,,
1823,2015-08-18 13:42:33,13.076,2152.8,,,,,
1824,2015-08-18 14:12:33,15.664,4650,,,,,
1825,2015-08-18 14:42:33,16.999,4650,,,,,
1826,2015-08-18 15:12:33,17.284,4305.6,,,,,
1827,2015-08-18 15:42:33,17.189,3272.2,,,,,
1828,2015-08-18 16:12:33,17.284,4133.4,,,,,
1829,2015-08-18 16:42:33,17.094,3272.2,,,,,
1830,2015-08-18 17:12:33,16.999,3100,,,,,
1831,2015-08-18 17:42:33,15.282,1463.9,,,,,
1832,2015-08-18 18:12:33,14.996,1065.6,,,,,
1833,2015-08-18 18:42:33,15.378,2152.8,,,,,
1834,2015-08-18 19:12:33,13.75,1162.5,,,,,
1835,2015-08-18 19:42:33,13.75,1184,,,,,
1836,2015-08-18 20:12:33,12.497,839.6,,,,,
1837,2015-08-18 20:42:33,11.139,441.3,,,,,
1838,2015-08-18 21:12:33,9.373,86.1,,,,,
1839,2015-08-18 21:42:33,8.382,21.5,,,,,
1840,2015-08-18 22:12:33,7.782,0,,,,,
1841,2015-08-18 22:42:33,8.282,0,,,,,
1842,2015-08-18 23:12:33,7.481,0,,,,,
1843,2015-08-18 23:42:33,7.481,0,,,,,
1844,2015-08-19 00:12:33,7.682,0,,,,,
1845,2015-08-19 00:42:33,7.179,0,,,,,
1846,2015-08-19 01:12:33,7.079,0,,,,,
1847,2015-08-19 01:42:33,7.682,0,,,,,
1848,2015-08-19 02:12:33,7.079,0,,,,,
1849,2015-08-19 02:42:33,7.28,0,,,,,
1850,2015-08-19 03:12:33,7.983,0,,,,,
1851,2015-08-19 03:42:33,7.983,0,,,,,
1852,2015-08-19 04:12:33,7.882,0,,,,,
1853,2015-08-19 04:42:33,7.983,0,,,,,
1854,2015-08-19 05:12:33,7.481,139.9,,,,,
1855,2015-08-19 05:42:33,7.481,559.7,,,,,
1856,2015-08-19 06:12:33,7.179,635.1,,,,,
1857,2015-08-19 06:42:33,9.275,1173.3,,,,,
1858,2015-08-19 07:12:33,10.846,1205.6,,,,,
1859,2015-08-19 07:42:33,11.139,1356.3,,,,,
1860,2015-08-19 08:12:33,12.69,2238.9,,,,,
1861,2015-08-19 08:42:33,13.942,2497.2,,,,,
1862,2015-08-19 09:12:33,14.038,1550,,,,,
1863,2015-08-19 09:42:33,12.11,538.2,,,,,
1864,2015-08-19 10:12:33,12.401,882.6,,,,,
1865,2015-08-19 10:42:33,12.883,1377.8,,,,,
1866,2015-08-19 11:12:33,12.98,904.2,,,,,
1867,2015-08-19 11:42:33,13.173,667.4,,,,,
1868,2015-08-19 12:12:33,13.654,721.2,,,,,
1869,2015-08-19 12:42:33,14.517,796.5,,,,,
1870,2015-08-19 13:12:33,15.569,1463.9,,,,,
1871,2015-08-19 13:42:33,16.237,1463.9,,,,,
1872,2015-08-19 14:12:33,16.427,1377.8,,,,,
1873,2015-08-19 14:42:33,17.284,2497.2,,,,,
1874,2015-08-19 15:12:33,16.427,1550,,,,,
1875,2015-08-19 15:42:33,16.808,1463.9,,,,,
1876,2015-08-19 16:12:33,16.808,1894.5,,,,,
1877,2015-08-19 16:42:33,17.094,3100,,,,,
1878,2015-08-19 17:12:33,17.379,3444.5,,,,,
1879,2015-08-19 17:42:33,16.808,3100,,,,,
1880,2015-08-19 18:12:33,17.57,4477.8,,,,,
1881,2015-08-19 18:42:33,15.473,2238.9,,,,,
1882,2015-08-19 19:12:33,14.996,2066.7,,,,,
1883,2015-08-19 19:42:33,15.473,2066.7,,,,,
1884,2015-08-19 20:12:33,13.461,1463.9,,,,,
1885,2015-08-19 20:42:33,10.846,613.5,,,,,
1886,2015-08-19 21:12:33,9.669,150.7,,,,,
1887,2015-08-19 21:42:33,9.077,21.5,,,,,
1888,2015-08-19 22:12:33,8.182,0,,,,,
1889,2015-08-19 22:42:33,7.582,0,,,,,
1890,2015-08-19 23:12:33,8.282,0,,,,,
1891,2015-08-19 23:42:33,7.079,0,,,,,
1892,2015-08-20 00:12:33,7.179,0,,,,,
1893,2015-08-20 00:42:33,7.481,0,,,,,
1894,2015-08-20 01:12:33,7.682,0,,,,,
1895,2015-08-20 01:42:33,7.882,0,,,,,
1896,2015-08-20 02:12:33,8.779,0,,,,,
1897,2015-08-20 02:42:33,9.965,0,,,,,
1898,2015-08-20 03:12:33,9.965,0,,,,,
1899,2015-08-20 03:42:33,10.063,0,,,,,
1900,2015-08-20 04:12:33,9.669,0,,,,,
1901,2015-08-20 04:42:33,9.571,0,,,,,
1902,2015-08-20 05:12:33,9.176,0,,,,,
1903,2015-08-20 05:42:33,9.077,0,,,,,
1904,2015-08-20 06:12:33,8.779,21.5,,,,,
1905,2015-08-20 06:42:33,8.581,118.4,,,,,
1906,2015-08-20 07:12:33,8.879,505.9,,,,,
1907,2015-08-20 07:42:33,8.779,635.1,,,,,
1908,2015-08-20 08:12:33,8.581,376.7,,,,,
1909,2015-08-20 08:42:33,8.382,355.2,,,,,
1910,2015-08-20 09:12:33,8.581,409,,,,,
1911,2015-08-20 09:42:33,8.68,710.4,,,,,
1912,2015-08-20 10:12:33,8.68,818.1,,,,,
1913,2015-08-20 10:42:33,8.68,871.9,,,,,
1914,2015-08-20 11:12:33,9.176,1550,,,,,
1915,2015-08-20 11:42:33,10.259,2669.5,,,,,
1916,2015-08-20 12:12:33,10.259,2152.8,,,,,
1917,2015-08-20 12:42:33,10.944,2411.1,,,,,
1918,2015-08-20 13:12:33,11.819,2927.8,,,,,
1919,2015-08-20 13:42:33,12.594,3788.9,,,,,
1920,2015-08-20 14:12:33,12.883,2066.7,,,,,
1921,2015-08-20 14:42:33,11.916,1377.8,,,,,
1922,2015-08-20 15:12:33,12.11,1377.8,,,,,
1923,2015-08-20 15:42:33,13.173,2669.5,,,,,
1924,2015-08-20 16:12:33,12.304,1463.9,,,,,
1925,2015-08-20 16:42:33,13.846,3272.2,,,,,
1926,2015-08-20 17:12:33,12.594,807.3,,,,,
1927,2015-08-20 17:42:33,12.013,1087.2,,,,,
1928,2015-08-20 18:12:33,11.916,1259.4,,,,,
1929,2015-08-20 18:42:33,11.236,1033.3,,,,,
1930,2015-08-20 19:12:33,11.722,721.2,,,,,
1931,2015-08-20 19:42:33,11.041,871.9,,,,,
1932,2015-08-20 20:12:33,10.259,236.8,,,,,
1933,2015-08-20 20:42:33,9.571,129.2,,,,,
1934,2015-08-20 21:12:33,9.373,21.5,,,,,
1935,2015-08-20 21:42:33,9.472,0,,,,,
1936,2015-08-20 22:12:33,9.965,0,,,,,
1937,2015-08-20 22:42:33,9.373,0,,,,,
1938,2015-08-20 23:12:33,10.063,0,,,,,
1939,2015-08-20 23:42:33,10.063,0,,,,,
1940,2015-08-21 00:12:33,9.965,0,,,,,
1941,2015-08-21 00:42:33,9.965,0,,,,,
1942,2015-08-21 01:12:33,9.866,0,,,,,
1943,2015-08-21 01:42:33,9.768,0,,,,,
1944,2015-08-21 02:12:33,9.669,0,,,,,
1945,2015-08-21 02:42:33,9.571,0,,,,,
1946,2015-08-21 03:12:33,9.472,0,,,,,
1947,2015-08-21 03:42:33,9.176,0,,,,,
1948,2015-08-21 04:12:33,9.373,0,,,,,
1949,2015-08-21 04:42:33,9.472,0,,,,,
1950,2015-08-21 05:12:33,9.176,0,,,,,
1951,2015-08-21 05:42:33,9.176,10.8,,,,,
1952,2015-08-21 06:12:33,9.275,64.6,,,,,
1953,2015-08-21 06:42:33,9.866,193.8,,,,,
1954,2015-08-21 07:12:33,10.259,301.4,,,,,
1955,2015-08-21 07:42:33,9.768,96.9,,,,,
1956,2015-08-21 08:12:33,9.768,430.6,,,,,
1957,2015-08-21 08:42:33,10.259,958,,,,,
1958,2015-08-21 09:12:33,10.063,1097.9,,,,,
1959,2015-08-21 09:42:33,10.455,2583.4,,,,,
1960,2015-08-21 10:12:33,10.944,2152.8,,,,,
1961,2015-08-21 10:42:33,10.259,1636.1,,,,,
1962,2015-08-21 11:12:33,12.69,1722.2,,,,,
1963,2015-08-21 11:42:33,12.98,1356.3,,,,,
1964,2015-08-21 12:12:33,12.497,1011.8,,,,,
1965,2015-08-21 12:42:33,14.517,3444.5,,,,,
1966,2015-08-21 13:12:33,15.855,3100,,,,,
1967,2015-08-21 13:42:33,15.378,2755.6,,,,,
1968,2015-08-21 14:12:33,14.9,3444.5,,,,,
1969,2015-08-21 14:42:33,15.378,1377.8,,,,,
1970,2015-08-21 15:12:33,16.332,3100,,,,,
1971,2015-08-21 15:42:33,17.95,3616.7,,,,,
1972,2015-08-21 16:12:33,16.427,2755.6,,,,,
1973,2015-08-21 16:42:33,17.189,2325,,,,,
1974,2015-08-21 17:12:33,21.76,204.5,,,,,
1975,2015-08-21 17:42:33,23.1,925.7,,,,,
1976,2015-08-21 18:12:33,23.581,1130.2,,,,,
1977,2015-08-21 18:42:33,22.908,624.3,,,,,
1978,2015-08-21 19:12:33,22.525,64.6,,,,,
1979,2015-08-21 19:40:15,,,,Logged,Logged,,
1980,2015-08-21 19:42:00,,,,,,Logged,Logged