gamma_1,gamma_2,k0,k1,sig_proc,sig_beta0,sig_alpha,sig_opt,sig_rho,lp__,chain,step
1.0890373075991022,1.1539991614998986,8.181226781868993,0.7687391396400048,93.43422393418983,0.05376613108988505,0.21683630648626623,0.09519108521545809,0.07801313571756407,-30512.01752328954,1,1
1.062608987461122,1.1714913659390893,9.382555216168734,0.6641898570380638,92.72896378043043,0.05668898512117656,0.11147098739388357,0.12305146686184261,0.10160840152472973,-30467.09913373626,1,2
1.0715939448638565,1.1116494578978795,8.555637569002279,0.8377227446969887,94.10276684588543,0.03517849025102636,0.08681827382131986,0.29625806706109464,0.10077295232251383,-30525.550925390806,1,3
1.0468460546601226,1.0930517626496685,6.6858119930476905,0.7062214074085682,94.23708779205977,0.027494913302026032,0.2337849678169226,0.07471493948319978,0.02095715487489357,-30584.187404807024,1,4
1.054001927473437,1.0793049542075877,6.98779486542237,0.7551650795785827,92.33751106407246,0.030274855046714157,0.08991308647143209,0.04982715366721957,0.06747629610134608,-30524.452863493734,1,5
1.0648903751765093,1.0965635366446445,9.142780204510405,0.6929848320606454,92.34608839073354,0.03657094220029082,0.08484284033155465,0.025011544441399535,0.03644442943030757,-30655.684921797296,1,6
1.047951705776688,1.1230252436818606,6.7762049411189205,0.7338838593582723,93.20886217680913,0.03861334337344734,0.19748038737660265,0.022253556712661125,0.07385072491885689,-30501.961557234135,1,7
1.0709218240473943,1.0968681637548654,5.563706530678233,0.863444143702525,93.32237702741695,0.029821571855748345,0.09232922929307948,0.07805144376444721,0.07250608855993068,-30569.535769022248,1,8
1.0714453816752085,1.1142916272643513,6.905415495016331,0.7385927085819903,94.8450058088749,0.06272022352323879,0.13593756076807437,0.061876875382102674,0.07678747035025633,-30591.58403893866,1,9
1.0757980999882526,1.1301358547822933,10.332153255266197,0.796633190837332,93.8197479082695,0.024951976732725444,0.0996908398222648,0.02148570502448683,0.0976037195586533,-30593.416531546492,1,10
1.0922375900593397,1.1858099667600452,9.447844598024355,0.7471684438788518,90.59398632210454,0.053098824085415476,0.11767646515976074,0.030292779881979218,0.10350586897059519,-30515.397154126524,1,11
1.0977884133421854,1.192630688730987,10.297440915374475,0.6743974585465761,91.82401622256785,0.05563273857592507,0.11945070757441875,0.011195433817701472,0.09920365008242879,-30503.486318487438,1,12
1.0583840568282292,1.0729309705705423,7.487480432614034,0.7989768891092263,92.8003170874781,0.05583122479850976,0.10319326825475487,0.00954995816835931,0.07097343034299976,-30454.444633545725,1,13
1.0743570092646826,1.098295953119056,12.30791089401022,0.6791784796484598,92.23658604089553,0.04315828469146758,0.11104854652564956,0.05868177638275798,0.10296746707517763,-30589.13569481796,1,14
1.071996555882449,1.1245340287287877,9.963283211607994,0.7712992573552814,91.28217504600138,0.03778305642164928,0.1666549775238322,0.04476548027390131,0.0752324830449051,-30444.67875564178,1,15
1.0662000863863093,1.1038697898357683,9.332922182284484,0.6996530208489522,92.9122008538221,0.05901556699871958,0.1043181670793496,0.04148797175518337,0.09910520696117993,-30563.133927568466,1,16
1.070391312699642,1.119595236456698,6.943337935623167,0.7255566683535025,91.71538711642293,0.04922269441464176,0.13164964545687766,0.06047599413906558,0.06513338172559698,-30423.30262226812,1,17
1.0936369201785219,1.1088345985075492,8.41573947623092,0.7694766969152314,92.43103648020046,0.05066262416009334,0.08772753916638155,0.25031699378592376,0.08645704578002554,-30476.729301191288,1,18
1.0941644937984607,1.1273351199925437,8.507788486459859,0.7458251948385309,93.77970261342705,0.035023921313178025,0.2543271220870871,0.0668476103828865,0.050797872395561175,-30473.842521238796,1,19
1.060492720179919,1.0932069643522433,8.311015721876982,0.6680864610472442,95.02383637024305,0.04932473459777327,0.08143620204045227,0.07542148397999515,0.06925188934662364,-30510.977890022827,1,20
1.0940793837459863,1.139204116078372,9.596979381525763,0.7961559215299471,92.9058370727192,0.04126456429661339,0.08770035917076424,0.42094392116584356,0.09248915835931511,-30535.656907803073,1,21
1.0482841920185544,1.0675404554357069,3.120100451442118,0.7248005979852443,93.35211335730037,0.0320909853780905,0.14425633835607982,0.050176124108138175,0.03493658244380681,-30700.953444081413,1,22
1.0436859660300004,1.072499433949573,9.616793821394811,0.6506515563773585,93.9306816223237,0.03075549978594334,0.1183825408498118,0.02787039647424301,0.0702805766867047,-30600.554622537522,1,23
1.0649888836132377,1.1279471104530854,10.061660006711781,0.8004026322061485,91.68448718552928,0.06818140658150482,0.10486020400576823,0.02296189244562311,0.07782885729031154,-30509.031647897573,1,24
1.0740580676097753,1.1516816279493256,8.470514982060571,0.7800974303580338,93.52520117652895,0.042599844169892334,0.21751238972150272,0.022518604102845594,0.07118535341587984,-30525.115128404825,1,25
1.076971050951634,1.1363405749783584,9.058596686648388,0.7268715735977986,92.8208814042894,0.04480564283302282,0.07898103135660511,0.13381781642827614,0.04072492666576494,-30459.235750152424,1,26
1.0763811280890956,1.1196174977502977,6.375726844479104,0.6505085790257416,94.00223907948481,0.042084057282263054,0.12568545785888396,0.10206435574413293,0.05243189020521305,-30558.1168434581,1,27
1.0366027157253848,1.0529898766986658,10.025364587773346,0.6702957452405283,91.84624636519688,0.04996070348775264,0.12424003041846343,0.0969741613527447,0.06631542767952756,-30612.15500111389,1,28
1.0878858560897409,1.1523225857315333,7.245443207544597,0.7793953184527362,93.86153392661124,0.039745282152317166,0.09746148589279512,0.044767624169630586,0.09124603613157754,-30418.291096452238,1,29
1.1064328071201703,1.1662904976008093,9.669528859581265,0.7662971884233748,92.64588953688303,0.05428890120881043,0.13488007734288615,0.2144656713731219,0.09355666653990469,-30431.141607706144,1,30
1.0756621991379065,1.1456045856403079,7.546883489412252,0.8018850795550277,93.3481214167286,0.03827157702761558,0.1042509679955036,0.13534480615700645,0.06666854719140668,-30499.889502247497,1,31
1.0791339589060167,1.1012456656736545,5.79813481836563,0.8665348617671502,94.82406616303112,0.03594271140231365,0.20020581130522733,0.031199654679282724,0.04554040896846353,-30568.724820321153,1,32
1.078925659383273,1.1378498621236932,8.55824036558815,0.7291904847686295,95.18987075823273,0.04479170203387883,0.1207518131453783,0.08465210562541582,0.09572798996613499,-30485.34732604621,1,33
1.071750156729225,1.1550248438396098,7.002264097520753,0.8185798320752237,91.91066325874513,0.0449661446041297,0.19845315818521264,0.004067137358465098,0.05664085826069973,-30530.863460267705,1,34
1.0387855404704702,1.0713799466151461,8.861491866144092,0.7228409291715715,92.80332775440888,0.0507907102723317,0.07236269379496543,0.1508221225968428,0.08848010804466534,-30512.479594080567,1,35
1.0488138168708512,1.1210884031821011,9.01526354203695,0.7718777318012173,92.92835231684828,0.04188108278045519,0.13625649760347905,0.03379032873461592,0.06384170830058816,-30546.780052659502,1,36
1.066316778293651,1.0881793914448001,11.270506070554907,0.7900201408983606,92.22380586661569,0.04766378767161778,0.1905964996990214,0.2468975932622542,0.07530574030592738,-30351.9876000717,1,37
1.1152120005627442,1.1936621951574151,4.855578770532774,0.7091820675605909,94.2699705722006,0.05047355637740028,0.12819810707006424,0.17974418690315916,0.04745406771969712,-30674.346272043524,1,38
1.1029432656213252,1.1792688686314703,7.840623589236843,0.7711192156344308,94.01230914235433,0.04130333456141595,0.08845862813181003,0.07968945300559553,0.06968017718073566,-30549.58225936352,1,39
1.0439671619390116,1.0743980568112843,7.476594701920755,0.6907282035809065,94.30298166129133,0.05087204001546294,0.13706225237790687,0.023477366366874555,0.05075439726081967,-30587.83444509111,1,40
1.0669329556948248,1.0770378657898452,8.776049714944469,0.7016704185942515,92.32537644335648,0.037663201194940536,0.08948275763103375,0.021249094783764754,0.06950053822594857,-30464.225188439686,1,41
1.0327194040695375,1.088168046380538,8.428483818765343,0.7461236983773346,93.16233211545772,0.041867664070023715,0.1038784759304378,0.03674976222609885,0.07053464927022446,-30577.082173067964,1,42
1.1217742124810246,1.1864177562790827,6.9358088903578485,0.7055333206250465,92.45768718253075,0.030222347461670268,0.14711952988690005,0.010585642565658153,0.046263689189671595,-30525.805119502886,1,43
1.0655340583141988,1.0734301252303238,6.069636952242012,0.7714286943161147,92.30242993267518,0.039584420076049655,0.17944902829403583,0.0650933588446207,0.08079862376148209,-30576.130937848917,1,44
1.130967950625997,1.1677857985273357,6.6746871375048675,0.7903821679804114,92.51772127684065,0.03678402063307199,0.11903979525684638,0.05348768025901697,0.06707025555631727,-30507.444492878374,1,45
1.0725426349968066,1.12543300249496,8.134915628170816,0.7151427589566188,92.34203605602765,0.06402713252679272,0.053074954839089424,0.30800911724585994,0.08405628919015722,-30541.428019710966,1,46
1.0421378882385766,1.0344301207627415,11.170755416537835,0.6825545771293354,91.25038972043362,0.05739058390273714,0.25118080064877485,0.19004427457333448,0.05912125894889027,-30434.29911751347,1,47
1.1151637961497352,1.1550038195904766,6.371896806941826,0.7425337825224692,94.53690962289886,0.04507825528291108,0.10952399595700026,0.00745424476359693,0.06858659215001592,-30510.235858095908,1,48
1.0962379933463893,1.1640045898685683,9.477436888865949,0.7449165189664556,93.01804015009263,0.05344205145236729,0.10809608555202758,0.32635288642213844,0.1015178011537212,-30423.10047972335,1,49
1.070767126740644,1.10911893037564,7.237153043984395,0.7251876894406265,91.9984090984139,0.05566109880116393,0.14358348854264222,0.01866098764268937,0.06617682842845829,-30484.94195092326,1,50
1.0911710792045797,1.148731034273107,8.379115225307627,0.8367343527486084,94.58113358591754,0.028088611586922094,0.27087139271346883,0.09310484462682547,0.04862481816695914,-30430.022199418803,1,51
1.0583746330355133,1.0793085955319044,7.614920880002652,0.8677370951971136,92.56126178260206,0.042540881626805575,0.15637384843575444,0.11935680536606222,0.06425911625210572,-30611.34587948348,1,52
1.0839410805866425,1.1427496213942483,9.014282621452304,0.7095846726215973,94.0877311779174,0.02625935152802655,0.14151534582976236,0.005103164542929277,0.10076720955580673,-30453.97912512767,1,53
1.0796277863408315,1.1246652216847823,6.879626352007425,0.7699241828201016,94.22127259107566,0.0361609161969314,0.18774770375361366,0.07260277683421755,0.03801720106326639,-30569.87327758421,1,54
1.1032634559150971,1.1070183395816307,9.317852227400575,0.8075569241606106,92.7946598134613,0.04465025904385527,0.04817592663732108,0.47934365321571626,0.10196863236162965,-30498.184804844863,1,55
1.066444708848704,1.1082714707030643,9.50242101044113,0.6833157405438965,93.47730207826905,0.026305576819687707,0.2153023765616668,0.010695937701853932,0.00489199379817371,-30406.11476320048,1,56
1.0429219629127235,1.0709002413636262,8.266698436067411,0.8357738230420035,92.55617242548801,0.03796411538141034,0.140394920298736,0.13979767032686205,0.0949990880137238,-30440.78582750237,1,57
1.049208288182865,1.104214927297696,8.086551876823716,0.694051635280536,94.88834630017885,0.03376801990505308,0.1721590618298226,0.02710898313197408,0.0495720618389902,-30486.35870724769,1,58
1.0687832628055653,1.1011355081544176,10.482916152200033,0.6885199144264383,92.92339765066565,0.04747613079789017,0.1503780302374006,0.009781091069163857,0.055534505429741435,-30579.283659660952,1,59
1.0973817528926662,1.1566748885433031,10.661497859212297,0.681528982211204,92.29981087032803,0.044613290496405035,0.15926958791606705,0.08933226832499898,0.059839309187116156,-30469.850662347097,1,60
1.0857183023253614,1.1444479617089178,8.937046155263065,0.6634554951383108,93.38797049076973,0.028318693698585626,0.24068949548954105,0.24951531196275048,0.06752226316700391,-30455.78456064475,1,61
1.1073006244911403,1.1815174981300356,7.605878866453828,0.7716453712614706,93.49942990178357,0.03478078356360695,0.06810227475414514,0.015272940624281604,0.06873456931256634,-30677.778820552583,1,62
1.0762849116777018,1.100657049028287,9.260310128206545,0.7836261935318449,93.01093450170431,0.04030822052029124,0.20796530644490038,0.13917518229404957,0.07783124955521442,-30519.181356248373,1,63
1.0951695374269221,1.1690883279941893,5.675144844256595,0.7402297921499433,93.17834936224723,0.06974616315619223,0.15744795101773362,0.19940019697042782,0.06734129585480507,-30483.813235148795,1,64
1.0884109179626327,1.1756627806683306,6.875688732408317,0.7828126277723675,92.76917185664944,0.048734380339663784,0.12577116710505484,0.04706886430452827,0.08279819567463359,-30563.97466443479,1,65
1.0816586923068678,1.149877070100382,7.218937363093846,0.8512139326287285,93.26173953917966,0.04144508161616148,0.21733763945658047,0.03317870899175828,0.06851933339789261,-30584.86462809902,1,66
1.0965519549586686,1.1865824833416267,8.052571398018964,0.6811828987280706,93.4099752691974,0.042761923300601835,0.10613513513054015,0.018256744964195513,0.0568020129805743,-30537.159779126283,1,67
1.0761489757570515,1.1077746138957647,8.140035209334346,0.8288534899140069,91.76358679546688,0.07429516773449836,0.1333595593484595,0.30235072660359896,0.09522896388126204,-30493.748807472213,1,68
1.0657658668819527,1.1354177749352965,8.588006908734359,0.6761764363580637,93.55776794870725,0.06269413589598766,0.1394853682949844,0.14812120470957035,0.06891595987500339,-30556.481111054247,1,69
1.0647787498881358,1.086645048605904,9.425894896843637,0.66364701730906694,91.8768022958123,0.03688203580607674,0.11406045148289802,0.018133921273367166,0.0993415702473256,-30493.60486659431,1,70
1.0972127442317197,1.1313111775403573,8.062751141597586,0.8041583158031422,92.35297206477614,0.0634560015210337,0.11976572392092788,0.09778904067033631,0.09974646593184913,-30454.452705799114,1,71
1.065618652235537,1.0473134106672308,7.128590414158633,0.8183196666302526,94.54884576941257,0.041665721471421946,0.1792399302893069,0.26462198560472877,0.04276982063180832,-30542.02168173268,1,72
1.0916242333946473,1.1703455195964945,8.149917809543918,0.8248833159824984,91.69094911732411,0.04143510294406018,0.1289244623263324,0.08983125757640459,0.06574791047816379,-30476.836257748295,1,73
1.088253868805267,1.091582104019877,7.935394879454695,0.7001083077662174,94.42241530219285,0.04175205353672031,0.07006123486091459,0.07386853547362052,0.10082161209396626,-30503.24435143278,1,74
1.0738974958760223,1.2131933594978783,7.270572977983713,0.8149607459803838,92.68745180869884,0.06236146583297156,0.10748550147242994,0.024196207494190037,0.07805225941982993,-30498.828531214196,1,75
1.0949275955665025,1.1258762280629906,7.750423601554043,0.5865348450435928,91.35059215023998,0.04560299324875017,0.1611954173612295,0.04633417277775215,0.050913455857242364,-30513.98005124371,1,76
1.0834883808506661,1.1210249502680871,8.690178057970572,0.7236876652292005,92.62750051853158,0.05700075908764911,0.08233728773244021,0.07512910961466956,0.1264095232994501,-30538.219843042443,1,77
1.0898515571227028,1.203650316466883,9.992187004883018,0.7321009297493399,92.41416674068765,0.03688738278053499,0.08009855308554376,0.03776951469357271,0.07901329913660178,-30564.358120662262,1,78
1.1123837089186914,1.1786368459233751,9.911831520184101,0.7756548583117898,92.56001032529996,0.03862973101344988,0.1313445228681784,0.09137058679733158,0.04894439943438107,-30598.82548606632,1,79
1.0855918707759018,1.1613303469240903,8.272264773704903,0.8007000190536574,91.97988650528616,0.035254268229109584,0.184040888797665,0.07341626491875948,0.04198526574361707,-30493.821347187353,1,80
1.0915918745753155,1.130543068585398,6.910341860959961,0.7350188726530436,94.14766469714684,0.036174234587861495,0.09031105146556814,0.0267909918010255,0.05116858899182044,-30593.483187697704,1,81
1.0559029049871387,1.1054083937939991,6.201711004578199,0.719845387234568,92.85413861881206,0.03180073571387885,0.07324479692688285,0.0279312735079319,0.059217440192592924,-30582.113650253392,1,82
1.061135083441052,1.1012469232994235,7.956607123676388,0.8426604309922361,92.57392658705403,0.03900767439979311,0.15660496284957573,0.01149597228527778,0.05187099382835163,-30483.158825404724,1,83
1.1036824781182246,1.1754423417505322,11.133354874649045,0.6539672669338653,92.42928433873426,0.029769813717293873,0.11208131370360794,0.07121289677039644,0.09541375556744634,-30485.45063808483,1,84
1.0512742851419272,1.0670542106065972,6.408854282085073,0.7369704547231942,94.0808527059591,0.0379672794951195,0.10457418832429702,0.0038394071129716593,0.06666497826111772,-30625.6607034986,1,85
1.0997430908227663,1.1250122920976269,7.510701984630487,0.7861338421780407,94.3300174074212,0.06010136786471851,0.1420412822365514,0.061698309186555327,0.07127122898799618,-30538.63859181014,1,86
1.0737528717243403,1.12802122948519,6.370954763516341,0.7999539998765199,92.18689100049943,0.03580812389524985,0.13202551933071768,0.015499315445352399,0.04795830362725944,-30512.966680604222,1,87
1.0572498177564804,1.125473774582765,7.018834824932783,0.8325051899810662,92.94957240058358,0.035541135308584236,0.1239828552227561,0.05999368219411395,0.07666516540702327,-30531.750163914032,1,88
1.0626423239119698,1.084748891902622,8.777573342790985,0.7046344298978442,92.01918838523184,0.06828457556731347,0.13622570038673365,0.0607300865273458,0.08186558004134384,-30474.93369757458,1,89
1.0739723005844888,1.1237748335398445,10.442316661179566,0.7139155561425735,92.0980452528098,0.046534935412659004,0.1911226797332761,0.12832524913100113,0.08137521539450523,-30499.27984118407,1,90
1.061191154909899,1.115188995626296,7.987110773265761,0.7523451162618409,93.14839137358285,0.02891663802155977,0.08737407491336074,0.21545570702255454,0.0779911633103041,-30542.302686386123,1,91
1.0733294205475372,1.1568294178489558,6.873465864259252,0.7216113807621489,93.50597284705451,0.04374250063852767,0.13665882491633177,0.06082666700136743,0.05325836077752391,-30553.0077315164,1,92
1.047729739839727,1.0688593624155327,8.01826128357026,0.8199991882440553,92.23783425014838,0.034200039082209116,0.12823179961541542,0.07770808607831248,0.1013028234011934,-30448.208880529717,1,93
1.065092996101338,1.1423610698168662,7.642002489899001,0.7276908894213635,92.3341885336843,0.03726829059958599,0.10660410865750782,0.10606356245481494,0.07865282133783429,-30413.9091437365,1,94
1.1029359845344706,1.1903896103446951,7.8924412992490875,0.7572495881604062,92.77659855386358,0.03218883998163947,0.0883618499257055,0.0029875345287224526,0.05455035365275852,-30534.51841183041,1,95
1.0655299312088131,1.1079470348377312,7.81189777574527,0.7697378594366238,92.58722742444073,0.02546504518028217,0.12593676557951675,0.029573375457565037,0.04793132811064831,-30651.440173979383,1,96
1.0755662356994173,1.0929151630793792,9.405946437479821,0.7470254057141201,93.56733813891321,0.047119805647939536,0.0867758052508267,0.019758948650624365,0.10710839566667887,-30545.54526900974,1,97
1.100520414219548,1.1410332444071796,7.412576072782674,0.9157643722232436,92.39115399421148,0.04113847190408124,0.2272974413952524,0.05529167967066966,0.07077885758594578,-30438.107875433332,1,98
1.0574533980502738,1.0914271152858908,7.217096188937538,0.7212211089611028,93.8318340508271,0.04903950198027169,0.1109780007630761,0.19621234910733595,0.04584893830037123,-30569.63356338355,1,99
1.0712661010112183,1.1628125380243257,7.6986646943068875,0.74408185112419,94.2336381450722,0.049582779807958555,0.1258463736803487,0.05652620514006977,0.06057630329770665,-30592.845576594274,1,100
1.0730330507407484,1.1397095261117192,9.520435453946016,0.7970483182965428,92.67488001453096,0.035810389644306405,0.12340088898372932,0.06253011162629334,0.07417451912135578,-30608.326867977677,1,101
1.0706973146117464,1.1272036598099504,9.100815690072523,0.7448485841778286,92.66889142359463,0.04010589381176545,0.08864828032966593,0.07398869143513992,0.060930712496665713,-30549.931765442296,1,102
1.0690297061451985,1.1436345110293733,8.085498732833274,0.8077411666688348,92.37102878319794,0.0473810033687741,0.07756392220069591,0.08882486873352052,0.10833914416314053,-30526.41568926919,1,103
1.0876495088442626,1.1397064061718487,7.633044347676224,0.7045618611354187,93.7488947332433,0.046052608630145916,0.13102063914795176,0.13481769906445915,0.09023963535838032,-30616.714683612463,1,104
1.0561829757202112,1.1299165696935225,6.223671672352462,0.8139181368417323,91.59667714216444,0.04233392114387779,0.10381954271484937,0.0019445437955772707,0.07903087094897655,-30532.936113786705,1,105
1.087802082527055,1.1399304606009937,8.821163581831081,0.7906997423227401,93.08020037744326,0.0334250940502038,0.13093463312622663,0.007261578543137944,0.059066814673254524,-30629.464571856424,1,106
1.058828628049202,1.1103741091214057,7.089846883253875,0.7589892992046522,91.60406113908185,0.04627777889134748,0.16659792908812987,0.013148743374479757,0.09134932564768801,-30556.932963732288,1,107
1.0713643423890469,1.0915447976228607,8.403224601675065,0.7304585792111492,93.70374542386938,0.04720751095158933,0.13784935955546215,0.008053134456823749,0.0903164723922022,-30569.19520531727,1,108
1.0887446912256087,1.0545873113300974,7.826100299882121,0.8300354080082701,92.24793391873314,0.03365962423259127,0.09866853512409778,0.03994065878935773,0.10880368596389112,-30513.26787060983,1,109
1.090573636540862,1.1760015152901122,7.944083007640249,0.7840474014924779,91.35369658251055,0.04624995010751389,0.1390603397422571,0.04491123627165138,0.08861025933441632,-30442.92727033391,1,110
1.075580742903172,1.1165738590264795,8.240051673875579,0.60391360549879,93.62234887995295,0.04241541101107081,0.17155179365938297,0.04506880036283206,0.07408675234306451,-30520.47283212746,1,111
1.054545490985707,1.0756497508915255,8.980666133093658,0.7008534773011034,92.84063975146408,0.04721423116143767,0.12684300842693716,0.04132253678508325,0.04886408662026357,-30433.426898618316,1,112
1.1038857164061344,1.196938236775955,7.013990470602343,0.7965305118209962,92.93345839866363,0.041164418193323817,0.11986042397596712,0.030347097996899625,0.06415329572696762,-30448.93912103457,1,113
1.1457499534559752,1.2191575443282379,9.901836086799152,0.7405429368497204,94.68869416754728,0.06149463413220874,0.2828264987145651,0.145527836796373,0.07602815472321793,-30604.682927069898,1,114
1.097094668023837,1.1727624282678248,6.0082075002475035,0.8792450278088324,93.14890870630029,0.03765760034547018,0.19919379066544457,0.0492524590642718,0.0769082237249915,-30492.227230615583,1,115
1.0807400808115584,1.0827387690338262,8.234430697931124,0.752896680437216,92.54458654790456,0.04418356861076173,0.21942385753221313,0.07617138841642355,0.07917780589257283,-30501.482451939457,1,116
1.1178127146015817,1.1552906674049104,7.134321156034036,0.7411761833979099,92.91821349224001,0.03857381375497809,0.1429667005299678,0.05188146074467692,0.06736735615370204,-30523.79761506709,1,117
1.0951470955595204,1.1574343206345736,8.32843525553431,0.6259983873295939,92.0408201442886,0.04634400448245567,0.13054029884757282,0.018002158760377467,0.10857134939265167,-30438.36432390204,1,118
1.1044280182505166,1.140418947254315,12.474436231862581,0.7509060946706079,92.39894437783695,0.054718885100593445,0.12069792101529343,0.4918409135170056,0.17982631320177891,-30417.522588807784,1,119
1.0754238529893494,1.1220748780287089,7.021347401432753,0.7787339949051111,93.00292313364686,0.03510364722251125,0.14023973430635026,1.3014682723071168e-4,0.04816278432600439,-30514.663305190654,1,120
1.0513984438229813,1.0952357752775856,5.3843197773821005,0.8092342268542907,93.93121132555518,0.03821216658094093,0.11139515407190391,0.16405005432890715,0.07296305929247188,-30531.894657241763,1,121
1.0766547804944293,1.1347042252146646,6.8649113118001095,0.7417164729250554,92.3732322592209,0.03730898981448981,0.15163309376045309,0.039974642829024826,0.04315014161591087,-30509.48118994977,1,122
1.0946286707480066,1.1259997343434403,8.900084607484176,0.7958017615030736,91.84365968386284,0.04601393475014042,0.0965126548036746,0.16151435159307873,0.05651882684446978,-30512.364115376808,1,123
1.0664794612235167,1.1240899195966931,6.031593779343169,0.7653656091328804,92.62918936622785,0.0432799941763865,0.11804524425814629,0.1793390919390409,0.0910764151189576,-30626.779559486364,1,124
1.1037455566625864,1.163660139959421,8.58989090636584,0.8208314296877822,94.09036420344036,0.05523057185582868,0.10220550257783698,0.07745455933078875,0.09261646869536629,-30499.838028358696,1,125
1.0635452707600306,1.1405223278028807,6.946632833926768,0.6229239999285204,93.08609732815252,0.04079803474715042,0.15132874034324342,0.14777325523227824,0.039884594441419306,-30580.565285940425,1,126
1.0720006538466254,1.0882462160984376,7.301607001952274,0.7329516046039666,90.46442757233338,0.0325525717728562,0.13807400308773843,0.06788304359914593,0.10351294286706779,-30396.721048570675,1,127
1.1096734486606359,1.1389394626062455,8.411650969727484,0.7638253327366052,93.51566710190195,0.03995030063480434,0.06849352916698499,0.30885129591516824,0.10701834819938877,-30547.047246344446,1,128
1.0808670168372647,1.1312888003408976,9.990352342084876,0.7666827810233854,92.28915361269038,0.03307413843160427,0.1506003919997678,0.05937704714110235,0.08328584405442137,-30585.340570037064,1,129
1.0605752979932053,1.091907573324201,10.194358810888987,0.7353671857777477,93.01453509273239,0.03941962759271094,0.16048957951723877,0.08891775913148509,0.06130614347867951,-30534.20786555469,1,130
1.0850566512530893,1.1571416807447292,6.5245987757783475,0.7742153841661936,92.02845291838686,0.0440609871952636,0.13155952267762028,0.020025352524195423,0.054256760999435806,-30462.83479163534,1,131
1.0818400305464355,1.1471522295284966,7.25061346632189,0.7069059504313125,91.60782402890956,0.039611622219578514,0.22948296083577338,0.10429161805904964,0.04245250987875888,-30601.852489744357,1,132
1.0803442651535142,1.1264381099070235,8.255261815327081,0.7610453261349774,92.19567464777573,0.07128603270226311,0.12512761467860725,0.0400600934866357,0.09446940082101264,-30507.065360476245,1,133
1.0402681593472565,1.0752388751945714,8.022924232908133,0.853072043331621,91.82315949481345,0.05158850319157716,0.15580461936692142,0.05804929718294861,0.0937521378355367,-30494.955463416198,1,134
1.0595869665683446,1.1574211086026585,8.745550593727888,0.7128878364657297,92.10348927883051,0.045068294772883134,0.0792690663346006,0.05698481933531139,0.09370746957946192,-30615.188822186516,1,135
1.0806402652914031,1.0878259135888382,10.553563176941449,0.708031762182402,92.65219054545473,0.025089135206746934,0.11342281491441929,0.05672226521766396,0.0814130190033202,-30451.256005227773,1,136
1.0878548607875196,1.11982307171497,8.996841065799886,0.6254676885798247,93.73935249668033,0.03970302333972139,0.12496968952762773,0.049394563320997516,0.08100663860244857,-30620.9095006756,1,137
1.0776012623939286,1.140352956560426,5.531213911028293,0.7562240405346742,93.38843833300395,0.023920444260201124,0.11157275738658029,0.0104271824585163,0.04554895284748675,-30472.50466837012,1,138
1.0952725986900091,1.1399991880280225,6.625564354544005,0.6960451156386257,92.64744147375798,0.033706679063845266,0.11583215328709329,0.1289712853019892,0.04995326171721514,-30540.772164209302,1,139
1.0441898738648585,1.064277853362718,7.65654187957008,0.7591902089969101,91.52645664224877,0.03984360170454746,0.15097381520142597,0.145807007689287,0.1224283576914483,-30573.002622370284,1,140
1.1026620025525866,1.1649531115170855,5.713281907891252,0.8265997216017602,93.09804958161037,0.05469726049110529,0.14088124280175987,0.006701904681757598,0.0629712825246938,-30510.90081034717,1,141
1.0427499680638215,1.0782397507742676,9.248999589127347,0.6524730124111959,92.8003038039406,0.037195193923803514,0.1470576398539778,0.05579066506144074,0.0777649570272695,-30643.007674640343,1,142
1.0872133331907952,1.1987070734311485,5.146209336363883,0.7929548374483987,91.84411393584263,0.04773218476435536,0.12895970925723615,0.11488043542273547,0.06574678047958758,-30503.736628458442,1,143
1.0453675482547953,1.0940686410309415,6.986206902837974,0.7935008372908737,92.3938352685642,0.04364235076775288,0.0811122188066351,0.01861217503362244,0.07295381304834524,-30388.139589092516,1,144
1.0777070531523842,1.1053643935232886,10.590782885977067,0.8021829511441987,93.4475507307547,0.03741888823542885,0.13150271864642582,0.03908664381158199,0.10983750818621643,-30546.1703198729,1,145
1.0954092409262406,1.1629952737303921,8.305797556387146,0.7292351261072875,92.79641512865244,0.05488760898321095,0.1245132450047255,0.15422405735701877,0.09746418908124088,-30420.508549804283,1,146
1.0768799988177449,1.153287856415598,7.0467798527870285,0.7232862368367653,92.73723647061516,0.04105302183994686,0.15336637348396542,0.05850310718204182,0.057477398462150546,-30468.613581357535,1,147
1.1175452145990732,1.188481341918341,6.0011520884204055,0.8754025595483194,93.60386501469863,0.029627189338781425,0.2194332673367267,0.04831675587015155,0.05555689128581492,-30517.30295841894,1,148
1.0838854516675087,1.0948817120433387,6.041500884872784,0.7896084866837905,93.14867754259691,0.04758945727657718,0.18162073056898834,0.06927799273439651,0.04917195463359497,-30528.79412927332,1,149
1.1136069890337577,1.133963204417826,6.673152768959867,0.7981717758957265,92.45943648914498,0.05502387398323721,0.1671197921426995,0.23351077413106477,0.06901840522708177,-30484.722242121105,1,150
1.0633162288635272,1.0599169788829046,11.140517431427762,0.8151507281108129,91.66196328564122,0.04667293995485969,0.08254483203322857,0.05014859529609131,0.09337113634117623,-30603.130121267262,1,151
1.0987479173815133,1.137274926737271,8.289770852500977,0.7576721312201544,92.08280365354973,0.0336599060695171,0.12371891084198908,0.010709658947736995,0.06692653602302703,-30499.241161226997,1,152
1.112969575670329,1.1880228629050906,7.246811514867255,0.8323239867095257,92.64212137431848,0.05105831243082764,0.16858170737378228,0.04703010945109236,0.05872714240240535,-30512.584327214892,1,153
1.0513780230285916,1.1369371617947193,8.974543899816213,0.7589406636862197,92.84281800638043,0.03282295491719423,0.14753133518929362,0.0799403832653503,0.08122744496560413,-30463.536430990967,1,154
1.074333306254989,1.1007028156939584,8.53729836362083,0.7443416067201313,92.96036132380281,0.03470063613598215,0.12895343211680274,0.06692096476266146,0.04425408617456298,-30568.14768389955,1,155
1.0788931138224567,1.1005395550977202,10.347598552495821,0.8031248921947393,94.51766521944856,0.06886660528165592,0.1211016540520424,0.050472176225313935,0.09364608490325066,-30649.23495260483,1,156
1.056840573796627,1.0169945788597228,7.977666397185755,0.7354338884338615,93.21775371476727,0.052595438494609105,0.08824360632741446,0.02901718757971563,0.06987484657163384,-30585.308478646006,1,157
1.1146099501086195,1.1912447682416636,9.091745888536376,0.6375566811145688,92.81791096865022,0.04742952203419677,0.2421977301861791,0.03579626187866609,0.0803373337501705,-30599.870466028202,1,158
1.1001629699977589,1.0873020509703133,9.179198856213565,0.7072713688964294,91.67161104273829,0.05283654875955665,0.19196109467020286,0.07553721741802102,0.07890251529006359,-30426.228800301975,1,159
1.0532501826647742,1.1518338565053348,8.553454655153418,0.7710167763069887,92.25733066632246,0.05580329964440961,0.10256700830060679,0.19256413644382175,0.10282231885703078,-30585.179848021846,1,160
1.0569358221135692,1.1300725508141698,6.922999373632763,0.8538236460562533,92.21291548373938,0.05821452851055104,0.1400399717174933,0.0554754394852499,0.08064482999885547,-30438.87550468539,1,161
1.0433935392333848,1.0888428430654493,8.73042867681172,0.6420099620709769,92.70349719878331,0.04087126755330248,0.0923165568527701,0.05530447239917084,0.068547963051873,-30581.34102414182,1,162
1.0624834776231067,1.045667162576325,8.818157043292524,0.7828625377175041,91.44982350963993,0.04940296771194838,0.09726173925231064,0.16738295822550303,0.08639159636573165,-30527.781066957607,1,163
1.0600492072947951,1.1494022390312377,10.599628438741401,0.738922045104372,93.64711515801098,0.010039073428546635,0.14872636239442494,0.04241144528211432,0.0968915064048209,-30487.607844536324,1,164
1.0643756563352587,1.1001621358284437,8.911026017792079,0.7352015748270146,92.21665604842049,0.059810076698057935,0.0822446189043668,0.01945935503786524,0.10479218901072125,-30582.914667761095,1,165
1.094058968503602,1.110609290224037,7.691740612938494,0.6821544151975236,92.61668706926936,0.04723265635151827,0.09867915790863976,0.024672814547998016,0.06823348392130162,-30610.603554254325,1,166
1.0906765175284,1.1845187924806284,8.634395982957038,0.852922563405408,93.32386628164569,0.0633947877769932,0.18532347090948978,0.051353812138764283,0.07007250136324095,-30485.064761124275,1,167
1.0713567357359135,1.1308038205205861,8.90188657299545,0.6935978167681981,94.31554243716205,0.033329221587251205,0.1829832900089899,0.0533739994663128,0.059286934250147284,-30459.715054163815,1,168
1.0700396372088032,1.1245506028502634,8.435745923200587,0.7490936511522096,93.12834566849376,0.03637972965291849,0.16055039448208017,0.09266786775247195,0.057172792791341014,-30652.789037879505,1,169
1.100225891719591,1.1070795401439886,5.23323159704051,0.6939410440763301,91.63478231892158,0.036854217787436507,0.09520495471157875,0.05922030887413979,0.05449670102356975,-30493.639231886336,1,170
1.1039717688770532,1.1470801600179854,8.071380029591625,0.7280603243664703,92.85931754780752,0.03887212692398526,0.14279468214204596,0.031269352671882855,0.06345555080923945,-30569.815701480627,1,171
1.0417868400475412,1.1065954024200961,9.754525460029583,0.6387038712059478,92.43893396041587,0.0535884182116522,0.11538404066313414,0.07461867196295678,0.10484109973748999,-30509.068287908867,1,172
1.0575665298932604,1.089925378900972,7.064415529553192,0.7689909504439124,92.48193565708125,0.04508320659871083,0.09651337444979591,0.019676433969153515,0.0661365847295194,-30589.55348974348,1,173
1.0955241805836633,1.1189404722886849,8.741241304428899,0.7942782563345503,90.50213892281107,0.04782682749376742,0.17893589710591334,0.09345814236644422,0.06858679844017268,-30469.18444816057,1,174
1.0405323170167131,1.1055475697266366,6.287546399653829,0.7615858610315548,92.50777238760836,0.038874309610816456,0.21965089324818027,0.11289656315422793,0.05184462155127049,-30498.100667516344,1,175
1.0537156839421167,1.0770189026078596,11.551995865505358,0.636922715432939,94.27564108772364,0.0380882577222434,0.20563384880100669,0.0016909604998891104,0.08158309282485902,-30506.351497962976,1,176
1.0885211996149073,1.0865766848657483,7.009802654648738,0.8056444293130426,93.7747087239268,0.054311930087573165,0.17221279432649567,0.06348805621404639,0.08951913535797737,-30551.524860004287,1,177
1.09603618146314,1.0912043247195937,8.172774801224385,0.7973909688936115,92.64898074173755,0.05090454922549108,0.08967258667125864,0.2265922540197023,0.08977878216735859,-30479.844649105078,1,178
1.0791694560242238,1.1225307614980091,7.352688085721883,0.6995764500889653,91.98233925625809,0.05413670640239716,0.14081800990656185,0.18680034483447278,0.09830303768815139,-30519.250010458312,1,179
1.0749626027467467,1.072544075354913,7.807658301086342,0.6982487028405996,92.49192031961496,0.05150580767580503,0.10526205912946503,0.06495503598062953,0.07112304822303608,-30567.976019492282,1,180
1.0468234324429326,1.0800052382296808,9.592794440953913,0.8249651700146372,93.59749783743156,0.03929347682726435,0.23478519300396244,0.10185818618076396,0.0653031510334668,-30552.021523663087,1,181
1.070852612479808,1.0865786243024718,6.956236556258822,0.864421843384007,92.78081325107047,0.05653774318809833,0.06720940876588789,0.001609412852185521,0.07896896940929266,-30552.353913157353,1,182
1.0486361596044864,1.1088541230563338,10.499035201888063,0.7085972117245724,92.30427503480979,0.03766006155695396,0.17634856259758838,0.09145153677346804,0.09025529169690712,-30431.69529732442,1,183
1.0824026529564805,1.0919634177587818,9.203828043270617,0.8106701844782503,94.21651140176608,0.04233617085772589,0.09946801473531708,0.05779562153200662,0.08249042086650446,-30445.032519332508,1,184
1.0654383780062782,1.1404618250464487,6.982103785835268,0.7516525870356383,91.40484284223506,0.04587414046079964,0.08312551274424367,0.033387129609684825,0.05359949327394339,-30549.67054291635,1,185
1.0671912831040697,1.107306026999742,8.623486096672858,0.7197844562326271,92.91507379898032,0.03359086724900345,0.1356887808664484,0.04419649390085239,0.04546572675298299,-30588.282975957954,1,186
1.073975507896185,1.0892120267516892,10.252857594203595,0.7426239253708288,92.6457901634818,0.040999647903467114,0.12972267145428967,0.07726751009155562,0.10396557218922692,-30585.21671604126,1,187
1.0632914806288123,1.10602752257497,7.508662062460049,0.9214886313235967,92.05524424998632,0.053329991086001255,0.14419079100413118,0.1096333866943468,0.0705896667347963,-30509.16143234665,1,188
1.0597695365890718,1.13939909494872,8.879596091970704,0.7351089568652805,91.9140829743279,0.05474520673956014,0.12652490433958133,0.13037589734512717,0.10216548681369693,-30495.018274989914,1,189
1.083812237002625,1.1246852965358594,8.071042495133176,0.8294238045673977,94.43402768856556,0.04819266889932251,0.20116638048709468,0.08800763019726503,0.07499270368503987,-30505.754560359343,1,190
1.0602233180124494,1.1065092962429022,9.440004910679193,0.755390561102504,93.09571934596356,0.03862325921530582,0.06499534200541532,0.045669854586492385,0.09548644391262634,-30641.047086978197,1,191
1.0815571202495657,1.0900705682453256,9.031923090739824,0.7597025686178598,92.50555490584071,0.04431047037313185,0.07957791835494189,0.009557084655564832,0.05717485938587015,-30548.227480290374,1,192
1.064949993848606,1.142207388437446,6.682149189262673,0.822149290378376,93.30245956193491,0.04028078542541639,0.11267994247889528,0.018759692649885872,0.06267485554463108,-30503.81337647488,1,193
1.0811563946458402,1.1102896967554405,7.168984101974636,0.7247631196214981,93.0563818898231,0.054607307240060854,0.136998575927238,0.0012408550804321353,0.07835203975380037,-30574.86337553038,1,194
1.0686366659957187,1.1493860812708239,6.6574808933163245,0.7451417532255173,92.40371955856303,0.03293092694851448,0.09655332895804371,0.054939313791140275,0.04709762583284237,-30440.36466892917,1,195
1.0870212153573304,1.1495720014546336,10.300610894918988,0.7175265332339605,93.68014079146508,0.03673587691936763,0.13126864138376965,0.0459441863770071,0.07328262093884591,-30489.852982135777,1,196
1.0646971998192507,1.118147319454141,7.399902755903735,0.7457829014005412,93.95173630108248,0.0528669756891669,0.10724287798689593,0.057462525099202764,0.07399426301980844,-30477.757041277287,1,197
1.0995463497284623,1.1061102433048888,8.316984574253981,0.7233486089695665,92.07752855933872,0.04769225468668277,0.1546895684646781,0.025466099811167788,0.08149199084642371,-30555.524446245432,1,198
1.0542864598015218,1.1123872518590305,8.78363408922664,0.7770789858944632,92.35216045982337,0.041521218436311326,0.09281431218488445,0.013778356239431532,0.08266022207167353,-30570.048079340148,1,199
1.1316924344871875,1.2087445139115216,8.940244064324155,0.6986332022166983,93.11722985705299,0.06386994102149685,0.13880891348286528,0.21274434723474417,0.09282613503028891,-30444.820460530776,1,200
1.0538924910649863,1.1195305707606504,8.059785756292488,0.7947946675702534,92.97837036570613,0.05122201114879853,0.08043030309601656,0.06141463469863713,0.11595011803245514,-30502.91036441861,1,201
1.0561709297553068,1.0560987337676304,8.791488371555042,0.7683641530225302,93.86163655668334,0.047397388340199846,0.22094759029763936,0.02500954151719365,0.059396348983697986,-30472.619962588484,1,202
1.0678194145825948,1.13177517065357,9.389340842469354,0.6690116623272593,91.32660199838845,0.04775438854907941,0.13361542355185602,0.10175324561487854,0.05106106173848448,-30451.72764029943,1,203
1.0331369662092982,1.1010169922301136,8.385599573382962,0.8118658398907714,93.11165604906161,0.05540733106272141,0.12135501735178028,0.1326310714646404,0.061132758179238744,-30605.765493345156,1,204
1.05858140912714,1.1117036282852029,8.70718378942765,0.7492035111710755,94.03816617298193,0.03978548240538537,0.15171968052978432,0.09997613499970119,0.04424943627266995,-30536.866130189977,1,205
1.0932055261121054,1.118584210634442,10.31879851070611,0.6763987099412239,92.8625177576296,0.056795495615953956,0.08624874326202515,0.12279975510599894,0.05545923575065747,-30480.55262264357,1,206
1.0430695002394808,1.0588621879867002,8.054344884370087,0.8937598612641161,93.59060854468213,0.05390381438070836,0.10591741242239708,0.0154721151051896,0.06341398521850099,-30545.15065026796,1,207
1.0645070563765935,1.0629476177363604,8.643258186252366,0.8577348142090351,92.87893293298524,0.033197632131515366,0.10813032519566461,0.07471911649201184,0.07729023179605901,-30611.622065750307,1,208
1.1439113107433698,1.1529994803836536,7.112364283639199,0.6386000943291048,92.5805321071523,0.07204453134141357,0.11973921766607196,0.07818492202107914,0.09551455128602782,-30588.30718204878,1,209
1.0976494149795573,1.1446727824738896,9.92852098639634,0.7554601363554988,93.60965387274467,0.04207320829718472,0.07993336978365902,0.3328201799948138,0.10746577918368082,-30495.045184682243,1,210
1.0850917927404315,1.1130426721497906,7.318847406772299,0.8393672347828667,92.56228568035787,0.03672516413365113,0.09932537364421838,0.07846874463452466,0.07222881841650874,-30468.048871033374,1,211
1.0468034420734094,1.1011715571626595,6.305315407752434,0.6717423975977214,92.90629404377431,0.02913447233508603,0.18647289497179673,0.049827588263555565,0.034561487519193974,-30628.19942877968,1,212
1.1159801980956625,1.1142398222071608,11.089436568632726,0.6597370357105926,94.85634062093978,0.05042911368195359,0.09151958614291472,0.008852700335713993,0.07199987592976978,-30564.107690014313,1,213
1.0729742560641513,1.1045905711907007,8.6475314670702,0.7471634666563679,92.51537952047538,0.07047289328911067,0.0850221582153544,0.048622513689908164,0.10740900486680793,-30590.128414256713,1,214
1.0695314161391893,1.101738498658532,7.185058905336334,0.7552406259496282,92.78910150419182,0.053514317607824505,0.13126198350112125,0.29229471681185837,0.07822278224119054,-30518.52095261994,1,215
1.0829759987622305,1.0971296219963123,7.978413049355053,0.739757102008267,94.61383976077038,0.038449663962632025,0.1061373246523551,0.08334797033571657,0.05507548404508676,-30579.63427369157,1,216
1.0908491978664128,1.1300770538960152,8.980039755870763,0.6826318446839865,93.05537331131056,0.05062162017257042,0.18710806513580244,0.054797520980025556,0.08713864160179799,-30494.16729043837,1,217
1.0581964222536815,1.105492556138522,7.681681995492993,0.8091154320580417,94.0745418255127,0.03496845772782904,0.22929788583795072,0.15900067197124312,0.06414629457437374,-30550.74819532115,1,218
1.080773097600749,1.117060222691871,8.2033555674431,0.7997733029344102,92.49300404763942,0.051906855317194835,0.21573154036969092,7.00447154070548e-4,0.08280992551438043,-30503.80667885244,1,219
1.0611455332462465,1.1298796669274054,5.865389819213611,0.8462630686769589,91.98653106316567,0.061128631484471965,0.1260296749954855,0.006808604287284922,0.060826400099851075,-30484.79188500326,1,220
1.04495223737789,1.125736569678257,5.790441903017858,0.7284833451304458,91.04773231147992,0.05046523289783646,0.18460961544002816,0.11583281001694508,0.02685307322594912,-30498.07219670633,1,221
1.076817191302805,1.1355394237144216,4.605924736582024,0.837400075307733,94.38351149815077,0.038198613267920456,0.26599115770734477,0.03474051567666594,0.06852807465344096,-30463.96488004294,1,222
1.0994835818270763,1.147008995375596,5.719240203861988,0.8757455909381319,94.31393403757104,0.04542762643982669,0.11519755506156212,0.07152247429096119,0.06894294202920058,-30489.495991425083,1,223
1.104011399461839,1.132327145006818,8.369232150963185,0.8118832202940467,91.74235860620425,0.06756463881351692,0.18497122042077435,0.025987789677631747,0.10168317954101852,-30501.70816210151,1,224
1.0810722281686522,1.1257999007633377,8.704325132800433,0.8041468174306431,92.88290600809468,0.057101827213879096,0.12533632882199586,0.17065870388649065,0.07183983443975986,-30567.593042221877,1,225
1.0456832092922748,1.12438212721466,6.976979739376085,0.7671491209813509,91.5338667383269,0.04039912666513417,0.16467050296045613,0.03204987943889927,0.08202138799211921,-30535.43426875286,1,226
1.0815820515672625,1.1160685661641132,10.305338997940387,0.8437499855239732,92.36239715493672,0.06064618842111994,0.08358907138044597,0.44421723680757086,0.1429965532725503,-30562.758103427506,1,227
1.0774868579914345,1.12369594490866,9.23848762252138,0.7178990125767485,93.50752419615421,0.0569922373820084,0.14637266358042034,0.01656620203327606,0.08065462990886584,-30458.977356801384,1,228
1.0776532687829752,1.1334587428951295,7.842668232860906,0.7460385163451493,93.75807229696375,0.02693033728450587,0.09584499213357496,0.021078099564645826,0.045069235321225753,-30531.155513791484,1,229
1.0789078764659672,1.0625488880602039,8.844877142488583,0.7823976849284204,92.31761664801705,0.05517238309250531,0.13397423997406493,0.014037286279444228,0.08630521655276677,-30439.589811691003,1,230
1.091775497094382,1.1239629227695362,9.059351166220345,0.6209646112580849,93.03664437404566,0.04938114464271483,0.16433869721941533,0.039874564115294324,0.053166233953957316,-30533.500006819322,1,231
1.1013012849376225,1.1741488310189685,9.423269580763163,0.7906728175410379,92.07516254590563,0.03631532826928049,0.18210392013028365,0.03120104284572331,0.06515796942723398,-30637.81836864627,1,232
1.0697937441579348,1.124332255214051,7.709973945519172,0.7004612689232701,93.7661120728374,0.033390138618231036,0.1225305106112743,0.14130827330029855,0.06955567636089222,-30544.017669810724,1,233
1.0713478126487619,1.0988449352041125,8.221040417550812,0.6898596921406888,93.62070473551343,0.042927097508127815,0.15521229176820148,0.0077189314236906625,0.07202220837949837,-30503.98539857947,1,234
1.0853734944745883,1.1024646496200425,7.060457590755944,0.7606305080662107,92.46913675901513,0.05192524861074708,0.09640936115321128,0.16240628937539314,0.052533646793126436,-30571.061909284304,1,235
1.0770736048940437,1.1249812895359115,7.684458088223847,0.8859175112126368,92.99237810849304,0.05880993271035459,0.1332736918104776,0.4235769682281004,0.08261540752863865,-30561.733278934178,1,236
1.0870479750034039,1.1624939362698774,9.754814890002159,0.6627501962634699,92.25657614178063,0.02089763859540926,0.16819017213895776,0.05036341858264125,0.036521079550987025,-30489.57841795472,1,237
1.0910589095892884,1.1418904787129929,6.386335332375142,0.769992774272462,94.67932798684176,0.027163599091720773,0.09862623833232544,0.015057542548926101,0.04126969749316626,-30588.71580275077,1,238
1.1074548508661057,1.2063471951985214,5.874938052263121,0.8012154081057244,92.98246718577401,0.027743695096041656,0.1961918877287695,0.17097013009077283,0.07282590026976822,-30461.900039152308,1,239
1.0518985623329051,1.0565310250284883,8.055950468468238,0.7756050289669348,92.56214728032073,0.04798829554789565,0.24056137939032307,0.03982144041113425,0.08491147451825264,-30455.667978824313,1,240
1.0346799858982894,1.0457026598347865,6.282610208610332,0.8263807470508662,92.8802325514203,0.062133846275181995,0.08370126540388774,0.021250717379930163,0.12465703978268584,-30513.9136505361,1,241
1.0675476138746987,1.113902890629917,7.4313875408558845,0.8177566071753127,92.48725890297634,0.034604609851493794,0.1893912149449093,0.1486217484008174,0.0386665150572213,-30504.305256395553,1,242
1.0733208823542544,1.1298105272812529,9.061562098579016,0.7095077467281918,91.63202009873362,0.05514180626746234,0.1528540792626178,0.09924384219770462,0.07069782697853212,-30473.54727464241,1,243
1.067719637524899,1.109061394012331,9.133216277689474,0.6804859745011141,93.19213301328921,0.048125325328876915,0.09749181846735533,0.00789339794353896,0.08580893441626862,-30581.594422709204,1,244
1.0865262921605638,1.1513094871160596,11.824685291952852,0.7749287916291309,93.24292756979119,0.06391713855332136,0.18718263557995365,0.08402183114044706,0.08752634372967796,-30457.50787276959,1,245
1.0893758245699514,1.1242599231281865,7.348101888764677,0.7841925592074839,92.34218940300386,0.04396242976089519,0.12388640293778662,0.009297054601289692,0.10438710968889087,-30440.14093993843,1,246
1.0463415905407385,1.1160317923853933,9.658575850725438,0.8346017334870518,92.44544030489804,0.04256620974980614,0.17276407850461387,0.022194431629971215,0.11697927270899965,-30607.69211726089,1,247
1.0804435446830343,1.1892552142205646,10.443986846346325,0.7684983637518634,94.09938288503255,0.04225647007064991,0.1478257811130904,0.031042169760302676,0.09353059183701093,-30542.939479221288,1,248
1.0696533648488928,1.0848850936318755,7.277009198995806,0.7459358675293514,91.39686301718201,0.05305349141093655,0.2899233632681087,0.03036200092102332,0.04366718718064142,-30585.94384094817,1,249
1.1145729031856133,1.1861892826599931,7.4291701302439686,0.7600233707331424,92.27118835876621,0.056714024610421736,0.08331365781478055,0.11034434660525197,0.0804622735045045,-30590.860991555888,1,250
1.0972896138931012,1.2182805722264385,7.6656180771290625,0.7226667354881217,93.2036812759827,0.0598898698514848,0.14146508698135946,0.1311254954764811,0.10447112033028526,-30571.141775225766,1,251
1.083003450161007,1.1024625331156117,7.869875017999512,0.7311932463220315,92.77205603016237,0.04847661034663297,0.18867423036996034,0.040056070551913306,0.04832489883386097,-30530.871426373353,1,252
1.0657986943507507,1.1518206289868993,9.504509200020888,0.6172002192171556,93.293582326849,0.051835844815563054,0.1728716718519263,0.038926718459843274,0.07241191115042221,-30548.86113895987,1,253
1.1070456667575919,1.1334116599966249,9.811916300113527,0.8290068162874312,92.02838950349353,0.0468296649778236,0.15701182819855336,0.16187748310641792,0.04955657004995192,-30577.907443502572,1,254
1.0379972498885373,1.1044930643195812,7.958665872826368,0.7760112765588847,92.36402412534488,0.034478446967589844,0.15856917262398612,0.151199432501107,0.06984764996720713,-30488.773443384864,1,255
1.0516832616950869,1.0794073235581516,6.367686975873972,0.7374974707734113,92.16636253069846,0.05074697196780643,0.09355861595763312,0.1096596905489048,0.07767216235164992,-30580.342743995225,1,256
1.0690551043346674,1.1397065775126407,10.848938808100588,0.8082784959628068,92.83407353130929,0.05627983695105345,0.08353788915861789,0.1058024239656742,0.1278555118669365,-30440.468046393788,1,257
1.0996142992426587,1.1338534033405003,7.636404368781782,0.8194215927872165,93.96472781823047,0.050420222974453095,0.1632268214424636,0.031036729900764226,0.09076016982597188,-30551.169965345664,1,258
1.067821930653625,1.0708817906701802,8.427750264080013,0.7203346388725538,92.48959211013604,0.03764691855885317,0.14721664136741652,0.02867015083211746,0.06437357915073104,-30476.436290454836,1,259
1.0627848100039423,1.1963120022984013,8.390158210126117,0.7318567498582372,93.04467616118384,0.03499739104582725,0.18225442843805298,0.006275658989376269,0.07471519215096044,-30529.702718333225,1,260
1.1134112304699926,1.15797274797286,7.672485164141672,0.8168484242900901,93.8726729898677,0.06347130604945389,0.16207192916951227,0.09826677027330652,0.06609669708483468,-30492.156603189313,1,261
1.0814178466174387,1.1594007277204148,9.759913091643666,0.7951465861446019,91.32476180807922,0.042136495448170545,0.15770570009599685,0.05182116425004948,0.08722740101851932,-30526.146929772047,1,262
1.023325024997892,1.0751391540563648,8.112378240467264,0.7769747107579099,91.70180379523136,0.044188406558716434,0.09851096242137831,0.007337641969406919,0.07524850405165265,-30444.95680930201,1,263
1.063429318969478,1.11715986810109,6.149944926232061,0.7744168843338838,92.50978021900482,0.031879695266910396,0.14564828989456646,0.017964645367692298,0.05199175282151915,-30669.883537012556,1,264
1.1012937391202802,1.195944203570268,8.862388748286342,0.8686588152325093,94.16664071705203,0.023751600850303846,0.21218855892711375,6.101413972895829e-4,0.07907192240181202,-30597.4296114461,1,265
1.060752686817845,1.1032825867098937,9.372539600854696,0.7143390411951912,91.588466592027,0.029622056769821912,0.16222388001636767,0.025486383311724536,0.06677334349001213,-30492.783492540057,1,266
1.0772245697367857,1.146748787531895,10.957798295872793,0.7218451815426408,92.11495388049393,0.04646895825380069,0.21380939504926985,0.019772073074925706,0.09412759596467644,-30463.60081328297,1,267
1.068681032365173,1.1323395990894365,8.952597252283505,0.800142136571021,92.58376339372853,0.05699019766995072,0.1420718632649788,0.12717743892768738,0.09633128058711839,-30579.527418846203,1,268
1.1064358701165047,1.1760155376007304,7.944573526058838,0.8152157730235524,91.49710266908909,0.04747694031892288,0.12402413953726883,0.06534261958738154,0.10632370305745552,-30515.810799475166,1,269
1.066327499770858,1.0864846353500786,9.199910913786324,0.6226508984994903,93.14717736181515,0.016189749153181932,0.1882690625701118,0.09877571359677506,0.01870154090594152,-30406.907233577414,1,270
1.0469446673231149,1.1390045015583112,6.57936979899902,0.7439156200098633,93.78261677439511,0.05523813694142176,0.07584844326863972,0.07174897554275707,0.0845267293877542,-30659.809539675105,1,271
1.0986013806093826,1.1418345964507493,7.498267983786403,0.7203541213118334,92.80392947833235,0.048456172200815016,0.12282241109586067,0.0396462330648914,0.05268660366895585,-30510.89950747555,1,272
1.0671994577576192,1.157758100464304,10.728936160385155,0.7735202068067825,92.93080950400805,0.03248167727068927,0.19404826632337063,0.010044987097297507,0.10317986443061941,-30614.666983126597,1,273
1.0732951368771222,1.1070170892671998,6.298530019982801,0.8788134844088021,94.16067047326968,0.0388481253330467,0.07964057823838583,0.0640068971240966,0.10936464089850026,-30526.09289604289,1,274
1.0741344335425633,1.133141998215895,8.430018651779639,0.7665418316148818,92.15848327746713,0.032518043450540005,0.107916576569938,0.04269510278341557,0.07116181949642417,-30599.788375656834,1,275
1.0880780275059245,1.115071790228938,10.094895092506553,0.8655589497968926,94.42536019759503,0.059341183049380984,0.10929789684784541,0.1418130319430332,0.09598815276509018,-30605.129689984748,1,276
1.0496307777903922,1.1063943865505221,8.136505368116799,0.6788672297499256,91.45427111976711,0.05326347806455646,0.1642305651224852,0.1560083412687021,0.04027375525569949,-30521.381738800686,1,277
1.0358401984250336,1.0531558067045588,7.70731770515283,0.8222005666131834,93.15847183677893,0.036398587028212526,0.08056912175161837,0.16802519275614985,0.08926533085839956,-30570.80759109895,1,278
1.0849858668615424,1.1447292988848095,9.388288755211061,0.7531694997181068,92.95317603527258,0.06440593541582332,0.10945143482276518,0.034085614486517285,0.12154315711939467,-30586.776718701563,1,279
1.0522992591920486,1.0817411373080843,5.7192167497183855,0.6515162517685202,94.48291707061988,0.02712824474391894,0.07663199536009209,0.1555984872524519,0.05321378799097221,-30526.468602402147,1,280
1.072337901666362,1.1070827978926052,7.4250636974632345,0.7354286448173711,91.93346317239462,0.03325390253398516,0.21000109000075878,0.05083037595093954,0.07640320196860795,-30589.564073599806,1,281
1.037177660185595,1.092708595205655,6.908288603486513,0.8046600242632309,95.39172137357279,0.07492063391439391,0.20540883844484087,0.055980825282380554,0.07512067221762876,-30592.532426720954,1,282
1.0719682739891447,1.081494972873813,9.61856480151332,0.7837400465584019,92.56441105416714,0.051061778588805985,0.135381092204702,0.0073061210790304676,0.1009293928231741,-30529.965605636426,1,283
1.0765728146920335,1.1090438223647077,7.357947416461618,0.8736725219528124,93.749417057554,0.05694638149605315,0.21292141552202867,0.11324495660144474,0.11895037234979737,-30531.74299796726,1,284
1.0591598940624323,1.0574868407044287,9.435128644522825,0.8438636011097524,92.40614223787165,0.0365941660611548,0.12901406546809394,0.001957936389803555,0.11120545136250712,-30560.646530536545,1,285
1.054022630447104,1.128995246128367,8.829529977814722,0.7487845355256681,92.50823867060996,0.05071811573243238,0.07109967592936467,0.014246086687858293,0.10088609094447176,-30566.206227864946,1,286
1.1056519622865095,1.1653226836547839,4.955574078564051,0.699108754686992,92.4160817190592,0.051423468971174946,0.2872216726652184,0.13919487820413665,0.05277885058447243,-30603.97694693721,1,287
1.0687111814022394,1.1477336134936948,7.574290842569118,0.8767000644981964,91.93302227609279,0.05947269312705895,0.10263950846299198,0.09936575325866885,0.07449928298988542,-30590.586080631092,1,288
1.0882907829448516,1.1319825494777567,10.657340023820625,0.7792358559696363,91.95484794371448,0.037435119879578656,0.15681572365056287,0.040602629592706475,0.12528850487990725,-30520.03719220349,1,289
1.0543735992195535,1.1400274420267344,11.403304057158211,0.7912417277308439,92.15972957262048,0.04122451402843219,0.20235254148645332,0.13428935040316453,0.10722163192342533,-30447.554751825417,1,290
1.0810326818973883,1.189056304494465,7.980418788760831,0.6896566435455365,94.02342358429208,0.030026003708577043,0.13239008825014462,0.06266382998433388,0.08454649471731875,-30476.24231741509,1,291
1.0736477228071293,1.1288898663445002,7.7477361079120115,0.714609128587653,91.03716969476223,0.02958209827135061,0.09214551355381388,0.032536345123158804,0.0509211194956355,-30567.802152546385,1,292
1.0880726935528622,1.1203052537049796,6.682933121958613,0.779046390484174,93.30229318563647,0.045189565686743115,0.117401455065579,0.039480724668222174,0.055633470792192434,-30558.24464389529,1,293
1.0516461200754847,1.0496081365020027,8.653773629102723,0.7591956683005004,92.793105976278,0.043625318456477595,0.17784909009276337,0.02915441135840742,0.10333502151866598,-30568.948201472325,1,294
1.0504186352744889,1.1060543456495329,8.763883472979353,0.7766357235121935,92.6539037526694,0.07193696486613949,0.08646632274506444,0.09789181499309235,0.11938938842251955,-30549.796877590186,1,295
1.0498408966162414,1.0903660533306547,8.795837325683385,0.780044791074881,94.69373654293535,0.06702728250806658,0.13119000198561317,0.17109173707540476,0.06654002655664666,-30532.276236465266,1,296
1.0818088581063434,1.135151843440601,6.8151691360536635,0.8029260897389596,92.91908498923614,0.03459795735803589,0.11721706803845502,0.0936820903516678,0.06375967910502038,-30541.627575003167,1,297
1.048501713144705,1.075540003535917,6.384196056195519,0.8803704549574652,91.6436409854142,0.05191894861315962,0.11498099954115226,0.024205110472569923,0.064848834851905,-30591.42547364606,1,298
1.0465057314108646,1.1450541718810618,8.328387258272633,0.7084996709251498,93.6076588543709,0.045856876184093974,0.1763470550106224,0.1119478584313103,0.059747035173707067,-30624.905378759202,1,299
1.095815182216602,1.1276955881160353,7.650972364253973,0.737928832633255,94.985967486758,0.0508447801807164,0.13448861165644663,0.005416029197202196,0.07272614975876147,-30602.6612972654,1,300
1.0823180378318558,1.1505120028531879,8.52317428908531,0.6707774351180692,92.6869754067618,0.053116930503304884,0.19479133686033465,0.08554580028923242,0.08953000589776182,-30492.16404832199,1,301
1.0978205477134695,1.1568443853457888,7.25191228720632,0.7298490592790453,93.57202969479424,0.04836708815126472,0.15048063176074145,0.023359417660179238,0.06053608002981779,-30489.272404835174,1,302
1.1095065012997545,1.091625843424144,7.4670139510214195,0.7429544418834858,92.83899969944645,0.0658815566245286,0.07300315883016255,0.07241067315319918,0.09025473040257474,-30549.637233027923,1,303
1.099897588039641,1.2358860137891694,7.471400329265384,0.6619170539950185,93.78730851072788,0.030493766061580038,0.08724601479435067,0.04007509913723051,0.09705868557846425,-30607.682132341513,1,304
1.0962591392997068,1.1521762931270303,8.508168711280227,0.7759976049869506,93.20199813237238,0.05647786388961667,0.14793450529860355,0.3929789094782128,0.05717798316739833,-30374.89512655266,1,305
1.1089503085904624,1.1225006575818002,7.368926076775006,0.8098345571508568,93.43693535696602,0.04704998264759014,0.18400990689174473,0.2103389479288201,0.052295724905756215,-30591.564934965558,1,306
1.0623071976335454,1.0695705027773157,9.096399011449629,0.72783350228445,93.08265937190083,0.025271394306778914,0.11914546708094305,0.013862875781322616,0.06942561701789456,-30642.897004786642,1,307
1.0848639387011558,1.1585615841904198,9.315251299813971,0.8342197489836474,92.10819241170047,0.0352416001778205,0.08600065241285301,0.008061058831991095,0.09905630284214101,-30537.698331825388,1,308
1.0795352784079568,1.1364016484123227,6.857400116219616,0.7306026107766399,92.38425778976766,0.052126171338704945,0.10522975464916201,0.018067367105802735,0.10398909460394322,-30566.2217209855,1,309
1.072311760377993,1.1124693446837932,8.585860315645268,0.8466772934412173,91.1918810939037,0.03951795885565666,0.12069265867330517,0.05301643881436988,0.09386276604513506,-30492.92652361223,1,310
1.059748996557801,1.068181171679372,8.441905899348969,0.7759109908900489,92.82103559597425,0.038268483675027214,0.11897700638840235,0.005186369763720748,0.08928575593836134,-30540.30947913721,1,311
1.0992367564302952,1.1321312231440182,8.091956072484686,0.6849552760542267,93.81292520615666,0.047751957781587355,0.1215440945928959,0.0430246276511422,0.08051339515580884,-30522.23306981978,1,312
1.0696879195314186,1.1692791839342052,8.005757929947915,0.7149558839418928,92.90344597934808,0.04903889742081723,0.13531609133515282,0.01591380398379197,0.06736213781064548,-30592.263042335,1,313
1.0906279154755265,1.1882556157387423,7.945551260244039,0.8666970717512058,92.5810042780526,0.05363473278280596,0.09275845201887502,0.03999071900032626,0.09052340029250402,-30523.151683988905,1,314
1.058135712443807,1.1018905831392538,9.44397295830688,0.7800744268865805,92.88937019731948,0.05747823404005799,0.24615543293956738,0.17972349794971257,0.03763678471516436,-30454.317337480003,1,315
1.0709394079561283,1.1142199113102897,8.677413804938011,0.8356719212528091,92.95384861810686,0.033028382459065496,0.24481504040155533,0.048652018678651196,0.06873845918979096,-30489.446657181674,1,316
1.0835720541683926,1.136265580725243,9.548203277223442,0.7986081368998886,92.25930030224647,0.04165381514131567,0.13149546144132607,0.03246232008587582,0.0728753747245982,-30577.02893040941,1,317
1.1004900508297175,1.1709319218291618,6.77408053981474,0.792055625133118,93.78699088224178,0.035192336425061276,0.17524211033576703,0.07452011690326941,0.03875864391486826,-30472.74406590885,1,318
1.0494316947188147,1.0525723771631768,8.847995371889592,0.748761254394037,92.38235692814055,0.043188175877869876,0.08735159490842105,0.12868441227489633,0.057725200397012545,-30505.281994664514,1,319
1.0198661255405104,1.1344853981806216,6.272816139004104,0.8044123127369747,93.81740606208284,0.042978031923600474,0.1415236868927575,0.06584354959293394,0.0692701599988406,-30515.316987317357,1,320
1.0571897459451534,1.0925359498324951,8.855213712281554,0.7529008047676812,92.97417404664556,0.04879420172585672,0.06920993246893754,0.06517904112049329,0.10239588586700242,-30411.242605215768,1,321
1.1137298213522855,1.1213092798346216,7.126861207775999,0.7918938743972965,93.19134819578366,0.05158777717600422,0.08716485959105233,0.015739183622422204,0.11952874580050298,-30471.060392690455,1,322
1.102491885107132,1.1220707806086776,9.241972468466974,0.7206434541795326,93.46266429305217,0.04604057724052137,0.1394343223962056,3.437542159414767e-4,0.0517204764172604,-30548.98230190643,1,323
1.0772279487404097,1.1357068866155475,9.10266232131487,0.840949770005116,90.8888295707675,0.04925525497957939,0.1361277722725444,0.04346289372293976,0.11168331377032087,-30512.218099979782,1,324
1.0978057597317854,1.1696873925119622,8.02359429222563,0.7503663381233018,93.33598582423447,0.04900953373176515,0.10144353676990034,0.2404352894108986,0.07492031650580605,-30431.933278299337,1,325
1.101014677918283,1.144812773726312,6.894362313958014,0.7748516242409398,92.958864560276,0.05485432051881483,0.13207675211973838,0.05464476146545387,0.058214948237452886,-30556.355240385194,1,326
1.080816829426537,1.1081857870698222,7.810580338596723,0.7684638701363352,94.80791421069934,0.06778964435927383,0.12978810718398653,0.1599113539504831,0.060718188125730786,-30563.6774069477,1,327
1.0543307906070407,1.143196540774637,8.800181549166764,0.8386088110975142,91.96568841142903,0.054142520806036876,0.16632617022256949,0.006656189905150219,0.07064660514662169,-30552.89496554371,1,328
1.067327456992667,1.0903039113087865,9.468697508749448,0.681452976867819,94.11485799875572,0.05419026945838055,0.20579554507882714,0.024195862802578877,0.06816303847200209,-30487.403537053026,1,329
1.0983435126580656,1.1831301191026584,6.915750882505933,0.8268687656314984,93.53507698906017,0.04610277593067307,0.13217315965886323,0.053778423280439726,0.05532813388547706,-30504.032330864924,1,330
1.0626024144056503,1.0741214032044866,9.926467400165038,0.6537033965469172,93.66610973202714,0.04209151884767157,0.15679323328690611,0.008138036893221484,0.0782394993896646,-30491.765427021655,1,331
1.0725969763353165,1.1262934447461053,10.087062979759366,0.7729478613921242,93.74937921279398,0.04973060059800067,0.17937807339407766,0.10798400623068549,0.0508595127675025,-30490.876467953523,1,332
1.015189620916796,1.0973196291879639,6.276296970742811,0.6871737130216222,93.39545730964802,0.0616575035287083,0.0784663571529849,0.050956713844699075,0.0667542405654969,-30465.976049967252,1,333
1.0686914919242265,1.1461262766516684,8.398241469712586,0.6869911516607101,91.83849611171122,0.050787388114071436,0.21696909135247783,0.16365714067532242,0.06896218118200727,-30395.278084507157,1,334
1.0747571984392121,1.1095108710397819,6.903651727274031,0.774276117977416,92.67960823936237,0.03466337109855532,0.1462484249681052,0.09556847776463062,0.0472257221882939,-30601.931165302518,1,335
1.0938751972176983,1.1388729340910149,9.178284512094278,0.7680558208745104,92.84978602990797,0.05771587423201884,0.07692730519045798,0.2673124385455646,0.0786776356541715,-30600.951349221858,1,336
1.1098912364939209,1.1374788364344415,9.731474749995588,0.7892533702389916,93.39556375218739,0.05902233962208814,0.10402847472093485,0.025698432528950106,0.05157717166637655,-30472.966517885823,1,337
1.0777258623896588,1.0560486643066147,11.221380647241533,0.7688188069048785,92.58613539056851,0.04303623535441772,0.12787432295923254,0.045566026533795566,0.10959866752505465,-30497.927194425523,1,338
1.0540498678411003,1.0804089479474086,9.359446073523756,0.8637266244191482,93.43844794654179,0.034124056978709405,0.14229799484709732,0.03300550973057121,0.05507232555278027,-30571.90558001634,1,339
1.0627954593532765,1.116594046304205,8.19717194836851,0.633299649746613,92.71494836123657,0.06788319933107627,0.15275953226654698,0.06627246416901313,0.06902680159557122,-30475.677796834916,1,340
1.0806949526370082,1.1291022385056593,6.493538192357295,0.8232853915845316,93.31309295313157,0.03395437336402877,0.1437797076358205,0.006598693001501555,0.08300281148646783,-30483.522820809903,1,341
1.0578487668003906,1.0801968453322943,7.048162817981548,0.7735389444426799,91.85722868200993,0.05460447113876969,0.19306164668637216,0.08052280200675786,0.06702832329514098,-30551.68102754307,1,342
1.0604565071439136,1.0584881498982937,6.736097477777164,0.8885243534325457,93.62447897290477,0.048104609301475344,0.10402489054694164,0.05510387472595125,0.06960491401118613,-30587.21168097566,1,343
1.0750284989526235,1.1163824192805833,8.428875559090729,0.8537542172524549,92.30406520090034,0.034450842498125835,0.07973189439753256,0.10398785713079238,0.07329994545448854,-30541.65568891667,1,344
1.0591784251226135,1.0617167709533375,7.249328428225522,0.8524935181771593,93.76862294341709,0.035817671815613204,0.10058097572296122,0.06549755963560139,0.05253394035371829,-30499.45019876903,1,345
1.05769288090723,1.114489500631215,9.074089880178601,0.7974661364633047,92.78206393195944,0.03881545171485057,0.13823197616405478,0.08021615556078855,0.07425187265622483,-30577.850213231217,1,346
1.0755960781457663,1.1410614821874716,8.000825112257301,0.8110107039540227,92.74611863129104,0.041505060708410695,0.1111904494802735,0.010685792484746746,0.08166577952456129,-30522.91789564829,1,347
1.0764530685136775,1.1524989168246838,7.313084620361668,0.6093045190488019,91.48811568800839,0.038486942332738125,0.07578341681645545,0.34290693401193156,0.06488362217106118,-30387.413339140865,1,348
1.0870231189712969,1.2173137053606704,7.142241138650625,0.74719643969251,93.647743244298,0.04252006304172064,0.19914455918744806,0.17174628094048885,0.026771553060267836,-30524.781514029666,1,349
1.0887418932823634,1.144562442879689,5.7993345853322635,0.8575173706413329,92.5699705874971,0.048296262485899126,0.17626429650705897,0.06645588313071321,0.07653077672332895,-30490.59439532364,1,350
1.0767923085294877,1.120296449617853,10.306071166775974,0.8353910129683505,91.90063223199603,0.05814372481145086,0.16820607949406802,0.3192258183752764,0.10628130128216995,-30567.23109411378,1,351
1.0563922716446368,1.161360318662558,7.289944274417538,0.5942055789393034,93.40007129167972,0.0965685091471001,0.1328107555739472,0.02005340305514797,0.09822273716299079,-30459.231818577377,1,352
1.05119091622295,1.0732409719492768,9.860669860346258,0.836025300704329,93.00732369700181,0.02536098832910738,0.16214932932342244,0.0742964777039144,0.09661218257211009,-30669.503613317072,1,353
1.084774312372058,1.1210222695381717,8.459658722715899,0.7634485222213697,91.55813975347296,0.03444288794029199,0.11752266897908945,0.036099660063696595,0.05889020377831414,-30605.114644542286,1,354
1.0418533555437672,1.0600432658329488,10.22925273187599,0.7222995282277407,92.4108474524146,0.03675588349874642,0.21058498245548105,0.001998957019031819,0.12115585459775283,-30510.384182289108,1,355
1.0662752223746867,1.0829336449056104,10.024130405023135,0.6800804389712396,91.11596202104921,0.05349403925513245,0.08734806198496135,0.38588089090741495,0.11461417109620946,-30454.010833679215,1,356
1.0561158930205745,1.130303185749896,6.979731941878236,0.7798172180906494,91.93246462353187,0.04784585124009217,0.10024230009851037,0.013055251894517122,0.04968640904075585,-30481.655493509665,1,357
1.070090371486158,1.0938125314966,8.038056398957623,0.7731351062050553,92.95885931763229,0.05547600567689694,0.21841974316034798,0.03349573564357135,0.06794222846717884,-30524.068629677324,1,358
1.0905994274274187,1.132000454993247,8.91181981492792,0.6711154921323725,90.78822807010926,0.06026907875407735,0.11230338779847811,0.35772085740092585,0.08578407085782938,-30591.404737431487,1,359
1.0979265277827208,1.1371277509359357,7.725031150889936,0.6117660482292134,94.4671135561383,0.057204821644720336,0.11263593384500029,0.05415610841011558,0.07682912618025432,-30467.031357911488,1,360
1.1044280182505166,1.140418947254315,12.474436231862581,0.7509060946706079,92.39894437783695,0.054718885100593445,0.12069792101529343,0.4918409135170056,0.17982631320177891,-30417.522588807784,1,361
1.053641146289839,1.110603639568063,6.863771268008096,0.6905520470609363,92.91857995649093,0.03597342753834459,0.15291100633201138,0.033259509109361984,0.0699501045416242,-30486.261895988748,1,362
1.095439887284079,1.1058424352130345,8.617483516617805,0.7967019766153376,92.64254371641982,0.05156766136485311,0.14886949023242843,0.08571613475442912,0.06043052433557929,-30597.79596063271,1,363
1.0810547051933455,1.1296312659585592,7.689404150832776,0.6864991342802419,93.6738272216661,0.03713782428212387,0.125003209069874,0.03442408001804393,0.045073544190758444,-30634.84904621314,1,364
1.071690512624948,1.1052772544906209,7.775354508809451,0.7745083284403542,91.21031553287182,0.047367738821207185,0.16761017716164162,0.09444294867346788,0.0733096096528669,-30546.328222943284,1,365
1.0522748336387935,1.0995236881755148,6.953683384173351,0.8759035328439074,94.19123044916886,0.05029986691634508,0.14465988934891744,0.054359295275149815,0.06693768372675506,-30539.681050845364,1,366
1.0918149759159583,1.1400508803034157,8.351236247416992,0.7885320654628152,93.21693612521288,0.031191106886041726,0.17164624462026992,0.014566536179793343,0.06803733974967142,-30477.145304344092,1,367
1.0893009134924767,1.1296525546714906,7.826592103191312,0.7096740972221913,92.88193423190896,0.037886607879282726,0.07623277842270632,0.0702127768948984,0.05322522463694807,-30597.864569145244,1,368
1.0639871171916173,1.1375788203386152,7.229372445819989,0.8010046425129681,92.70690606843732,0.042378658072504335,0.1355429807675017,0.01991610022223236,0.06299142784152044,-30585.488147172797,1,369
1.1279190634298049,1.182622918427414,8.332347726816767,0.7887760956875038,93.0691916889113,0.026621018220367474,0.08595696023594371,0.025119548489675098,0.06272225832790847,-30624.85145526497,1,370
1.0924945533639778,1.1185391579299122,8.333940526563373,0.7542650348688994,94.05809793956146,0.047373807529244555,0.09882990012595932,0.09047406124412967,0.07032228964683977,-30573.93608028739,1,371
1.0708708031007645,1.1445274146190725,8.0124216668344,0.8861105413719204,91.88517431777301,0.045703408547350464,0.13771319116508612,0.029710395918841958,0.10149229498292582,-30436.32495093858,1,372
1.078710423318473,1.1528004482679743,8.615668425872649,0.7208551251966984,93.74847900784373,0.0494976438330317,0.07725169509848386,0.07629099449804773,0.07306851555185769,-30400.30820351095,1,373
1.0748494254007162,1.1295539715559457,7.646580640050681,0.8620924104175552,94.07541200671854,0.050219997829284074,0.16467089424952622,0.019026239691766162,0.10029977718256114,-30597.364628111856,1,374
1.0851688541959186,1.0989675222368396,7.882743820517848,0.803850661793211,93.36974340901503,0.03145880838088611,0.216369534900123,0.05671264214615183,0.0722197366968599,-30478.991633102312,1,375
1.077504122177379,1.1159647646087754,9.047866584290128,0.6769378187132754,93.0425997750202,0.048509557974739305,0.11550187683891645,0.07836774260995033,0.06749079193734579,-30497.41109189093,1,376
1.0770424798539717,1.1816902175752342,8.820002366244172,0.7718418295088593,93.74082065694586,0.05948012276949465,0.17744191100992343,0.07142045016863188,0.09608838537340542,-30509.680793511146,1,377
1.0264735598258363,1.0982984170237113,7.68721414474831,0.776620528614038,91.19934279590095,0.06002859832267684,0.1407586957579273,0.3095435797725051,0.06669101135906375,-30621.587546364182,1,378
1.104977857184877,1.1635752726463484,7.789859990426056,0.8680503958715524,94.3776547863398,0.020264796019588343,0.10904901838467372,0.036464426408754094,0.06015232620713549,-30532.858717052688,1,379
1.1034037371120538,1.1186370926507856,8.247634939692507,0.8128446923834339,94.26157704669636,0.04828131010293412,0.19115627287139503,0.1956408649468489,0.05574846867504207,-30590.268972851773,1,380
1.0821733306143944,1.076062048610782,10.39846656547894,0.7786910450513466,92.98083481897764,0.04771772079681266,0.11455386654982935,0.041267638209682794,0.09883297509909827,-30471.384125907778,1,381
1.0754376840067836,1.1071504156948846,7.346433479763241,0.8774271403287314,92.7901615696294,0.031370741957822926,0.1119174123699396,0.07781051822425743,0.0848724780632294,-30497.559893897433,1,382
1.0804511128590364,1.073235916902029,7.046341203801802,0.7392345274795812,94.33527275997496,0.037477618692952255,0.13134099283244363,0.022864499102481135,0.0615953831735706,-30542.95439443805,1,383
1.1312159106557396,1.20634701813657,8.148078887732554,0.8008985341072842,93.12277451418797,0.04200558673191079,0.11968672219253128,0.02307657333563066,0.06399301620106074,-30640.97838816403,1,384
1.0725132258450574,1.1461413068239414,8.99372480677542,0.7014075936377464,93.6974520457276,0.055775460642568525,0.16448702755826045,0.020733359555379458,0.09929514599562801,-30558.083396525377,1,385
1.0993606277839192,1.1197266292203918,10.44690452106082,0.7503730985517624,92.95829756938085,0.03591593797158564,0.15471553810449065,0.01010765242762593,0.07143693669997364,-30574.79373467155,1,386
1.109006735648089,1.190528299223589,7.703238328113142,0.7769131999207206,93.06015773889939,0.06433379212622214,0.12636705236707677,0.021906672331817797,0.07732750614222468,-30578.84243942903,1,387
1.0684106023943054,1.1176618326917211,7.717668214672476,0.8373956093576973,93.70374929920976,0.06372610771966802,0.1136290461064399,0.0868335893413136,0.10989737350710782,-30552.886438300164,1,388
1.0896369863109945,1.0832919020742586,8.482129817542269,0.8060425649542129,93.50580875227894,0.04568307384295976,0.08324690374113952,0.07866312947031337,0.07167259909961939,-30511.018858509902,1,389
1.0905591382784001,1.1187383552548866,9.297878194198496,0.6784029835307237,90.96515048589227,0.03714313896000824,0.11935394019765974,0.030251952315326104,0.04777335562428326,-30550.238615634684,1,390
1.0694294559041897,1.0791863514253688,8.463838128888108,0.7237380234280281,92.74238921906162,0.044115148081106344,0.12215341447857712,0.08605515649030089,0.09513579162734663,-30567.1306444654,1,391
1.0450640602238832,1.030761386154245,9.480014960345041,0.7555643977615455,93.24761738396937,0.04495989952528832,0.13770918722417336,0.04559986511103777,0.06006803936495014,-30567.351772154692,1,392
1.0790925783970164,1.1261545871489953,8.185671748908687,0.7142255519539904,91.932558829595,0.038916758618802186,0.16529031718268125,0.06193192793879608,0.05163802700804229,-30576.467587466148,1,393
1.1017468985760361,1.119184286849595,10.945329601582591,0.6872936169227212,92.1678964739747,0.05482365267134308,0.12179617233517832,0.02882942399288067,0.08530192644703405,-30567.993591154427,1,394
1.0710798549990896,1.108787631004591,7.178567616244029,0.6678024350302875,92.39131632363168,0.026715546399079415,0.1122358646524709,0.08086045725866303,0.062004320834977984,-30481.415798816182,1,395
1.1000084899504015,1.1184574228507096,9.474813253896661,0.7109277360875558,93.0970799207901,0.03640008485064326,0.22317263185190833,0.03317657469148045,0.0582035284963957,-30552.20365427456,1,396
1.0555561567832707,1.0727134518830932,7.485906816694158,0.6989007223917667,92.46234946364712,0.047224025022280174,0.13851324655612432,0.07673610351263283,0.06081291939194026,-30462.533905766482,1,397
1.102101802513502,1.1452982073079805,7.821682507525183,0.6747294283849234,92.43633434248552,0.041825911472808015,0.1381591270238394,0.033164275583132695,0.06875874192274524,-30502.01868154003,1,398
1.066440144863647,1.1068069797891948,8.66604273118025,0.7899169699890374,94.54368251064534,0.047247875116041095,0.13744127310214088,0.13637853797523777,0.08528945660995929,-30459.598810981937,1,399
1.0824078747310248,1.1076028300300829,8.477997755264441,0.7098565118120352,94.834097033474535,0.04390117275103147,0.13003876204371895,0.04925354796236574,0.060808316770320094,-30517.553675596824,1,400
1.048664291497871,1.099536842220356,9.409227828903028,0.7960107605153605,92.06889600766883,0.04777015264999149,0.16250284420606792,0.15252565564145218,0.08506628883069695,-30481.11472824942,1,401
1.0798063976870367,1.1309976843938847,7.501998596299191,0.6970806297485661,93.80653120482067,0.019297225025911705,0.12432102570665107,0.013566009228955065,0.035028169101754394,-30499.82198362488,1,402
1.059648631426082,1.1454654004732365,11.717058368381547,0.7262505344288136,92.83319894320688,0.05049216659979836,0.11177019451402867,0.07643653594875076,0.10537139754603367,-30464.044891187004,1,403
1.049837127321955,1.0779407878473515,5.623549321091717,0.798819651228731,92.83885803861023,0.04095355634087525,0.13042540721363757,0.012243593503867181,0.04312667380097413,-30507.477032216124,1,404
1.0914913349503885,1.1369184960860712,8.891240118154274,0.6888130459372076,93.69951383224104,0.037118347875824825,0.17797894868693975,0.0377718427052161,0.07527472549861924,-30542.475667715913,1,405
1.063491998198082,1.0607800282477675,8.259567997274491,0.6259023471886043,92.7564043181581,0.046029219115124136,0.13035485266786598,0.011904686686100651,0.04349695457366618,-30486.83423631899,1,406
1.050899987942466,1.0294629054967073,7.40309451381843,0.7196599941523585,94.08039577994275,0.03559613397740414,0.13972857350087764,0.1257282650572879,0.07279443724671808,-30544.00866254299,1,407
1.0667526714337112,1.128510096433825,8.609363542160951,0.6209223936018701,91.51867856295192,0.06146330047563815,0.07841195394224151,0.1191808966231607,0.06401807567802308,-30410.925206985507,1,408
1.0711721716959872,1.10523678796782,7.7791101687573745,0.8299313479979078,93.46061895854538,0.03120946702986799,0.15467649924859747,0.039596566773498404,0.06018429728773153,-30682.309852100367,1,409
1.091569446361103,1.142914503720812,6.328121688892382,0.8246530500054828,92.59102045097158,0.03835974864905565,0.14190576323589102,0.07528686850228594,0.06285879693392839,-30670.958704422763,1,410
1.080263169512567,1.1489415183796812,8.738579816778081,0.7239571146369201,92.59517546459891,0.043688846399533535,0.27526482549513825,0.06456827384306198,0.012402625787472643,-30592.347277698445,1,411
1.0546026384447353,1.1114790666281475,8.699068363680754,0.7688384697435776,92.7299299905413,0.05487162648148444,0.1815783862217366,0.07700405224542553,0.04313266881211723,-30547.63928106523,1,412
1.0704329637908108,1.1111031262695144,6.570584598590604,0.8373603177549335,91.76914019624144,0.029442442186146618,0.09978068778115091,0.01806316589241174,0.050750576199712544,-30529.89318005582,1,413
1.1022790758858594,1.1889298717098957,7.533411757192351,0.7547718045961237,93.26180010541991,0.03909876883563977,0.12585995238506495,0.020636354682381564,0.06633796329674893,-30588.321952143066,1,414
1.0870026312069418,1.1167782082888067,10.892443781545946,0.7521134853419902,91.83409132918078,0.043355215509148934,0.20438144168701813,0.02786630799386821,0.0934099314760414,-30460.16795247861,1,415
1.0770600582636505,1.0797014215567475,8.800570211207258,0.7147811407855065,92.84569317254189,0.0474833204503406,0.07297916949101634,3.987277977590065e-4,0.08103863907991925,-30521.726292430667,1,416
1.0659052563704097,1.1225460069519084,9.063364394500317,0.7577603118750993,93.75990815190983,0.030975428893876614,0.18467587936092314,0.08135203954929575,0.09679091827186803,-30527.649003542934,1,417
1.0761864249551396,1.1295691316008885,8.125871644053177,0.766275626324293,92.67807443396809,0.03645233174346193,0.1248555018405195,0.03842857489726631,0.049380154671684794,-30483.146667504825,1,418
1.0817882216477424,1.17060777012982,7.86088803938386,0.6942793321659847,93.59747294803007,0.03502606892076137,0.11448290202398854,0.019487527116871784,0.10677473212413702,-30571.165502204567,1,419
1.076558506239948,1.0680882020358407,8.24390696981587,0.8480699918761977,91.62928190228136,0.04159296887527617,0.0766705003195281,0.005776739278976411,0.11816551882278294,-30519.42133515771,1,420
1.0771720064272583,1.117481427581462,7.440449573989381,0.688600359177833,92.82296160419921,0.06449908875280602,0.055887848137265946,0.25852151554834246,0.07977105709899986,-30538.00379727982,1,421
1.0909409829460248,1.123345517724294,6.434511686209667,0.7283697118367258,94.79006127505171,0.03463059993676718,0.09880770936096779,0.03557612267396096,0.05043050345129453,-30645.885713881995,1,422
1.0342973636660069,1.0674409044066708,9.048952521471168,0.6884279342806728,92.89651454891525,0.04241408037344633,0.1377989720792331,0.2237428976092309,0.06911058903804876,-30517.677895070367,1,423
1.0795306153640758,1.112634370185596,6.598080701338014,0.8432336405060546,92.85386802091071,0.04260008487127394,0.14497164339318058,0.08427645619722905,0.05512449997425574,-30487.325896069877,1,424
1.1114421141724158,1.1533482313773376,9.170305666675354,0.7915728939005953,93.00236404201883,0.05944546455099218,0.07076103632224501,0.06702457048027796,0.11341830301114993,-30649.212975012564,1,425
1.0999104525715824,1.1373363372453646,9.085153444168121,0.7257945774115631,94.02084046330337,0.044489209034910035,0.16842555639518322,0.11571555609324449,0.09793542254599043,-30591.069960592617,1,426
1.0770834014131405,1.098466967670562,8.768093086710191,0.8007908936896001,93.9715295975471,0.04587595673184611,0.15772083506954912,0.0876848759465877,0.05392068811605637,-30514.212002735392,1,427
1.1085173580279504,1.1809307536339582,9.618328046505384,0.5738485193653574,92.59282796130043,0.060886174473115444,0.10721625709869446,0.018452211418782644,0.06488116312632818,-30559.32192282917,1,428
1.069412978607784,1.0566188246879236,8.080275362700974,0.7433754368625158,90.78701780200286,0.03263897208966451,0.10587315235716353,0.06645470102527141,0.06083489852196026,-30516.16362183366,1,429
1.0871439591617993,1.1392059921035431,9.746962054816086,0.8118535998391618,93.3056227938107,0.05091046544050143,0.167726180101472,0.07797038808312913,0.09341815386530124,-30401.682910943226,1,430
1.0987672792269454,1.219011283713186,9.592658048653666,0.8137791496420671,92.77660390628046,0.04965110270364845,0.11654080855011498,0.04290898174402948,0.12795388497056373,-30540.497765287306,1,431
1.0572571532835473,1.114047912447132,7.469357974602845,0.8001062397041586,94.09605142738197,0.04476932709673087,0.17490397449387615,0.020980534120188916,0.09818460720305733,-30552.68586075329,1,432
1.0716429751708059,1.0935601265783506,6.411859745254568,0.8228703661154697,91.80950962664943,0.04738067286889278,0.12371138056608683,0.07519038055375048,0.08157137631256808,-30479.82673702283,1,433
1.04651399982725,1.0938382135964415,8.062393108416556,0.7032449954847816,92.87274320433825,0.03108841121831868,0.2554782733906505,0.015133795427902786,0.050154267864927625,-30634.78002761277,1,434
1.062777272617939,1.0745512563018402,9.658686389699074,0.6556476686320917,93.65660565045985,0.04515329138147783,0.16874075854683748,0.14911647240931925,0.09679238949222702,-30531.310942828943,1,435
1.0827022526662506,1.1071535765982226,9.299871884707477,0.7181323700282931,93.08489898465031,0.05574958634046356,0.1365506724097207,0.001454435393988331,0.08044179652570796,-30519.666422318503,1,436
1.0556591733585716,1.091298065916329,9.945153527962434,0.7768675395889646,91.01168703386449,0.04550987649205543,0.13413342916532556,0.09816010722504544,0.06326173151315918,-30598.275042399808,1,437
1.0634500175083297,1.1528187423737477,6.97641773570865,0.7049553594069629,94.55020188587089,0.0492449984279669,0.20195800771824984,0.01574352257232343,0.07175142788681194,-30510.59643532277,1,438
1.0928511169435198,1.148449688094223,8.552759013357845,0.8276076726272024,93.13583157833092,0.042858265420735224,0.14500134575089035,0.16573537906345215,0.04797402540942283,-30538.313952383978,1,439
1.0735838016659722,1.1525688952248845,6.429402562364844,0.8325186027621049,94.15835622557996,0.026166121796896338,0.10856895947119384,0.08683510914022874,0.040651766703586174,-30525.21308178985,1,440
1.0394850431606677,1.0227042311991512,9.101991699028144,0.7029159042719029,91.94456983438542,0.04098422409264866,0.144777010792524,0.049682079269601755,0.06251647500673761,-30484.598616464544,1,441
1.0896752050871634,1.1483439463302525,6.577649118568862,0.789018062748601,90.77967175614398,0.04096478841402584,0.1913749273281215,0.054504959930716,0.0602377217461815,-30503.31131326552,1,442
1.0603152827807698,1.1367688364831765,9.071049858798727,0.7488917570009765,92.31932066030045,0.053285075359539476,0.08350352174587697,0.029956572380278806,0.09338978706036806,-30479.218945599303,1,443
1.0613118995916084,1.1361089365744814,5.544223651429181,0.8438795598323955,93.45892995023007,0.04575688009871399,0.14772666124727402,0.037890582828996336,0.10086380980553497,-30535.94114452762,1,444
1.0948836682850438,1.0989700804557916,7.801743732476421,0.75928316421902,93.1986869495621,0.039973585034858636,0.17524416157642253,0.08092929087182106,0.05051849737675389,-30441.34096097812,1,445
1.0470576699747018,1.0830758983046407,8.705338174166789,0.5993297306075557,93.55561663019327,0.04426644632925752,0.1035036127457798,0.05042332632639916,0.06596786016202821,-30549.440522484216,1,446
1.0697347664829586,1.1383139937235762,7.066157945740072,0.7469140892725713,93.19453235799638,0.036082901114101916,0.22379518355679912,0.023918728479032505,0.05726187808937635,-30511.70575971736,1,447
1.130741447637703,1.164412002513378,7.447004966272408,0.6982049949727196,93.6460840198145,0.05700173661805666,0.11642621190766315,0.16841746139620292,0.052384909655164034,-30470.859374739302,1,448
1.1006818378112517,1.1432862666837502,7.428476817096222,0.7490905037885407,94.14749940428241,0.047917548462846835,0.11335896647663074,0.019115007583919263,0.1016192810793626,-30661.138996956885,1,449
1.084449442675033,1.1299615010909738,10.085251330867452,0.6927544298459289,93.82396567366736,0.03115954544176518,0.13150272953269945,0.1509379344458579,0.06781281348404981,-30353.960671783545,1,450
1.0576582738656362,1.1256091514083044,5.852259589254028,0.9069967867093426,93.48142166648563,0.07614009831099686,0.12467787823035521,0.09348345552060623,0.050499693773326484,-30564.48980347173,1,451
1.1059073756356472,1.1343879716396934,6.6026522902394955,0.7284667103760019,92.92059071195717,0.04954953692464958,0.1813581830407239,0.09171553869721187,0.064972143763444,-30478.420093362365,1,452
1.1097757431960595,1.1683439352303604,9.460624388168839,0.8027812227593821,95.10857510312822,0.05099125286101133,0.2185519979988673,0.0533080231866925,0.11214660787527951,-30615.27817709494,1,453
1.092135378336652,1.1778565066640925,7.87149751944033,0.7567914943338179,93.10143202236105,0.03929986320043711,0.07733779556963523,0.15125067899866743,0.07512589596273792,-30514.564330788417,1,454
1.1253681024531126,1.1633469317073786,7.057305194348832,0.703433914473779,94.51142673368389,0.041713018241184154,0.06896864255321618,0.37114346018081007,0.053176287322991456,-30521.789772164826,1,455
1.0552734450042076,1.1281698863373708,8.8056973082599,0.8026777640656311,91.96699673091551,0.04527190120098932,0.2535029705029566,0.07591875602251208,0.06586071570009717,-30589.703186015355,1,456
1.0890784804787412,1.1362981732467705,10.04267245652179,0.6575729605361649,92.9521960278391,0.03746339202405314,0.14325043927858053,0.08448710509390285,0.0692285152682878,-30457.00267172596,1,457
1.106467468209284,1.2070771009274543,8.936689428364177,0.8316329164341609,92.68748269975147,0.07203102688383724,0.1371586921539126,0.1410537690888311,0.09894834431244512,-30531.34101960434,1,458
1.0720759916671057,1.1477044166319632,7.715009044602933,0.6124575379196068,93.16989808848977,0.05101954152377746,0.10004635415695638,0.1193915207435564,0.09524468499446753,-30516.3405619015,1,459
1.0632364749817402,1.1136773613891802,7.07395442155382,0.7858451509324333,92.18029315802917,0.03801131382105332,0.17630407703032383,0.013777541233479466,0.06027593575227484,-30477.262932889753,1,460
1.0730924836400733,1.1147144960249278,7.517975009226922,0.8266260158218453,92.35928406143931,0.06118086754660098,0.08428068938354759,0.07765425668400926,0.10643548455476125,-30446.03850606961,1,461
1.056673392190224,1.0508459128906,5.317279812170988,0.7631511759678855,92.54845465234709,0.0536288476369815,0.12574199246939205,0.04667850294357546,0.06899860986898856,-30665.185929306477,1,462
1.0882688557553535,1.143581587598539,8.57898658519438,0.7715877169712914,92.46584151347915,0.03505354061694822,0.07805737400732062,0.15598117853297025,0.09246840543939651,-30552.900939743915,1,463
1.1115449390880265,1.1940262682946097,8.576872233466991,0.719320467382141,91.04126403046772,0.07006274120530138,0.14910275260872058,0.11677037244104377,0.1010485224054417,-30546.528658520292,1,464
1.0802591339750585,1.1286143956059187,9.107970266830927,0.7564702798694768,92.75297657806738,0.04389923638631743,0.13040114004825754,0.013623732889851081,0.12705133877271702,-30529.778875610085,1,465
1.1091512656404092,1.1192878207708887,11.3374030807999,0.7367261538954036,92.18090118227147,0.05219835091614045,0.11588455933117195,0.5643227310589226,0.14281544434309035,-30432.845222048047,1,466
1.0663464520664443,1.1065632182973004,8.393730441330474,0.6540068283374576,94.6000380339057,0.03665458260908305,0.15222078006068707,0.0451544956355369,0.06521053799193965,-30572.184642105607,1,467
1.0872783149881617,1.13790083689705,8.540188153949819,0.7707005545202512,92.62160444472354,0.059392214382622856,0.12405025789507206,0.018276611492332877,0.10958886276960698,-30624.869008197817,1,468
1.0484809988663255,1.0867684414721912,8.732453675703129,0.7205151605268063,91.74776637505569,0.030892859757677766,0.14650651219049346,0.052223301010303806,0.06982258131030768,-30653.281132046148,1,469
1.0378416983009355,1.0279698923919922,6.5677743355921265,0.8576422742690872,94.00712499676605,0.0536913311375021,0.1336789747354315,0.057476823186673284,0.11644064196988403,-30581.657045308613,1,470
1.0994301162333264,1.1372152011614014,8.77071622587864,0.7372731467112349,93.67021335236439,0.03533362841697471,0.12324446425526717,0.013022302482776913,0.05238537072303163,-30633.59602486955,1,471
1.1047624059176222,1.1508556636332892,5.320500260017527,0.7782731553355284,91.86480616208131,0.03385299269745242,0.17254518645708453,0.08836378205574592,0.032551590823788855,-30502.323322247823,1,472
1.0834628764178653,1.0872163964275883,9.139320747357827,0.8353004382229148,93.64356605435275,0.04019625699215045,0.1420852888971183,0.08231440355932323,0.10012922443092406,-30435.62412285512,1,473
1.0954546015444144,1.0952762606279656,9.233520358573845,0.7853845416546918,94.01635265636217,0.06469266425670657,0.15849604854630428,0.09623016278424516,0.06766126422933605,-30514.739825435223,1,474
1.1050369575946768,1.1872257011238978,9.214558256654179,0.778468620835731,93.31627617574833,0.061635195961580264,0.15305172352456264,0.09180656357357979,0.07124376569529617,-30642.522330749613,1,475
1.0714239754358894,1.136875289729366,8.801772229281525,0.7237331449870482,93.10666714765199,0.04198287666750955,0.2370011132620826,0.04601792100041452,0.06640562255619142,-30554.44308294041,1,476
1.0708204018732643,1.1355781099581643,6.858018844505995,0.7271973443530232,94.02662994415303,0.042999453588993514,0.21236293650037824,0.019605118363147062,0.021700441659417553,-30546.012642669248,1,477
1.045763508640087,1.1306770901138548,9.116621605533554,0.7542044547120004,93.7611041791637,0.03617580638529192,0.1670296814208074,0.002383855797008903,0.09532224384631405,-30510.413801232193,1,478
1.076661410394646,1.1419181910953409,8.37272416735507,0.7592497147912741,92.33577672716848,0.04022504239295711,0.18768592969913328,0.01978469119494787,0.08375113601681898,-30539.4443951076,1,479
1.0808328806932195,1.1418989589730764,6.657008430260539,0.6529646001821664,92.17234897468406,0.045302412337431854,0.10986885197861052,0.05331222967446198,0.07569961026843292,-30516.706976380367,1,480
1.0708767369534433,1.140152929507027,7.544719855947386,0.8675457355258116,91.16454200623858,0.041650063686415814,0.17713981379070393,0.003312394033012634,0.10011696415680749,-30406.402017062752,1,481
1.105924214196403,1.2399982966977072,12.858248943437507,0.7593294455142419,91.44597635352547,0.07211754897148133,0.11155632509629321,0.051530953276911186,0.15109409658380188,-30573.905887770892,1,482
1.0677651768987584,1.1218698536640672,8.407657537146116,0.82981606601419,93.93551100220787,0.021312331908517126,0.11742754758732893,0.04428175094427404,0.0470967269035148,-30583.358984963717,1,483
1.0659164695266052,1.0855913906877421,11.68789858517047,0.61493975565556,90.60891022086362,0.04779576996108385,0.12545517450217963,0.009055529568855575,0.12153536574892039,-30562.21374303388,1,484
1.0713337005404726,1.1680740949072004,8.396442148154934,0.7396248297252161,92.36023690682745,0.06264683980329233,0.1298163508141052,0.048915828050624804,0.08821182594412019,-30444.760170657235,1,485
1.0917691329801174,1.1220526212613464,9.890254385847461,0.7439697173683261,91.74958484202017,0.04125849416647459,0.13395762003327427,0.15287280006652093,0.09994794371398026,-30531.596774916852,1,486
1.0708360994387685,1.1057729610851488,7.227228965671991,0.6127562575102803,92.78449454544527,0.03306746137140201,0.08422918545445252,0.0712529000191404,0.06282855852081984,-30479.301012161664,1,487
1.1005234663347336,1.1735315928786156,6.580403786970646,0.790937082180616,91.73682572552065,0.07083845833056616,0.1082078153482671,0.13251371803826875,0.083302016901086115,-30498.060597058637,1,488
1.0677809840680497,1.1278565106872984,5.961437964363279,0.8181151181226102,93.15923703589064,0.049763984680341954,0.09263466795752502,0.016116000655888835,0.06760739920904943,-30475.422191763977,1,489
1.0570838610634046,1.0784910311167009,7.153518113642209,0.7455385526934583,90.64578330582614,0.046893459415832194,0.15230053862327622,0.01958583109041905,0.08058569575028297,-30418.939613370298,1,490
1.0928451173644604,1.1852903986045435,7.215061145928157,0.7522789768036213,93.85725337504326,0.06006855915517363,0.09157054633276901,0.13779117816144532,0.07670957979122486,-30481.14332319259,1,491
1.0645606850975153,1.1167338751020548,8.84127312267342,0.7322817527063017,93.48603992655877,0.05169825388899476,0.10653206566242827,0.09175097360461111,0.07223835576796339,-30505.316027210418,1,492
1.1091512656404092,1.1192878207708887,11.3374030807999,0.7367261538954036,92.18090118227147,0.05219835091614045,0.11588455933117195,0.5643227310589226,0.14281544434309035,-30432.845222048047,1,493
1.0773937296367995,1.1328897910887372,10.181475627108368,0.7319341748442719,93.40540666398826,0.041102237460286684,0.15387586062754455,0.13030122204108183,0.07467592923732376,-30482.798608229718,1,494
1.0974767766480427,1.1748883625624233,9.198628937633272,0.824819717831529,93.89219963037682,0.04567831927333877,0.10908205977998028,0.12883767078149158,0.0899962179803018,-30392.095920748805,1,495
1.0451553682369203,1.1000528711589057,7.880051293486633,0.7167163182614319,92.40556608621637,0.061890488979906455,0.11318544325936536,0.05381214422444527,0.0647946520554627,-30422.508975633275,1,496
1.145213184075493,1.2207312977644504,8.6285495543274,0.6599896862061188,93.16588713589509,0.04023396965329785,0.1549739354899767,0.006545292502189921,0.08651327944549132,-30583.008039857243,1,497
1.0993728683219606,1.1252267792904616,11.211203349641833,0.6070026987502523,94.2871465985529,0.043503605224994295,0.1988206560362983,0.027520231763077902,0.08231483854583972,-30458.01329279629,1,498
1.086072078145702,1.1262271739436074,8.289637931445837,0.7668547532260029,93.29962998919714,0.025595868447438705,0.24410914931217195,0.10619905976010344,0.0839355058257005,-30548.153451575403,1,499
1.0757564620617932,1.1681382041703223,8.053832765348552,0.6623361722632083,92.43440375286916,0.07194104702852967,0.1049695399782683,0.02309020116106683,0.0658658940261071,-30436.62368833148,1,500
