gamma_1,gamma_2,k0,k1,sig_beta0,sig_alpha,sig_rho,sig_proc,lp__,chain,step
1.0908336507364558,1.1521848801732364,2.959406188351282,0.3414007705054848,0.061359108992675604,0.11624768495861887,0.0017000487605860707,86.94005232589186,-6807.077204324283,1,1
1.115270935642586,1.1330048445058418,3.5512456280319142,0.31695840099833333,0.06719061976370079,0.139134439940805,0.08115296413258198,89.55340800920207,-6808.332204506028,1,2
1.059336126573963,1.0755578225371774,1.488955586566976,0.5094184055097126,0.05781898750051283,0.03038732591510096,0.02522669870030598,89.34065514388753,-6857.725308950387,1,3
1.1369356333625837,1.1435777116675736,3.2360724007065342,0.32668682562673396,0.09758464031741207,0.010460930674142797,0.07494375909025949,88.84860424223127,-6822.897448571798,1,4
1.0655968527852042,1.1312495205423119,3.023905025686778,0.4703507414012925,0.03673922763320545,0.012009926043041732,0.033089949640113296,88.25729304146496,-6796.815587494642,1,5
1.1379281486390782,1.2062963963397313,4.124067269104396,0.3166407081879009,0.03367097727408381,0.13171091841060603,0.028362637222431306,92.46994299242405,-6827.678697741293,1,6
1.1088482399130564,1.0660132981550556,2.581043529325122,0.48749846649708606,0.032207325112906006,0.06879405268893192,4.7695201592606943e-4,89.22445329718524,-6849.698257989759,1,7
1.0891187411177026,1.1086348051195598,3.1238975437167564,0.3829897296031413,0.049511060942404914,0.13748534459924203,0.005410117345938009,87.71872132926738,-6836.333907975836,1,8
1.026473069643864,1.0396114879277116,1.1221031830856505,0.3901911786074772,0.019564536188276214,0.04267860401692235,0.00224959988107126,92.08683319040563,-6818.205017308561,1,9
1.0587176650887176,1.0949261752882529,4.655763482493881,0.42008132836884,0.06995892920286874,0.036270790957535125,0.08236441003847712,88.48324386999869,-6784.552794607403,1,10
1.0574632622699598,1.1329825817083825,1.5792907800881626,0.4589296784026341,0.06247312560627842,0.028494417693829592,0.043928479040456,88.62853932775936,-6808.830927587175,1,11
1.1420030160972545,1.154637670834742,2.2957640435120217,0.4043369950365895,0.026461016316492,0.07795264530723142,0.060443951420303475,89.09038897184811,-6763.427269401697,1,12
1.0421421462884943,1.107111240217695,3.4910719385216487,0.5362020770216086,0.04945389453160428,0.12335002022010205,0.019420002180681215,93.17355952195763,-6824.780977653934,1,13
1.0328165988125089,1.0843933483612485,0.7380049942487008,0.42958373739834504,0.05088791126575963,0.01179769652438019,0.040186711852812425,89.8020098824341,-6851.917744156122,1,14
1.0357624187722165,1.0229530099036153,2.8206407719918922,0.29677579034612883,0.06010345906901825,0.0652237854517554,0.02573599022946299,90.12756883172052,-6773.06288713508,1,15
1.129011139943134,1.1871274265520186,3.2863946347248025,0.3914097421116302,0.06858402989911806,0.04435265816486537,0.05527026359743924,90.9101281430688,-6773.056080977753,1,16
1.081679989995993,1.1328902148003488,1.5513810096798555,0.2543676230311869,0.041127210359930784,0.02920383652798337,0.08941851528873775,89.01265909049263,-6841.8543125495335,1,17
1.0926414060268792,1.1168755586198762,2.6568907934310566,0.3159486230667348,0.045818634087821344,0.106671579329688,0.01727677624928786,89.52673039778271,-6792.77268581973,1,18
1.0756215876560928,1.1113519357586947,4.165872451188032,0.25208735205821037,0.02943753018093447,0.034284638926006854,0.021509758423402445,90.7290014469721,-6789.153861803287,1,19
1.0734137633340524,1.200320737016071,2.199573805435936,0.37508782080822534,0.09438406140031448,0.1553475333881224,0.14066750349815588,88.74994011528108,-6772.613861039274,1,20
1.0678455120344437,1.1390803468683626,3.736459887859345,0.20760658470147736,0.03255468237387521,0.005191929549389087,0.0025837165704443756,91.27571631979912,-6788.987027295832,1,21
1.1647692905039724,1.069099244673339,3.7881879823548754,0.3739428948393443,0.07777063519151733,0.03662636697960795,0.0391357155163691,91.44392057517821,-6806.041289494874,1,22
1.1025479859659844,1.2504918352191379,3.343455720328061,0.5116518784779243,0.11729162384026763,0.1929452306471453,0.1346352369371967,87.12424556456806,-6781.088253466887,1,23
1.0573920788090398,1.114462528443889,3.4940821239702773,0.3900609645826146,0.027490112654539954,0.10595668359612977,0.11508366171275881,90.5517557880492,-6774.54746395782,1,24
1.0669701573312973,1.1291948052126488,3.4427708769397465,0.40233723229891133,0.06718334190181344,0.0414679633706346,0.07467643590594233,89.46552512766014,-6853.653057394412,1,25
1.1030586709936605,1.1293083066693583,4.73224364053966,0.32721698675904315,0.060674815695898235,0.024340680395800597,0.056656174859857605,87.37002175649667,-6759.256584700191,1,26
1.0219490109478369,1.083300742822221,4.15036029684841,0.4841636766003396,0.03173283830520092,0.04906999795177632,0.04727078539971331,88.4784020781361,-6789.315634591535,1,27
1.121169219301316,1.1780633990076745,4.978359725245427,0.46185192828167326,0.059742152125770366,0.002470540153547928,0.08860103176515524,87.8958398136212,-6781.5308081407065,1,28
1.0263923679393447,1.0427384607970447,3.88664760586083,0.3975189581810161,0.024523688740511657,0.0029392402492544535,0.09537699658430875,86.92054354066134,-6815.245451698422,1,29
1.1031971826099858,1.1608904480044302,5.631794100425191,0.36724671158378286,0.09945869441420277,0.06641279617222569,0.08748321566610637,88.90873819602308,-6803.935170114469,1,30
1.0757583379560796,1.0886639008196903,2.2740004985842766,0.36018932153420335,0.02690517246917281,0.03314485172406472,0.026664363619075076,88.22877568244394,-6794.981842476925,1,31
1.1112785781452372,1.041242668219384,3.7692383342351015,0.4022812195477524,0.07655115728490623,0.026482059774632565,0.054493543861268146,88.78167409626964,-6772.5567271232885,1,32
1.106061081249376,1.1029650877010913,4.61394998401729,0.3080595820070738,0.07305054671257764,0.0684758006177792,0.020913094272089806,92.07273269128684,-6868.936412417414,1,33
1.0910781672784018,1.1088592228495018,2.577515560161248,0.34601344882976104,0.03546883788959175,0.05180552837335559,0.034475028548549884,91.14758010431424,-6814.254325295861,1,34
1.0488053357610827,1.0455261416830062,2.2877081961010335,0.37049459327800077,0.05344517819847773,0.09292459957235091,0.013610971329312228,89.45997739196882,-6832.306520643597,1,35
1.0750513290385255,1.0748576158677197,4.056557050668318,0.3197313046288511,0.06377079274293387,0.07355862142256575,0.018282901667338605,89.95412504488007,-6833.042680859448,1,36
1.0493880013475478,1.038731016406863,2.0370960895690504,0.502237821516218,0.02255188160818174,0.036527143891627284,0.0026443497684061667,91.48214736790266,-6818.5629732697325,1,37
1.094412786261758,1.1194410670724848,2.762763371432086,0.47103871369006356,0.08531393557116039,0.02788171721694832,0.0741436643109514,89.33902397612725,-6813.570093431436,1,38
1.0960259332286153,1.1216654648939726,2.907402580029609,0.35182528572707833,0.03767971674989852,0.12782005549207895,0.08458805691039771,93.09514194953546,-6791.581290299801,1,39
1.1168750105922522,1.0937134785026643,2.548981090122863,0.40282306964789455,0.10226818275768844,0.09877325336163455,0.0418050977053712,90.41884939392493,-6826.748861793677,1,40
1.0916490634452554,1.1309786857400053,3.3604191433387847,0.48423463250220045,0.06574330688670081,0.011630383456477975,0.03650795222133454,87.4636539859964,-6804.56063965344,1,41
1.0850783068429042,1.115180833616124,2.2931008345264265,0.4475310668665206,0.037998177950971226,0.013846358287967585,0.014845554377923585,88.4759407448365,-6780.221997216074,1,42
1.1091696029767055,1.0792837320067956,2.9309727923821622,0.39750013308050536,0.08756263253273766,0.06774088935938964,0.05041050430854896,88.32272564794592,-6760.174546925878,1,43
1.076132263727866,1.0807363812929753,4.095414258613873,0.33634192735613266,0.0879435358226567,0.16424260647846048,0.11095257361047381,89.52279745592162,-6830.807231124836,1,44
1.1567166334249994,1.1411039428339387,3.727868280627641,0.4723022312423643,0.04858728267451576,0.030534606167460763,0.09682628520051631,90.70508559116355,-6791.330780356887,1,45
1.0560248293164023,1.134482988802029,4.356845006306431,0.34656603634350797,0.03646189803522869,0.06952844342584753,0.09455251681129169,92.48199820237905,-6792.647402109142,1,46
1.0978056414031974,1.166154297088409,1.4403570605113794,0.4212657174716781,0.09745372879568966,0.05338992414975102,0.07116291410783106,91.34786309388026,-6780.6479416478005,1,47
1.0566347318464349,1.0927240330017554,3.9816481735129323,0.5140315940000665,0.05310309527799877,0.05913832823689738,0.04478973307626894,89.65455780016289,-6810.830812477066,1,48
1.049641628421371,1.092338956308643,1.6001819898431708,0.36961985657745366,0.002726457599891956,0.012242335801688542,0.009172909853627965,91.7589626557167,-6828.725506259902,1,49
1.045967405156893,1.1476781236584301,2.248987996563587,0.36185499927357195,0.10455396790946071,0.05499182050001781,0.041041906978161666,86.12425764933157,-6832.235691044151,1,50
1.102614094212295,1.1531300195239176,1.8706259882852774,0.49114270887112843,0.06751717909355293,0.05668392770237046,0.068197944964885,90.37964927640789,-6760.619852205551,1,51
1.057431656680293,1.0863589295797988,2.490901465121104,0.32815381180391773,0.06111905412024792,0.057902414377162204,0.00469136537088294,89.62288644633882,-6830.924153660006,1,52
1.131878162064136,1.1177194889440618,3.087637534841303,0.28976524595937214,0.08447271496025978,0.08213265921705547,0.07502161907776907,92.48755587916737,-6807.969366169985,1,53
1.1244220627967765,1.1534017796933789,3.5129405809704854,0.4883163519651161,0.08512713919927309,0.012665114938491246,0.03618123094783705,91.9242244638355,-6791.068209156626,1,54
1.0700392868207125,1.0926764028855886,2.5055829453321086,0.33957116056512676,0.014220398645776459,0.013854644838127036,0.0017792482657690073,87.17928641247259,-6818.5684885647715,1,55
1.0795970554862766,1.0912063226402589,2.9537889546300518,0.41226849563196516,0.0850738131780976,0.006555575294105546,0.06738924967788311,89.30755865540851,-6788.813369837249,1,56
1.0963483218159786,1.0540677824282365,1.2943910006157204,0.3310164311850093,0.07643085276383323,0.13852937660816123,0.032122441598634005,88.64707644260987,-6827.75370083671,1,57
1.1774379483461062,1.153622789986741,2.1389899079520345,0.3397530838278665,0.07586385521556857,0.03438763110503041,0.08297561840690558,94.13765015053099,-6774.415854886499,1,58
1.091264996857508,1.067747816214644,3.0611722677758273,0.3959683660376673,0.034902333576428204,0.037145215296270975,0.0026080528873079017,87.18317824171807,-6804.179255578459,1,59
1.052154517437003,1.0674020378233318,3.405316734803257,0.49866703024422954,0.032044677424147475,0.06166447873006803,0.0165049019959697,87.39553063287744,-6818.617286993225,1,60
1.0278248387224158,1.0397329558992068,3.9478105869675097,0.35306945994530936,0.026940386099643054,0.04813644867283949,0.06891358543474674,90.45339135138363,-6785.678524838304,1,61
1.0379939620044085,1.05987249969786,2.4916038932047515,0.36215775279887397,0.053868732293070654,0.04918937329285993,0.046310171382865854,88.95945713753724,-6811.338597088342,1,62
1.0857500471560653,1.0870317632049238,3.115444883251338,0.4485603459283424,0.04749566256857655,0.007424331377985212,0.030375174863130395,91.006031079051,-6796.379750189679,1,63
1.081503556685144,1.1597035917689382,3.483471769879055,0.3063516943399962,0.0710713243233235,0.037294024721259075,0.05382671577623805,90.67415333515322,-6826.766994569996,1,64
1.0568385091214514,1.0841716183097299,2.0384610676227477,0.4372912630849228,0.046849997281311485,0.10654672579282079,0.08300137315374122,89.14038530628513,-6786.50172287907,1,65
1.1483066451147235,1.0304035525404287,2.7977087570823866,0.3373899332103272,0.07234608949988423,0.06195581480315063,0.06666886299448128,89.51730720456091,-6810.160704218446,1,66
1.1683732744431226,1.1093153065307657,3.085065739406775,0.38756157320838774,0.037074751720974124,0.04238215450973665,0.007503869112478657,91.30629794537643,-6825.206552568507,1,67
1.0094343920043767,1.0387006196691386,2.075846503709125,0.3846440414858072,0.04050371741509193,0.03518896213435737,0.01807635433714389,89.95959831651972,-6781.660324519165,1,68
1.1207211228377452,1.1342830160688642,3.2162987502609734,0.4628077080254877,0.08247818039873746,0.004930374602787198,0.0551801630068053,91.70014842492462,-6766.024430274465,1,69
1.01473184193534,1.0516427235441512,3.397566791174368,0.39811478742083667,0.01017958183495077,0.14810331554656633,0.0378369038170918,92.35735758832443,-6753.74853274174,1,70
1.081722934155794,1.175889674320828,2.791888562065359,0.3733548617821586,0.05076209907622338,0.08523975103399052,0.07331788654491148,89.46473734334407,-6781.171403368202,1,71
1.2488601738762346,1.2867908722144001,2.9421144999125053,0.3389737466964391,0.08651322874031413,0.052468245824979005,0.0698148562055818,90.71808372668873,-6757.802489777493,1,72
1.1756409288358414,1.2011550338468153,1.1872559489683645,0.45680103134490746,0.05400158917549708,0.043087164812896796,0.1395092714041837,91.20190235322048,-6749.428866913885,1,73
1.0499776809090084,1.0504683627717735,2.8124552710364834,0.3289320615126972,0.040133195035762986,7.039972411955536e-5,0.019213401779876994,90.60266552939451,-6809.923690546674,1,74
1.095338814160752,1.1323883599229692,2.910588853221792,0.290783439957113,0.08036359939865668,0.006594832288615637,0.06526361929268001,89.45567883383922,-6768.333361249728,1,75
1.1495824361250715,1.179338394077912,3.3312146110229444,0.3798968096972464,0.08126066369090218,0.2983877717869195,0.05915433484592613,89.21252090572767,-6769.854299792503,1,76
1.0419997792461377,1.0650390164266,2.399977105277933,0.3905744734487364,0.05586172015566143,0.027563454003061844,0.08879868641116657,90.80717203313453,-6846.009733725151,1,77
1.065388280961058,1.0857455786381967,2.350675324193606,0.4871547098316015,0.03711530075589956,0.1469403491400479,0.012942361205388471,91.23362764891225,-6799.133291012811,1,78
1.0758657507599447,1.1015911930027704,2.1005459982595056,0.3357927547930516,0.023953826695824316,0.17003886199544183,0.007489515255757768,89.812936625801,-6797.826719802508,1,79
1.1323784440660736,1.0882509532542612,1.9045370266042547,0.37708134890165407,0.04994082749566821,0.08320704314535124,0.0690792032930055,88.24452457721075,-6797.472088634374,1,80
1.198429962542114,1.1560091661479617,2.8807506136068652,0.24511227827130072,0.07952833957639194,0.04110936666364703,0.08012751671794383,89.56409864382789,-6785.3626986973795,1,81
1.0460223482052053,1.0229639826456933,2.8973649550709126,0.4078890103948395,0.008962125145528506,0.10911880415536412,0.03128531732073392,94.20845735037172,-6810.405041286093,1,82
1.0333592917628214,1.0890199091766608,1.315242965621942,0.3595037397657821,0.040536999802083744,0.013596173349885736,0.017721042545931175,92.64661957553125,-6846.984582795311,1,83
1.0160136489293976,1.0402114364945774,4.485915950232749,0.6356882929179899,0.04700528074996363,0.016744310600886807,0.08154132275036066,90.09144625904216,-6816.476348041357,1,84
1.0599831420682109,1.0179752454722952,4.297538707306264,0.29732639641336006,0.07574561187563958,0.15723509675581,0.051073949972867884,92.32082533583406,-6800.9209729337545,1,85
1.0823740491330502,1.0976645894309462,3.1576680043488903,0.5411608481859995,0.052160482117299636,0.06945207035890875,0.10707696925632122,90.15227087598102,-6848.007885729462,1,86
1.0979748245325138,1.1041012976725728,3.9027464101508387,0.33868352605220364,0.026853596969150753,0.061007983732889855,0.018484453457204855,91.37439053513955,-6828.869865751286,1,87
1.1210056147615985,1.1669847032488476,4.899595546932199,0.4159139805162143,0.0227882870274796,0.03025662325743377,0.08016286554451621,89.86414283110899,-6774.033169866986,1,88
1.1113147168843998,1.0433426683634006,3.0980073945286404,0.4524094240341532,0.058719971123662645,0.003515035463561949,0.0689736904994429,93.44070535485899,-6842.112864392581,1,89
1.13086145577296,1.1422150157102828,3.9213860448760247,0.3433586148305414,0.033942823206010074,0.09420012282706844,0.015760401462739635,85.94127569988814,-6834.052638712477,1,90
1.14803444009119,1.0409523071703417,1.5643201821245007,0.3116027695575812,0.06366954591919007,0.11788916980900771,0.023291573791442075,87.77719344964278,-6826.771443903012,1,91
1.0979455677113508,1.1218012295302873,3.5659343434497353,0.3310536491312173,0.03295781980959098,0.008707551610274814,0.0619701771378669,88.70266136570064,-6840.0546709293985,1,92
1.0598630948800323,1.096435634991614,3.5724071285865904,0.32507050218000477,0.09175269197511106,0.20880827735866908,0.050626496057154795,90.39418852716636,-6809.260649219977,1,93
1.0833191879385917,1.1019439828969024,1.3191587302406154,0.3389194929625468,0.04725239676160642,0.030901970067415564,0.007995252731934719,89.62186178740093,-6795.101502338572,1,94
1.053677263687162,1.0716359810228417,3.449720679471294,0.3744654619645879,0.056152485090682686,0.09358631648671975,0.0018718590034941648,92.47471069644777,-6819.331459185854,1,95
1.1120559394945253,1.1143979904161947,3.5234371418068826,0.3100793757458192,0.040660933519421905,0.01709822890406463,0.07099561559083746,90.62433617866421,-6827.414513177633,1,96
1.0697617809495448,1.0688467771792276,4.1008493631500835,0.33001224939868806,0.031989449092422094,0.06500667360179194,0.020102892428611352,89.3790207183055,-6796.84742705942,1,97
1.1117866563830812,1.1033916535826078,1.2902335233915305,0.3595449543664096,0.061557418890398355,0.012975159595466175,0.08635108018981337,93.71225244633409,-6835.656328177933,1,98
1.111258342547235,1.1369958144292365,4.0537932298255335,0.27509102842044164,0.09461600507802803,0.09873675964024034,0.046549686155421724,92.49328055865594,-6756.223824212106,1,99
1.086524838897243,1.0601429406593141,3.205703245720991,0.34667535477314315,0.04260544426491557,0.0965730796446062,0.02355458150641575,91.52480183405189,-6805.693438585329,1,100
1.0901547940731005,1.1206937788175275,2.5593827173304415,0.36029102981207695,0.03597067808420696,0.12949755807497124,0.038366169618331225,89.79570781312565,-6806.111535449335,1,101
1.06281132757721,1.1420002586179219,3.2572537034764615,0.5201290064282477,0.026426133573149584,0.04550214971460268,0.03205350267863844,87.12647665255791,-6773.446520535644,1,102
1.1143549948019211,1.1490135477593666,2.787541850855246,0.42819106583878447,0.0323690106395776,0.03413767388024402,0.034893971298084074,89.40756693084379,-6793.571629252877,1,103
1.0596480053819932,1.0361769155022678,2.67986650423345,0.4424114118598495,0.025086723097004854,0.0787851154914795,0.015560469998091509,93.65506771065047,-6843.735475510869,1,104
1.0372590764352616,1.077871801753264,3.8958316317693584,0.4069007261639101,0.02387644257421849,0.013295952445643694,0.03430538264520545,89.58533151780816,-6813.871728801437,1,105
1.0669827539417012,1.0556104516403626,3.7758294490238216,0.36000620421810614,0.02877944807106894,0.054608320730763736,0.06842861099995043,89.80635242727983,-6799.244857266621,1,106
1.068982284431905,1.1396613656847663,2.2777680872897346,0.4471877997885402,0.039682435945790275,0.016163056894821518,0.01928715938417781,91.67024317094557,-6759.248727235759,1,107
1.0718943977733009,1.0458663001864241,3.299278705371503,0.2985723726130639,0.04123161620782603,0.1786091426768103,0.05565085756419814,87.46792192990542,-6801.288568039438,1,108
1.0694096263205466,1.1134580521886885,2.616840687408079,0.2809820902167528,0.06641978520470522,0.08584171293791945,0.026417443820921812,91.00096357126394,-6756.391250814819,1,109
1.021148232035471,1.034947989174401,1.783757881683491,0.5180037246321876,0.035316021375618206,0.059221018853202925,0.04703951152092164,87.39898178011131,-6809.33420389057,1,110
1.102744565390356,1.0317597338964093,2.8318085725354862,0.4247509759162339,0.07913884011632302,0.03195731154286827,0.019175251269602372,92.5028514788097,-6791.7757446368,1,111
1.082132928802215,1.0867883146862454,3.2470669266541186,0.3358861434425539,0.05381643478104254,0.0048141359000237385,0.04155763938018444,88.66412816799425,-6796.6505628640225,1,112
1.060964303519624,1.1061076797924159,3.170516324595485,0.3519833236677197,0.06408119464224862,0.01216185832222934,0.007326582869699452,90.00410154693418,-6817.923003116738,1,113
1.076348919968901,1.1152568539678636,3.2337591145514946,0.38498583277528486,0.09668464576731209,0.11159922149212306,0.16254397007109017,91.32075575910214,-6784.173996107898,1,114
1.1190512366268413,1.061806622544457,3.5072006620406846,0.4170556063679008,0.07756087077142984,0.013309980304874241,0.04474232840452193,89.77822030515134,-6838.965382393353,1,115
1.128485524298725,1.1837953664772392,3.065997311473965,0.26534663348741006,0.03483616562276326,0.046516567205441874,0.08836445755754688,89.10255742638931,-6874.434783167728,1,116
1.06853666823563,1.107510844230075,2.8475800112321936,0.3933248071414893,0.016328672148493976,0.15269608615128374,0.006579349151532883,88.37744673031273,-6781.588662789164,1,117
1.086141486958886,1.109953847186286,2.4205434239413686,0.44590200641427724,0.06451082615818196,0.14407652265029994,0.06874564821803122,90.76588044751597,-6782.884758085184,1,118
1.078765029943318,1.1343312537741013,2.9798803313150635,0.40925852985440575,0.07771708789916691,0.09394732371507532,0.10396213347917851,89.98073406713668,-6756.1597594840805,1,119
1.0667441997789928,1.1139695509643042,3.5290686985690956,0.33385717246562024,0.03224610958742735,0.11379764260711205,0.04105082342500313,89.67271256675615,-6818.802026919934,1,120
1.185128862262672,1.1316830448452682,2.0996733383436155,0.4457554926021103,0.05867098499709028,0.02387142193469684,0.09741640357451826,88.97755434213575,-6801.990654598576,1,121
1.143331291748018,1.1033060724372454,2.303152116244328,0.4525502398726191,0.055657111480215876,0.04282367996056814,0.06979520312209435,90.23762881152413,-6830.726915152216,1,122
1.0764682684872107,1.0345348195346749,1.3416533957236003,0.29612709241002966,0.03159535635834025,0.02254542889061505,0.02882991076268422,91.17962058884551,-6819.144176089752,1,123
1.07796875000029,1.115236843750185,1.6012107199396006,0.4833307847927842,0.044111883616198486,0.08049705312360272,0.08850984079373982,89.85307434965277,-6783.64938539016,1,124
1.0477537426887378,1.0461119748576304,2.1240698899792005,0.3807401273813776,0.041061339402506114,0.05707189248344555,0.03843104056551356,90.73745005736879,-6796.1624684527815,1,125
1.1312815680618944,1.0784540591120557,1.7068339803926247,0.374576560394387,0.08140148476834316,0.050185807633766115,0.06350065854698976,88.42806124117638,-6824.677559641555,1,126
1.0505461155441007,1.1052944186182927,2.9275239478920323,0.2751174927366297,0.10192652280513616,0.024958709920818396,0.04713766464962347,92.139282602755,-6768.938347011053,1,127
1.0694108621188807,1.0895233284003438,3.457274077356764,0.3050199623603749,0.06099096080236469,1.3356376767257954e-4,0.04255230285360841,88.26838878505956,-6815.949313865806,1,128
1.1355786452930254,1.1134972329787647,3.8989361778825806,0.39129634217681897,0.06992818751252404,0.0726674537127164,0.08001091440137159,90.17931929300951,-6787.11532427037,1,129
1.1233019654934986,1.1522100345293405,3.293367490341149,0.4786051540602068,0.11683071664081829,0.04973977120146548,0.17858459668038515,86.38303544314142,-6777.140354790087,1,130
1.0375699259043714,1.061934280801058,2.4010625604922535,0.5648508752617061,0.029366360785218915,0.05233050777599486,0.03678774949660795,89.52053694434173,-6778.089529835319,1,131
1.1831188175389136,1.114030504361676,3.405562220027055,0.2494101535486138,0.04950865551710605,0.022386195006080786,0.03207049004870478,88.00506186986898,-6799.774760229231,1,132
1.0837394674512546,1.1095286245000437,2.883323611998691,0.37865486229829964,0.08754972815884852,0.1649864675383004,0.08018341920290746,90.52367468943987,-6762.9685744503295,1,133
1.104598993145184,1.0597334101658717,3.433435098657046,0.3064551506475498,0.05455365049316676,0.01054689210704,0.043923775819780235,89.55892288794267,-6833.152525550073,1,134
1.0396578955100393,1.1083361088065018,3.7454981862548937,0.37359297281462306,0.05157903611952349,0.03065838353962053,0.09486566041539658,88.66000338815506,-6802.627746210119,1,135
1.036632411973949,1.0431493366214584,3.96969078853243,0.47745512898464687,0.018506076666937907,0.08863294847077577,0.01710042520632151,88.94258280428046,-6839.270886380493,1,136
1.0881017376812312,1.0855699583204907,3.9251028075224816,0.3647013927022078,0.05532625442676207,0.08557674496515956,0.06818324123871818,87.26056424339217,-6792.118295577109,1,137
1.0237065712595006,1.039102313211226,2.4000157929098047,0.3246274784361869,0.02192849253372657,0.0022985338617654274,0.002837609694040983,89.33892997039293,-6823.831571928191,1,138
1.0327902327806089,1.182395360129763,3.8638949625870587,0.28808767250156814,0.09399101960863657,2.4459822452496877e-4,0.1686867221807111,90.0446365375888,-6836.819769780026,1,139
1.0937035064887846,1.1173582377177933,2.240846758602815,0.5050746619647978,0.06314922431025771,0.019151791486499686,0.08604674466301378,88.85579321568203,-6829.137884835612,1,140
1.0705041543967908,1.0661149908374552,2.895648438379958,0.4966009444322855,0.03420570553827602,0.07751913232855488,0.010880292811683298,92.82869249088013,-6846.9106546952935,1,141
1.0753096814342384,1.1594706463439497,3.2850579672364044,0.4104844516906016,0.035875213408825615,0.07749755635091009,0.06303465643816059,87.90530608894596,-6783.730940525833,1,142
1.1251877980192442,1.0968629162616679,1.7610612054569363,0.37319102888932665,0.06289986666771694,0.038743636634942874,0.01705171555109723,89.80051384580338,-6768.5183869319635,1,143
1.0855339080360844,1.058147758997555,3.1462926090942593,0.41836749032305837,0.05496690250755174,0.02721198843649632,0.039762361497644665,86.03274026058509,-6829.844455288514,1,144
1.0433895435707115,1.0758152106644736,2.304527385813771,0.22933929218936455,0.026500068005878626,0.10498345639299682,0.02062663893989891,94.12876436593247,-6830.24464064266,1,145
1.0740560432241926,1.062027028882507,3.243443083403836,0.28906796169642673,0.051008814174851265,0.01984002566231081,0.023817743969478014,91.35169670085784,-6816.10445739103,1,146
1.1406722844458002,1.070490650505671,1.2751176540158315,0.31364380835900174,0.08213422318173678,0.029058123246518117,0.06260529551587948,90.95422626943993,-6819.241349724521,1,147
1.137273339379345,1.1583237779168494,2.025939024132637,0.40567160253970075,0.0715203466669101,0.04280151638656237,0.0487858974941934,90.15347622034189,-6820.3880499996,1,148
1.1206488716664649,1.154988069675717,2.9775024399053436,0.4028981579553687,0.053115212094695344,0.007704274132011453,0.06416116283030104,90.40075970678834,-6873.501058942811,1,149
1.1445201830648342,1.1156717678181285,1.6956097141634934,0.3550991143422797,0.08069440131552064,0.015850773378325054,0.014079552666306526,90.5735701163535,-6798.13324550913,1,150
1.081198294398248,1.0604297878029716,4.266930762431753,0.34735753972889916,0.06421568448147447,0.014239838812915023,0.03942294310406886,87.88695094014489,-6876.379222483012,1,151
1.07297031521357,1.107261858512091,2.850247994083481,0.5033992184767818,0.03437167322242975,0.17823292852581116,0.04631835169718441,89.66351992832978,-6794.099917641354,1,152
1.056940627100456,1.1270209155013435,1.585695647834152,0.321081351068124,0.0315447320424196,0.018360608944409884,0.03215444899643974,89.98065081360194,-6763.705445194933,1,153
1.078711209420181,1.191634247332856,2.8359872231737326,0.44206656025036056,0.050677909360228195,0.04014822867080758,0.03892708035295758,90.48333888210831,-6896.460706886228,1,154
1.0234617032465132,1.0958092453029846,2.1252972688888474,0.25258787222273005,0.01714882697477553,0.010149161098911718,0.07839596802596502,90.6896829630339,-6819.573702292686,1,155
1.173246490421175,1.1708902521439906,1.818183057450095,0.4605854294039091,0.0600150882266959,0.18520848927690958,0.07874021730823338,88.25060494460949,-6813.502425666586,1,156
1.102095352932302,1.1666247201857929,2.6022422503403626,0.44993102092262505,0.05123928456646582,0.04861461279331251,0.14215942549105867,90.08966011419766,-6813.134266024354,1,157
1.1098027230262089,1.2536423762687308,3.073099851306913,0.3949413420377598,0.03355895349577183,0.14797316501305274,0.13691958408668875,91.8690058468238,-6789.43932148242,1,158
1.0594748784807193,1.097796535840568,3.1626332657366425,0.35779454433282687,0.03510466838773583,0.10632778311015419,0.09278654699388969,90.75862395966544,-6779.159814031282,1,159
1.1100109350817315,1.15270691747541,2.9487176232463685,0.37189620521410927,0.03225845528965422,0.03224481953433328,0.03433337861586225,87.90891039924666,-6790.616386471653,1,160
1.0701702702382936,1.1471585220209033,2.84886199344245,0.37802473041180834,0.02648526479706068,0.12930667462440307,0.019323049168129804,89.16741527540798,-6866.633934508641,1,161
1.0953833621025297,1.0953114940890645,2.293955039648163,0.48843399746443655,0.02847510275177312,0.006871937165975528,0.044279080299384155,88.10045203521466,-6830.061108476598,1,162
1.0973420222741002,1.086750428309559,3.899980542898684,0.3256230285187895,0.03669053793891297,0.026825038675842572,0.019308637902002695,91.7960235846456,-6767.866467287093,1,163
1.1817573494015172,1.1585815029264506,4.773478073361823,0.43552776882118494,0.08416606926565472,0.1373004793520122,0.007737377651235477,94.01306846793983,-6841.272258799173,1,164
1.0396412791044112,1.0626256267422443,4.022873495835519,0.5012008466656815,0.04719890451992705,0.09478839914495725,0.003256155283514018,87.52704541721704,-6759.161971592277,1,165
1.0999683292260485,1.119048541697962,3.563241167086273,0.47913860782928597,0.023172347909850566,0.08779944863704034,0.071552573720378,89.62262260846838,-6830.25927133668,1,166
1.0883237040818936,1.0891204290337924,2.453769718338838,0.40842544546539267,0.08106731952860291,0.0357806093835103,0.08166284166145556,88.9791568694585,-6772.94620321336,1,167
1.1100210388446714,1.08968833874151,3.6687270547060513,0.26775711567615945,0.02810992543579489,0.17795709662378406,0.00713427976485043,91.04028907281251,-6843.121286252197,1,168
1.1180659601929432,1.1705296562807432,3.713672165704731,0.3558069659929075,0.0911555932076195,0.17785260651360177,0.0663660820124339,88.90710761643581,-6754.085006189585,1,169
1.1959093482091114,1.2064236717337353,2.0837446806560007,0.4219183138551042,0.05219757454194033,0.032542273692245584,0.05387294660241016,89.8171505380626,-6837.854052242493,1,170
1.0685316351389142,1.0965148984976363,4.109616449833952,0.44110919943834903,0.0810071591187716,0.028551383025200588,0.13043567314099375,90.08466076935518,-6827.025464242897,1,171
1.0931307004831983,1.0400014182084558,2.0434283926767454,0.49876772324574736,0.06277934975002265,0.07640941141581636,0.009941677006718629,88.35617376520015,-6786.085336399624,1,172
1.0895896373560818,1.0294122935907095,1.7651489008666577,0.19072412809416686,0.04368827195836921,0.07082898367483806,0.023718872012491336,91.47164996404581,-6791.979743395641,1,173
1.035859058860962,1.1502473351872449,4.265542305590737,0.4174871499518373,0.04314710822404129,0.012567815798414853,0.054204389136039345,89.92439489779684,-6790.451450567718,1,174
1.0780488543388858,1.080511772179518,3.1168567517713446,0.4194934361389328,0.0656745169348269,0.08578570508254274,0.0031417184024067272,91.12960196495938,-6795.847008159068,1,175
1.107499346623833,1.1008738465694834,2.3644364942610987,0.4503280313678986,0.0451549886456188,0.06311433539943892,0.006621689844756241,90.5171284926886,-6751.74222987929,1,176
1.041733659307039,1.0648306796252291,3.3552534124296063,0.5093292798625813,0.015136126211906834,0.053903821704998904,0.032308506520281596,87.24185771588431,-6771.829328292964,1,177
1.125963066160801,1.1025192595534286,3.060016914393969,0.4659360915740374,0.05896518932433975,0.010271654471594328,0.028750530207762692,88.61132705654373,-6829.5831792116005,1,178
1.1151300714052161,1.1946969315185634,3.5312588598449275,0.27716839478411537,0.03418757252986571,0.008800484418180208,0.052819948758957645,89.58922109442308,-6766.912383713139,1,179
1.1075514445728158,1.1748063595501959,3.4799524588827517,0.29645898704829554,0.04225540239354878,0.01778240357902864,0.0851117138237408,88.62922142690833,-6808.643182465374,1,180
1.0705076339166926,1.0801671085526894,2.811868408515518,0.38937239960881914,0.04558594751094834,0.014594124724090949,0.050517680382526464,86.51257789287865,-6767.877608603917,1,181
1.1229779516577008,1.0794246518537238,4.016806528043237,0.27914445812650673,0.024534243476848593,0.18973844061332942,0.005094428059177307,87.29636203978684,-6814.780205096483,1,182
1.055903990604567,1.0723001765242985,4.25184340734634,0.37591201296807664,0.03904006225338347,0.09021915920807862,0.02734757439933053,90.25120451635819,-6792.998344942428,1,183
1.0736985690184717,1.1021855693873555,2.3816452996819453,0.3711043190242058,0.023938627913594836,0.00251703431675742,0.02358451339759744,89.74433060060183,-6844.0655405535745,1,184
1.0662678377145138,1.114355201903649,2.77401390972574,0.42303447266054073,0.0488675149821384,0.03328760811745081,0.048430227864221326,91.2428251184044,-6787.074205941106,1,185
1.0541746502715867,1.0190698955901307,2.276904573062352,0.47195591818150867,0.024128558214584064,0.023796973802462908,0.05915730806060558,89.00241634050835,-6816.541687945274,1,186
1.0547319514282845,1.047771266572121,2.8355348794358313,0.4500969497325111,0.058752322249325646,0.09518393174091394,0.054786094758764205,86.22293025717047,-6806.738419217701,1,187
1.041126078523414,1.0474493400961211,2.689030961129468,0.3718239957676084,0.06243965331102454,0.04258408055436256,0.027426312121699697,89.75357264612158,-6800.519479752478,1,188
1.1536308346915831,1.1334903661404012,2.381186313766789,0.3624895453697671,0.026701537851015523,0.045950384988521005,0.018467993394111926,90.29946178321063,-6834.959550296513,1,189
1.046933099520006,1.0183876354659063,2.3317295649702037,0.4186962954051919,0.03022551161556543,0.010732417262650038,0.030462034776400467,87.46208913307142,-6794.279918059785,1,190
1.1431177242597257,1.1262958427305994,2.9423286095254952,0.3727098687185558,0.049607179641939655,0.12204962891310482,0.04107430892328208,90.42411369400396,-6766.617581757417,1,191
1.085776441074531,1.0667635953166303,3.923258285210544,0.2546982408247544,0.10258098442128889,7.973653117097676e-4,0.035133525323529174,87.92330441908256,-6782.475865019136,1,192
1.0934946865856188,1.139526496997821,3.598689329921739,0.35709167325274704,0.06851969324522976,0.013410748269758804,0.04727084603688393,90.11269066392796,-6783.6123759866205,1,193
1.0698160783915103,1.0600529109938248,2.662898818945363,0.48634747328160804,0.037957651336794726,0.07096426236797844,0.026120808207689333,87.64787681138375,-6801.928343570341,1,194
1.1301565213525346,1.135800994003181,1.9190297091071402,0.4249042034732774,0.03919970610634681,0.11177087410727135,0.005831258645887173,89.76586418622084,-6797.407291892502,1,195
1.0708059292443577,1.065485388225037,4.061482057767951,0.38064869795919437,0.04292852368084453,0.025255311252575425,0.0945122129699968,87.32560509820951,-6818.298079666489,1,196
1.0700680312100712,1.0940741924625563,3.8314242059953867,0.45568065710290867,0.01259960080961624,0.004417624429721482,0.028895335116571292,89.3105594149536,-6822.380991982763,1,197
1.0942526503182752,1.154526986270953,1.6991214043492637,0.3110438548753167,0.05206773301259912,0.11446116719440463,0.05289705994823669,89.51284537586537,-6795.816302176767,1,198
1.1183024764813012,1.1198773876911061,2.439789394526208,0.2665434263570208,0.05758867657295902,0.017371703858852415,0.08840995740528754,91.79530309743822,-6787.42518055601,1,199
1.0200522339428622,1.0313974106485275,4.0804205582158115,0.46555849812668415,0.023513773461377563,0.16606588502369357,8.290210516828132e-4,91.24144546169836,-6814.678395020593,1,200
1.070436809605452,1.0828879968604266,4.801688623669047,0.32162979833332933,0.02684771557221505,0.1040970629426222,0.03518932056062612,88.65004831315275,-6789.5598371741535,1,201
1.0965052849868133,1.0493161824047683,3.4413333816547547,0.5025389317247608,0.03321187854176412,0.05606221663778482,0.03550916889994969,90.03224406136948,-6813.461653388995,1,202
1.1136905514649322,1.0869838219640608,1.9314979542041772,0.44405555443561784,0.07655799911980789,0.01839354684622118,0.027829683762012093,88.74518671544257,-6807.467743339484,1,203
1.0724532968015574,1.091525100811695,1.0593444327450956,0.26361694924087914,0.031183712201509874,0.011683319354815196,0.0048482095178830455,93.05292579001816,-6830.603604052054,1,204
1.080498107127092,1.1108415132074045,2.416463787284677,0.39239486671478185,0.04180739484871554,0.14215679270359013,0.007204101258926123,89.18229204120725,-6756.564745498031,1,205
1.1314006559767686,1.079026283795759,2.252706466246649,0.37014588270924326,0.06332996089062405,0.03549960016712622,0.08226219125208235,88.54932291392713,-6770.785718329776,1,206
1.0416246531619893,1.109523269922705,3.1026263693365985,0.3286656528220431,0.09081701203669988,0.08332037971449471,0.060967287222797206,88.77549852379546,-6747.542875703301,1,207
1.0693666312058567,1.2332998355779026,3.4849095348692933,0.42560437489415126,0.05475877362400846,0.027336753897537886,0.0926457630711851,94.56736615808185,-6838.500964883773,1,208
1.1208442266634011,1.1898367616292274,2.670024801148147,0.39981977069310765,0.027206721258986377,0.07165482478037057,0.07754114712819822,90.44512056191945,-6803.010195166958,1,209
1.1156978895347627,1.0550021610601892,1.0050510955636505,0.5490076543749277,0.059128647478844124,0.009422251789175466,0.058231355758626084,91.20929652216113,-6808.770603046712,1,210
1.1109647686477306,1.0727728402356638,2.3693889005711504,0.4575921440329285,0.053945279346160835,0.00952448112186898,0.02601136922901993,88.72503707503712,-6813.395810678887,1,211
1.1619618530093956,1.1666329741569943,3.117857270852719,0.3951519747253844,0.06461589791901169,0.04691584543766174,0.04540727136831873,89.529057606848,-6789.750307311874,1,212
1.072042970819535,1.099310705530341,3.8237517781088606,0.3495907589311993,0.02920551373236386,0.11102440961339577,0.012712375514590929,88.51335604795295,-6787.232938704932,1,213
1.1325467301033971,1.1670184264161443,3.6387214973556756,0.477307564217478,0.07001739386852901,0.042788754739023827,0.04517094454720465,92.71958143148312,-6786.078786342216,1,214
1.0227905100199268,1.0283880059850543,2.194599580262309,0.44955264984808263,0.055454697847190364,0.06706886579067706,0.03729654790831526,86.8774792605502,-6782.4803449999945,1,215
1.0508525577886052,1.0778412632352437,3.2374678997139257,0.48194964965601145,0.029802467005869585,3.8897122630010756e-4,0.008358995002295378,88.5821208285685,-6806.783261205783,1,216
1.0971191038255688,1.1165994135633939,4.726523868749677,0.44965836604634557,0.08137508129471524,0.058855130948469746,0.05608459739912038,88.67466766904144,-6838.79221411846,1,217
1.0887806285578414,1.1586925525634653,2.3759337560932354,0.3472076455368459,0.03939911350547926,0.01653643625060273,0.03385321653354506,87.83331494004132,-6807.119354659796,1,218
1.180236688016312,1.2779633971824296,3.3529776015866006,0.49135436024042056,0.09303425367560579,0.017626424312580564,0.12869591867389538,88.54597038682827,-6785.398793327604,1,219
1.0752543587867482,1.1445036217396494,1.382295884191826,0.47010596907530294,0.044098917644981195,3.029970134011024e-4,0.045115414391853445,88.16089318592597,-6832.307376658361,1,220
1.0375010522173203,1.1516840545994818,3.829418588457711,0.2531887147733945,0.03964171652997868,0.001795271753312529,0.03591378138891728,92.00943062219976,-6791.882809930068,1,221
1.1502599987533644,1.1145290833126735,2.4424960816765626,0.3099619037084417,0.08689314729058539,0.06568136056409092,0.029728818945286378,90.44293222763756,-6731.076104972724,1,222
1.1641895354822276,1.2079902422783306,3.0398859941270286,0.39614118343916516,0.062386714197914715,0.08765521730638587,0.08457540823092437,89.42086730421194,-6776.693301049601,1,223
1.0885920941122504,1.075544215922237,3.692653432307216,0.4115553696769401,0.07987178247182354,0.057635173019998355,0.023385486201494613,89.56607096350342,-6780.688731200714,1,224
1.1110053298534919,1.1154210637044244,3.6492573588471475,0.44441792412466335,0.06186242561293046,0.04970594637302129,0.0926666730758495,91.02668308928088,-6811.578866973571,1,225
1.1047943553459172,1.0764254390858907,3.528732089852347,0.5733380214591034,0.12881225781651373,0.06707689867700836,0.0016899864742296038,89.44659156079547,-6813.976212865356,1,226
1.109298476472105,1.0691948163389937,2.2408340815394436,0.34765161665810423,0.04899479530057476,0.035221805977606345,0.07082799277183383,89.31034394266976,-6787.715112629461,1,227
1.0841804070145404,1.0767582166695835,3.1071623165506117,0.4374092687298954,0.0018700849439729549,0.037644668362215104,0.03207663772200737,88.4185189241206,-6798.479762473604,1,228
1.0764382324033426,1.0728654587079967,3.9553438862273023,0.31066233617546296,0.06835645487199112,0.07295244616919125,0.01961127492485587,89.5942206397567,-6826.332622255521,1,229
1.0637662075731085,1.0723414114837482,2.2552861013535015,0.3438257566752384,0.07460886635067529,2.312222381306322e-4,0.04459401725528121,85.5359084703712,-6781.211469950525,1,230
1.1100030012947741,1.0982149383692694,2.627485757029584,0.3577961093651444,0.03889631536226082,0.011290367592563362,0.05165932212006631,91.99731582948978,-6790.560032470297,1,231
1.0655982369530563,1.086638838277575,2.7271598626191076,0.244687029491794,0.06225879494263625,0.06851643440980862,0.03187577822896787,94.27541436428864,-6795.440963869003,1,232
1.0457725016246502,1.057527357422085,2.6200596958380036,0.4483327878941048,0.05485971415259514,0.11806479851629198,0.03585943308976715,84.92222241244279,-6831.758865585921,1,233
1.0940727872647678,1.143231303746326,3.773661085697796,0.4938151145166588,0.02375073417584511,0.15365887951336654,0.0382868870110838,92.39509200294802,-6844.351915074687,1,234
1.0641447034902987,1.09658394439933,3.1633358859516183,0.35178249104004183,0.054793380419000705,0.05684832427212797,0.016859552799655453,90.80371699548554,-6841.697501926252,1,235
1.0659225868401947,1.0976412864307703,2.8816630974668573,0.24885847901122515,0.08055814825258176,0.09219525632312897,0.04332505867509486,87.99504136602552,-6840.6754320880145,1,236
1.109040775432766,1.1018506587005727,3.109644572583417,0.40531322072163134,0.03794809278998198,0.03764553156049807,0.03335845662163231,89.85158470813703,-6759.538873618407,1,237
1.0752230459450312,1.1250342225961252,5.220171226569838,0.3185266898717586,0.1066636511111286,0.2513597239275968,0.13512044121217853,90.90856968263485,-6736.337232967673,1,238
1.0533331835425621,1.112012763652213,3.5238817940116873,0.39411494090721483,0.06825472757274642,0.003091919830870128,0.13664770168836182,89.7967385063989,-6809.99391064385,1,239
1.0236703752242429,1.0170101723820366,3.6284223951870023,0.396305513837625,0.0742428734478242,0.04649033622297169,0.0632642480738381,87.68947150742736,-6805.358422005983,1,240
1.147298620184285,1.2510656500301103,4.158192793003671,0.2717003968980367,0.05104715332485477,0.01767870634000931,0.11405609673551736,90.71958025018706,-6820.7415922434975,1,241
1.0707010984939247,1.1239039313363917,3.1951244031124046,0.3895001908037903,0.04882179826872574,0.06893323187123575,0.04373423401246619,92.40501977860814,-6782.994610628129,1,242
1.0521820559837007,1.0948479232691426,1.8959679477598381,0.37718085980881816,0.10126301364896549,0.05282968109834515,0.005903340984465513,89.58334383689076,-6814.241681444316,1,243
1.053555628755828,1.0937471630794608,2.911334675438445,0.46785037832449267,0.04545604614278309,0.13883733231868553,0.017578892294352062,91.64627712893198,-6806.837919127041,1,244
1.0592533111673563,1.1306238811006473,5.834742248067671,0.337763267679959,0.03158647981053278,0.12429523124909064,0.0397799009439948,89.63502336045553,-6819.106314105778,1,245
1.0850896248478104,1.0725258653196341,2.7035274307596384,0.38657203277178304,0.02787550612672576,0.02708985153724023,0.004664521742824494,90.97432562358743,-6863.425841264919,1,246
1.1628341418323223,1.2696270479998384,1.2072713283169925,0.4508144570138687,0.06537820994791174,0.055332765631062986,0.10994533954265723,90.98729938314725,-6771.608054315405,1,247
1.1754018272442701,1.1377338159422303,3.5144681165653147,0.4498873451157413,0.07301138727906058,0.11464565535630968,0.051187261455222094,90.45042238666856,-6810.746072917025,1,248
1.0601559011190824,1.0924516283790155,2.621890244910532,0.3589089656434703,0.0563746921479655,0.03119161718708966,0.009296178910543523,88.30882946928283,-6846.684102245964,1,249
1.0633547102344814,1.0954500361919648,3.734827565360582,0.20507764910219342,0.05936303261344205,0.03478542169855989,0.033176680110450746,92.44439535036602,-6802.146986665521,1,250
1.075577152082915,1.0857423720796222,3.084056665135389,0.42890858856683434,0.04300158273447454,0.05939887535000548,0.07492778986388303,88.77954688921773,-6794.348220114964,1,251
1.1018367347321285,1.1305455458198512,2.582097236369259,0.40222432057715135,0.031471124271039555,0.12274515045089872,0.01768653438804917,87.08768573385193,-6803.392218255663,1,252
1.081997320722262,1.1484475917542762,3.380432408752092,0.21565382303696543,0.05504889905322189,0.09134614225353338,0.11728265257022595,90.83927292245569,-6771.302604959167,1,253
1.1236878399163617,1.1649520349683096,0.6331699465261019,0.3455839912449863,0.06823927631556309,0.010129475047137966,0.020618768405243768,88.95860338815133,-6792.811184521791,1,254
1.0924895361554166,1.185950014166419,2.190306463136309,0.3062469908283583,0.05398446604871587,0.0780804736415884,0.07904756572728096,89.97858190569033,-6783.780657785663,1,255
1.0524132932941606,1.1093892542976858,4.184066081208613,0.5145437389797104,0.04925534632669745,0.08204473541912527,0.09399923098033257,88.31409700500397,-6798.283804523097,1,256
1.1541007789213833,1.152048332626834,4.683362051559985,0.43117773172144724,0.04725740599143561,0.05795803870353043,0.06253639986394642,88.83913919060119,-6846.028364555648,1,257
1.0872475625688656,1.1633113156189692,4.224631191484045,0.5193107603183673,0.04407206569624943,0.0021378255995903074,0.07342565723639904,90.76848206040391,-6806.143856182712,1,258
1.1066519932069754,1.1680076799355326,2.4241692048133685,0.31447892434000485,0.08985430092654616,0.008760116403157017,0.07495742745078836,92.62399349508023,-6780.644731401305,1,259
1.1378709196017662,1.1257740297390457,4.569526920432527,0.493861482519086,0.09929951368510428,0.03797441850209151,0.05079105419083278,93.91625672707724,-6777.428633049505,1,260
1.165593886427807,1.2140070464511363,2.6720225291527906,0.5409396241699113,0.04235395997746581,0.07035682296052362,0.019983204322939895,90.75120644753271,-6781.929469688458,1,261
1.0800665538229763,1.1173442448337927,5.297953798654165,0.34439247373051923,0.03148273886738764,0.061573138242198004,0.032232488723642254,91.33592677119996,-6801.201152890183,1,262
1.0731985031559252,1.1282492628392076,4.385671273304183,0.28607489952231185,0.016508569391322198,0.2239009501479065,0.10128190529623193,89.84086882110363,-6836.182593731901,1,263
1.1428241809158466,1.0911623597096225,3.479951650857276,0.39454223521561727,0.09966699532985192,0.02295587881702544,0.05026496126189365,88.91828479783665,-6820.669920733257,1,264
1.0900769263431536,1.126775967916827,2.6626336336366943,0.5444669398526147,0.014435582894825067,0.033605783244759865,0.005623749814422287,88.13152495726214,-6830.306886482584,1,265
1.0425885264559691,1.0716100695649364,3.151528833932834,0.3650760066982231,0.020656483038682328,0.014334274485744465,0.007349603242038984,88.48854764896356,-6773.14238742563,1,266
1.101633567017844,1.145921378930389,2.192870865040378,0.29340890756227733,0.045344010782263265,0.0678115195492981,0.08838891876581818,91.98003455272536,-6825.962994345705,1,267
1.0640322245531764,1.1057538386310615,3.9219428286863125,0.4249445855049361,0.08215080232596468,0.09630309367165597,0.06208653377411403,89.4139226704608,-6799.492961937857,1,268
1.100366992167445,1.0780599237860435,2.4035159976201257,0.33594164865237014,0.025840171548314254,0.10669121129607191,0.008962082418721585,89.39852046299707,-6781.09844919361,1,269
1.0674465670157858,1.0972004133145283,2.324024973516571,0.26596653922639296,0.05353792190959235,0.0211796718385888,0.050884105086731274,88.84409460156184,-6761.4100981748,1,270
1.0202583456872842,1.032145057830467,3.246669028026711,0.4362107456466755,0.02663311972131876,0.06934808263206278,0.01723584434696294,88.98043082272937,-6850.212428571805,1,271
1.010408760961706,1.0637561529612019,3.2801981211920515,0.30430436643329445,0.07731672611362293,0.014769791528477485,0.04868720359940496,92.18767722651383,-6880.806991988712,1,272
1.0357085902004277,1.0685590578644872,3.731131146762087,0.29860553558821157,0.025306568233275855,0.09914718462477744,0.003060904041195111,92.2319053729431,-6783.234664544643,1,273
1.1673808077921253,1.2290237662327639,2.414008003615085,0.4880574187871514,0.052501113070035736,0.12056896205507366,0.10990965000711098,89.57967932503726,-6788.685919939989,1,274
1.0189831266386442,1.0926059859765072,2.144603170577867,0.24411819875268792,0.012805752999518409,0.008944428716433804,0.055184193346298586,90.90270385592866,-6827.363768598815,1,275
1.0566829341744546,1.08695918258862,4.346043195558682,0.4300453753901215,0.019364263976991487,0.04438724509963775,0.054916577255010514,89.30134945443066,-6764.491655752218,1,276
1.052560477228803,1.053928372050321,3.66152766510501,0.4671317056790386,0.015094252383322206,0.010128365430309436,0.0439817401374556,89.96251827884686,-6847.247528860727,1,277
1.0758223166954501,1.063429566804768,3.277164129568559,0.496265801523755,0.051176414903908,0.0035857196478443036,0.03739659237162191,87.657372709488,-6807.269261376472,1,278
1.1041704205367353,1.1463265241517009,2.767244976437926,0.3561115605300854,0.03833703177940233,0.17451003550759153,0.012622572021349296,91.64734634496823,-6811.419653706885,1,279
1.0532462222692476,1.0549257741656692,4.484868519917043,0.384144736628313,0.016887901511114137,0.00962249692455031,0.04976273559884994,88.07809480874573,-6824.057063706942,1,280
1.0752831140133228,1.0613422194414186,4.415564504132033,0.30784751073135863,0.041927882963914004,0.013732302226970894,0.021571925976330956,89.80242464472332,-6819.6920039592005,1,281
1.0256773993783712,1.0973210821745012,4.064517001630047,0.4104617493148724,0.05578430145700451,0.06051094086667424,0.05674467092574925,90.95183755813751,-6747.504049913311,1,282
1.1087342529641222,1.1242779217595131,4.77833375913004,0.42108687534334577,0.06094314199255064,0.2697191616149339,0.08483443038899996,88.3038058620482,-6812.26495187695,1,283
1.06799299779342,1.033058171269069,3.0680293735641744,0.3504694668542758,0.0582022767639054,0.005790565462388795,0.039336816099770876,86.5935236489532,-6785.489188114639,1,284
1.0741115785868078,1.0835976988462057,2.102662477595504,0.17810880940058396,0.028144095983840177,0.062106501733726414,0.0067289424880305464,90.73904489127867,-6805.034459258207,1,285
1.1108661411032443,1.0943139257534575,3.2322664216624784,0.3802037619536328,0.04957892512992125,0.01021886471995811,0.014873392511288804,88.83818551017838,-6814.296410083043,1,286
1.228158067788781,1.3273058295452294,3.314921307336158,0.4922364705433048,0.05739397433771247,0.045525102830096545,0.08758679297994405,90.60489681690775,-6815.9684632905855,1,287
1.239958148519756,1.1684290171117682,2.2963143171403337,0.2602668683175161,0.1129685671368732,0.08432530249681129,0.014861890286274835,90.58774381212947,-6794.196168596515,1,288
1.0876113586788838,1.0930375466671003,1.2981748522538226,0.41492908261864614,0.03517435933645223,0.0844426893500529,0.020812984363748697,91.31943170473174,-6841.171456085613,1,289
1.055290766752075,1.1318964452496432,1.4651815008634328,0.3278970058801973,0.02533787529218463,0.01781006849774586,0.0298210665495333,89.95688701742554,-6778.501575030664,1,290
1.0351148888089325,1.0512621620609002,4.4994536019347295,0.401326887248607,0.06900839730359175,0.055246887123774964,0.11090608198253614,89.5814036172948,-6798.252915776453,1,291
1.0855501334649866,1.155438674512215,3.2120168302046754,0.31653353092605324,0.03135631850741798,0.011015491762037382,0.07970152984511836,88.09324580164605,-6803.163390880284,1,292
1.1119256448815968,1.1417410059906092,2.5029694374914633,0.3678392406023825,0.02717436913630414,0.051780908468701675,0.07791544109723719,92.76877981324623,-6797.257799936777,1,293
1.131091925621872,1.1234372662584913,3.4250092411514363,0.26020153497154397,0.07201488806355495,0.23739235008914583,0.060557567527595516,89.89765555063038,-6816.73499849241,1,294
1.1369223198482978,1.18524828354307,2.08510310781584,0.5621662534311814,0.10214104429399143,0.03149846401128698,0.07805345860130844,86.33371861447091,-6770.534241581567,1,295
1.0499969794632495,1.1307351962864476,2.416124767438228,0.4540472739603384,0.03178385933861232,0.0013075592888312588,0.02688294025544094,91.66557108107979,-6786.236743606428,1,296
1.1257358049815651,1.1260279967049758,4.0236103479370495,0.3495591586398089,0.062388206973562496,0.05216250525763115,0.12976321590674478,90.06501533786661,-6784.663152420832,1,297
1.1511103572010035,1.1753841699653307,3.5918852163660637,0.4386642250302581,0.11671423629601325,0.017455805840133856,0.04791801215300864,94.53409374893592,-6788.985539720933,1,298
1.0734908068171054,1.043441887131212,2.3060325346534873,0.42889015662202135,0.02903261423607692,0.13928834948815894,0.002956237320546003,89.94315456113817,-6800.33552059333,1,299
1.064839831722266,1.134201771530534,2.8908327109945184,0.3455064110577461,0.05559549017359687,0.10813882485934978,0.06433740699301328,88.86204896144453,-6794.170752151791,1,300
1.2034625922554945,1.2285666140335887,3.340956047096362,0.3653305176831902,0.11530798016695064,0.07705977749274237,0.07749621700123412,89.66092890427046,-6816.289233966691,1,301
1.0784341119109455,1.1260790271017487,2.615317905089391,0.380509282416153,0.06625753412917064,0.04490304107365661,0.030120404155773033,90.71561400487376,-6792.166042016579,1,302
1.117308375785177,1.094617292101723,2.6314259949690864,0.3520665470623725,0.056394447663954204,0.00270092543474897,0.001348516292819759,92.34333331035393,-6814.117184388709,1,303
1.035247474152222,1.1298455316681622,2.9641415969858587,0.4364419467286686,0.06731374900273264,0.04236542993607488,0.1045134865712205,91.23389850620252,-6775.787650824402,1,304
1.1909161091001432,1.196433886239224,2.763766290007392,0.5379078207415238,0.04620684607065236,0.14139568774596004,0.055895711481094276,91.48898692317488,-6765.387114725489,1,305
1.0804507948269502,1.1651860750805296,1.7963201850789419,0.5153001904239569,0.02321996152397067,0.0014397117685925071,0.08678856250199485,90.84232784179993,-6818.057567584169,1,306
1.0089687725496244,1.0173418528933431,4.681149912630516,0.4295677687083335,0.003061874600972616,0.06012183254478414,0.04125761975128127,91.7834069175743,-6798.589736565309,1,307
1.1158741082962798,1.1495859788752771,3.277254977599793,0.28413349224060763,0.07085088757607713,0.06695867677215833,0.02830970698342101,91.49977267269259,-6790.015955413748,1,308
1.133253680374594,1.0655401574818189,1.7720618753281874,0.40535429772773085,0.07906850488508523,0.041036190788458014,0.02913113810010349,92.88609090620372,-6821.104352306174,1,309
1.0605679944986806,1.0695104225768322,2.73248792532176,0.41462224638632017,0.04252100527667245,0.10708812031238543,0.021935270693963164,91.38288350078216,-6814.497515509168,1,310
1.0528466066083009,1.1000673946435884,2.4478933214866747,0.40784962303726296,0.05169246365706443,0.002431367522632304,0.04612493274199607,88.4879616928083,-6799.3219758358855,1,311
1.0436975502102128,1.1043469155460637,4.210912957453824,0.4283783708159301,0.062130959752956356,0.3445404742812324,0.09681523681446803,85.33334899054242,-6805.472944784683,1,312
1.0414925012610536,1.1049779522558003,3.420696016879476,0.3664123996183622,0.02610594851867789,0.037330428123157386,0.014738953077835267,88.37053294870394,-6809.628087869886,1,313
1.0615116671494962,1.0414574391859894,1.4574505708880523,0.4969822871322263,0.038280952942640126,0.029284074846937652,0.01389486814564812,91.24590830404436,-6767.940051519506,1,314
1.16791812624451,1.1982670706416032,2.524098650188652,0.3878358785717705,0.03306361509760458,0.024752547808211584,0.04193887904365846,88.95866352141276,-6817.665838018281,1,315
1.0208439727195773,1.0170381329488922,4.334524799967146,0.33061809028733596,0.0785657033718965,0.027580337650496375,0.08615672348069711,89.23445091664225,-6810.350126409249,1,316
1.0527439642492442,1.0491492356454668,3.2304568614057327,0.6287686166305707,0.028343611908816485,0.04954874258614544,0.07470993709595825,89.09040737561686,-6791.046502133457,1,317
1.1183970891016732,1.2047025881805868,2.403294527657497,0.35451742082439563,0.042348316146739506,0.0711251923112044,0.03394804924416963,91.35387936773303,-6825.318094912772,1,318
1.201761734762502,1.211568058745049,2.2888512088792092,0.377857232246809,0.04119834464294786,0.07144568886715554,0.022998429509584264,89.49318311826804,-6783.206842228889,1,319
1.0367121227851326,1.1125790681608274,3.8984495988545738,0.5019389457306785,0.028025898575769936,0.11351836266306271,0.07039696064632338,90.16081829852352,-6801.989635099484,1,320
1.1032266217330495,1.082613951284407,2.0808120938714825,0.3679790906820765,0.07673479883649988,0.06120235319057708,0.06511536529644583,88.4557160527913,-6803.705529976911,1,321
1.049678938509121,1.1135251191523614,3.8877155632804676,0.30771650082465013,0.024677635484867472,0.01599167567552015,0.05553665593828202,90.1877908845131,-6805.982100113268,1,322
1.1619759205318563,1.2205863195072224,3.054992327258857,0.5425537096538411,0.13455432284555016,0.14122414320876073,0.08955860319854078,90.94713409401942,-6768.577692888177,1,323
1.0802896001451814,1.1477904564953993,3.9163581751234164,0.4249079907252995,0.07020799168346847,0.015920070117618285,0.10553911795590795,88.83392173587825,-6843.071677264032,1,324
1.1039290821469645,1.0754976390262394,4.629741881007538,0.257806537927939,0.07184996038455026,0.10353944131409247,0.14341513964622216,91.78844855358629,-6832.024545778702,1,325
1.0770833489459888,1.1035668956971145,3.260982201060538,0.37471161975641,0.02823259962721386,0.09425225302326724,0.0051526474587102996,88.23432750191795,-6814.329130739875,1,326
1.1562001094231773,1.136346739804964,3.271291871294458,0.40831104083878733,0.08062038564081167,0.011458163434976477,0.08878833399246827,91.09960120197384,-6781.436427623954,1,327
1.0854700886106,1.2174213693049567,3.385636179841383,0.4846478164230464,0.05019192123492983,0.025968775596431574,0.12201774312959822,88.48948840415181,-6839.840381545599,1,328
1.0322398553818413,1.0472177022828062,3.3091312734905425,0.4618375327805542,0.0427466810391537,0.00921229468783803,0.07225366055392352,89.15186202679374,-6807.632231597051,1,329
1.1226484615861898,1.121092225173363,2.3101004689693343,0.338312234404071,0.10192375384906002,0.1018756298270596,0.1173017867088916,88.4680370346133,-6789.144888313933,1,330
1.101721911189024,1.0969858795026428,2.68087846455602,0.4545553898569455,0.027053602181820183,0.03581344857908111,0.0049757150174277644,90.85824404152989,-6774.844386004784,1,331
1.1523999706364698,1.1913782807880806,2.795826300469481,0.43834748055005524,0.06521192051336068,0.10606532084628331,0.06421786430601452,90.11914294292924,-6760.175621366605,1,332
1.0629873962550982,1.1437895222650822,3.2254381977307363,0.27265625512373,0.017153355836668844,0.016136487107975342,0.011117582431022172,92.52657009825,-6786.829624166333,1,333
1.1341215844733896,1.091885216517488,5.7221025458256625,0.3895149907102416,0.059650842403612,0.04568927945076372,0.12247943890278484,89.49033233570857,-6793.741452445703,1,334
1.0968874461340858,1.0858774920285241,2.4378491977961247,0.4358878187677925,0.10444338036921319,0.23255041848990782,0.04512225614659932,91.16133184594523,-6811.6699001739025,1,335
1.0116222483564916,1.0630000832965345,4.474098341054979,0.34660568208269815,0.05573233231518654,0.03224693462825581,0.007303235378680292,89.66433757992792,-6831.687409525726,1,336
1.1281511472815906,1.2082731762083234,3.7109750192223436,0.37574725126321074,0.05975030163378312,0.1697029594692146,0.05342973727757855,86.1268884877412,-6805.570194514389,1,337
1.07486285922108,1.101903739208382,3.3265827397808185,0.49798424753414916,0.03962038717915223,0.005230090128111987,0.06912510287665619,86.49476533367171,-6828.4501128804795,1,338
1.0902144771113749,1.055820835507239,2.6858101272981214,0.42254189491988137,0.03456597944372223,0.031745931479603494,0.026367181680254256,88.42130844839741,-6824.363286399544,1,339
1.0994298803793079,1.0197448053500295,2.7314895848454865,0.5208037722700904,0.09469677462296464,0.049580841433763526,0.07743264945947059,89.22410984970277,-6821.623423406317,1,340
1.10774761181384,1.0736986776932653,2.656670389903483,0.4526189174606324,0.06883865396248758,0.07485393841789231,0.0320075878065923,86.76817901678953,-6805.520840730442,1,341
1.0813968169438575,1.1219958662623837,3.7354006111390476,0.4524091032785972,0.010792435960215747,0.25770563075417485,0.03550984912927072,89.8962391942277,-6832.100980948463,1,342
1.0969181301823365,1.019968314335938,2.4601952758965884,0.3330583221689084,0.051430555319797164,0.028758426293346195,0.0033416467712503025,90.89299886163344,-6858.997390641758,1,343
1.0416952599638003,1.0740514145942597,3.44060674199793,0.4178723003550848,0.1146669142466617,0.037239732486226265,0.07028977693205424,88.90844405282186,-6802.189303329578,1,344
1.1191607294898782,1.0818828361317638,2.6855882371584534,0.4587884972550642,0.05988736755242951,0.034975836983170486,0.07464628606879697,87.71773454523154,-6797.594411081499,1,345
1.0538388696964336,1.0615051853483328,3.6792262409393652,0.48460621493583117,0.03603134237566987,7.850272230284543e-4,0.08134008183535754,89.6391961014174,-6784.151362660098,1,346
1.047766018992264,1.1610777993938521,4.580524086539803,0.3851168378007341,0.07128852598459992,0.08421809916823648,0.09662312756701069,92.79023438591577,-6761.325687419504,1,347
1.076232258506857,1.0830013473901545,2.8345923916987115,0.46379593478140235,0.06713757942191775,0.1861134644884592,0.0587222002441601,92.18538362275153,-6820.366702490599,1,348
1.022697559293125,1.059396632459569,4.482069568579283,0.3188132370177288,0.009250899573640808,0.011161261518237082,0.01619913735767659,87.39561092550687,-6870.551863435443,1,349
1.0435786417389041,1.0419917015908708,3.199641363410524,0.29375150809193606,0.07343003355808529,0.025041088847231392,0.04285273125062116,92.95580799883771,-6794.033860904318,1,350
1.0372616575961071,1.0367199537481089,3.808141757438005,0.3340532935569222,0.03994081652571261,0.07786211718124615,0.07155676267508897,88.45435681814433,-6781.9410412124935,1,351
1.140322715199975,1.1049668907238779,3.4104995815791774,0.2625207930048968,0.04040234568797247,0.06844323404370287,0.09524769318578612,90.62412118624954,-6812.253033183305,1,352
1.0323124523850553,1.095893917959002,3.399071948903912,0.32235654294206034,0.06851645417335266,0.23277776171171338,0.07214306985661038,88.77000485384495,-6778.358335418168,1,353
1.0592853716779191,1.1538443614933644,3.1417150481026628,0.37204342249990513,0.026470651811590466,0.17377740668415678,0.03425651586166495,87.36774349988842,-6790.506602199067,1,354
1.113471510510593,1.0611985653703724,4.249379888409652,0.478311730585152,0.06672473741050367,0.09901835411207992,0.06956922455515291,88.66595121752546,-6820.386801007643,1,355
1.1344286516118915,1.2328107533054764,4.00143013466942,0.42373322279158165,0.07311184721225246,0.013843112668676329,0.09202036108344475,89.78676187373942,-6834.354582058914,1,356
1.0309623767070002,1.0883283532836188,3.1243516204011206,0.33126594501086193,0.012744834944945499,0.04252469297867595,0.015170366914549425,89.33899869752749,-6837.897750776633,1,357
1.1008443539615016,1.1621969238171368,2.1662174306246285,0.3232018281470251,0.0693962775797767,0.025936365219942366,0.0792249570610139,88.734639154667,-6797.069963291694,1,358
1.0602419903058646,1.0995689793810652,3.77697914780284,0.4791528348215403,0.050751071073681236,0.10510820429026817,0.09467809413059175,88.44837222232285,-6810.638066334663,1,359
1.2454064574162342,1.3886437833508114,2.416604178972689,0.4192626951894593,0.06023613342572634,0.08526952870514662,0.1747729194822634,92.2427856013426,-6791.224267095614,1,360
1.0992862375991281,1.0794841736167873,6.442198909451165,0.42766116203089943,0.08529116651760581,0.02121817547240306,0.026145220252734736,91.40421366627429,-6806.209302503926,1,361
1.0975726217513808,1.0861912207925584,3.928728585027469,0.4782250422582833,0.035151736929826524,0.04272834964831954,0.02709792713962111,92.37437761239255,-6778.188201352143,1,362
1.0693450753454545,1.20655686675261,3.251744148156958,0.40145963780950555,0.07536059731738713,0.0421980338264265,0.08922026162465743,90.6546050327401,-6841.534888810161,1,363
1.052904279841133,1.145399149830789,1.5968669052012827,0.48889991865716215,0.05101475634629461,0.07131180142439981,0.04184097220941073,89.1396810077245,-6812.5351089626865,1,364
1.0527134671608362,1.0451438734883776,3.266112443628079,0.4222986337643483,0.05316519275187724,0.1683787581658971,0.08253572099731854,87.36784209532497,-6803.010032364965,1,365
1.1892145750297367,1.2932736379558087,2.2604164168463607,0.46517911091222025,0.10256574990636372,0.09740634459246504,0.05518874684700463,91.61648740345494,-6815.539651503512,1,366
1.1404316045051615,1.1657855027400033,4.203753752481673,0.5567997887724263,0.051484159398920856,0.06506422932067828,0.08615953794827631,90.37452024056086,-6773.2507579534,1,367
1.109450710719469,1.107119667911183,3.419875886582441,0.4690485326753324,0.03316233637679794,0.03412701113227647,0.1006717505870155,87.0246305438083,-6791.186309971075,1,368
1.0798304883171628,1.15040524514639,3.1518793191908263,0.2792300108855146,0.030455663809712902,0.23194555116313398,0.08038250543776763,90.70370123258509,-6818.839245097938,1,369
1.0842522862365773,1.1759707226434617,5.192145480819807,0.3966710976095582,0.02100542732497954,0.08374547478795921,0.00214772428725607,88.44317009123137,-6850.492022949925,1,370
1.0917159435275199,1.120079258665486,2.6884481555065474,0.31225774486139807,0.04312222517410752,0.015904522620381792,0.006415733899627213,93.33368407042819,-6766.569543757297,1,371
1.105249608824791,1.1400411810462612,4.78437863397749,0.37037340632919524,0.03437652038473659,0.18021958475490632,0.024407679224572047,94.521007615485,-6840.578385769688,1,372
1.0759507134639037,1.1157275818762904,2.7044078506379114,0.3228009908881777,0.055627409103088124,0.18227350372221138,0.0328781682129044,91.84832791311898,-6820.764828981118,1,373
1.049707472114099,1.105860272133958,3.970692220309127,0.41335536616228946,0.026762526696614983,0.018728559048961077,0.026800568534539947,88.94567678991699,-6809.681007628926,1,374
1.0445442059054029,1.1063085695878034,3.8417991263474813,0.29738807310428667,0.0290108837717616,0.06999808115029242,0.06555376039443386,88.0164825752556,-6828.439582548842,1,375
1.077618154318995,1.2499941023106742,3.9117040335877657,0.36296260518033363,0.10151750840695849,0.08050250913603528,0.07615554719993825,89.08549325740789,-6790.612346659692,1,376
1.0543889890015892,1.1054173789913868,3.406067292109601,0.3881775166938387,0.026521008870127184,0.029211739829478833,0.02050074353889578,91.47888157796874,-6812.993127655434,1,377
1.1045112833769923,1.0819563286903815,2.5996165423540782,0.3999500224853353,0.06274318872930888,0.07826123140215308,0.030046658103287865,88.18489849462202,-6808.175661700203,1,378
1.067185866757196,1.1786052669710463,1.307597403339549,0.48133304302058605,0.051166754400586927,0.0937407816964427,0.030328547306686143,87.16104040290733,-6801.71624619282,1,379
1.1324897523286483,1.1424431640862303,4.480750316322457,0.23620446588524602,0.049906811090061065,0.21424087190436633,0.10501932035743974,90.12575518998203,-6785.31971958554,1,380
1.114184350964741,1.1610709985117618,3.009031793315969,0.4421565578761089,0.04547592167626633,0.038079914767490876,0.05227056845790366,88.81963524473362,-6805.312685282518,1,381
1.0975887304648138,1.125599295613498,2.8210109902415077,0.41627073075358384,0.03455835924517004,0.04526724333243244,0.04253481460404319,86.42539595749055,-6824.224342225187,1,382
1.1645205777822487,1.144518913977159,2.8647498652274797,0.4627354219834937,0.05959066682373551,0.055653013295426705,0.046305870648334614,90.21441710097663,-6830.856748515244,1,383
1.1540097649356003,1.161605070300871,3.9664777240390348,0.6378243378769636,0.07277279493247152,0.009665167444765655,0.08580456271332583,89.3028195029657,-6788.12619303297,1,384
1.0639950658819475,1.1141714740323017,3.071259240032948,0.3172442015803802,0.021287768849658373,0.0358935050724764,0.024389486145974307,92.55968558442773,-6791.700651621113,1,385
1.0913921953119288,1.1575670557642526,2.9639597392071675,0.36805538784483477,0.08821419431875312,0.11199435784536801,0.06128682479097155,91.42050405442204,-6820.504151023418,1,386
1.085239644137279,1.105405170661818,3.3387255015509987,0.38452020088633626,0.035181484245318875,0.030763151642928227,0.05141286584251798,87.69819424416528,-6822.582233210119,1,387
1.1204236361729547,1.1101069243902,3.333603748255243,0.36919148870774987,0.052562908647294695,0.1513188044352715,0.020573964629099377,89.9314715768584,-6804.262124420709,1,388
1.1368030222922019,1.1013104765405182,2.1151091401528395,0.4132781490004745,0.058366750867513945,0.013421475478952654,0.035339772433679736,89.11929124504044,-6827.312526550343,1,389
1.1338589235893477,1.1454478528386103,3.440302125887068,0.3129591262143933,0.058116773668357415,0.0409644669531899,0.009374222879036652,96.12654693884936,-6823.411762885069,1,390
1.0625892947547655,1.0621852334681592,1.7544097778915964,0.3293953930756322,0.05821841610824184,0.00489543054942541,0.06594431046810066,87.54537766151907,-6812.9180816504795,1,391
1.1175977009079139,1.0724401389236244,2.216500345040611,0.35881984830232294,0.09196773277373439,0.007126117858493886,0.05789311258496572,92.15939980675064,-6828.266127738299,1,392
1.0735185048588662,1.0926965077069113,4.242538000007953,0.3581857964645515,0.058823313563080855,0.012540180194125478,0.050644814495337885,89.70294567745812,-6797.561892552686,1,393
1.1833411796136246,1.2259939021393527,3.474415474616832,0.4079689973396124,0.03643899027713807,0.010493767294197648,0.1360202619427926,91.0789926233403,-6787.175986527068,1,394
1.0322648661280203,1.102183241037788,2.6096998556386617,0.41389097812200437,0.06633189658748899,0.005363618571387754,0.10518012674326287,89.64646168528755,-6800.8236769548885,1,395
1.0884730986608129,1.1649291414205067,2.7452731634376852,0.30936412257932394,0.025612690215682524,0.08173595549910137,0.018584579198182294,93.2550626941312,-6805.029725275676,1,396
1.0922934401527686,1.0958806231839004,3.967807623404136,0.30812173494564593,0.05351144903140862,0.021496463413777967,0.02894314081957197,88.290168058393,-6800.784287294338,1,397
1.0163744654117182,1.074702867325899,2.2908834858492875,0.485154337404484,0.028632091989291248,0.13215620881789117,0.05785119304563988,90.87969303022895,-6839.861778696731,1,398
1.061521878984364,1.0996935398549694,2.982390072606207,0.44341807827964114,0.03088118629991865,0.12859532178589914,0.0068021320313829394,87.15483835547664,-6820.138412897307,1,399
1.116310705828462,1.133935077331253,2.3823234454868603,0.27641341361703486,0.049610492935515005,0.06226705384022759,0.060611335191345615,88.52273025862068,-6812.126314711128,1,400
1.134798105114825,1.1113790633598741,2.797580948301272,0.47333273101650397,0.09131716659625777,0.09297358903835004,0.12589535484055966,88.46465907401173,-6816.766559220526,1,401
1.078591688801459,1.1156158989143645,3.489272722992997,0.24287014111469205,0.0272024582030584,0.1486302703824039,0.053393601988998216,94.1982017451953,-6802.968988939015,1,402
1.0832187868737928,1.0897721910473028,2.191265546177334,0.3120854356869488,0.028643455599863737,0.09527894969743994,0.011983381583004896,87.68737732484514,-6785.0929468928,1,403
1.0453693079070456,1.1007757959261415,2.526322215373192,0.49400941071015303,0.035227181176526075,0.16935321955377017,0.002926390013484733,91.80725918942069,-6830.272254379717,1,404
1.1134518362348795,1.1231997524383304,2.0594995196005668,0.2829397255228788,0.09083370003453696,0.004402425848155612,0.01896809946416083,89.24914637211398,-6795.486339375651,1,405
1.0826864251137243,1.120075646628349,1.9099437069673273,0.4822607716983587,0.050164666164461254,0.002164835652905523,0.02090868923060646,91.3100750387286,-6810.559335287103,1,406
1.1104664490747767,1.16497594440664,3.6036417681633353,0.40118008320976034,0.06021489769204086,0.136347924689806,0.11322970296952252,88.49089338916743,-6849.735919784679,1,407
1.0808993526673765,1.0704038237302622,4.125523144835692,0.4303196491388824,0.07392714533762097,0.024827636761440012,0.04082513067911928,90.33077301649473,-6830.8307456848615,1,408
1.0104151634466156,1.0278963098373786,3.018938993071041,0.4100093226686226,0.054245276905320466,0.10554272852612119,0.06252305429576376,92.13669959695333,-6791.583103198034,1,409
1.041041102167608,1.0431445822250747,2.627699674591815,0.4018729839640365,0.044515002610278125,0.020119151685034392,0.04028773543778774,88.01863222776919,-6824.604387770899,1,410
1.076236166797306,1.105689812363719,5.382708189565014,0.3294297231281408,0.04884004927596252,0.0417355402141552,0.052535133323222405,90.8847369042076,-6779.161755320101,1,411
1.0960488848382988,1.1145224680148889,3.1613455871525558,0.3465664419276522,0.043275661226764815,0.028018250016638466,0.07582061738244851,89.14183536964215,-6825.2755938737855,1,412
1.087623526001562,1.055803002442418,4.6346223685117325,0.42424623556472696,0.0609997459096905,0.1536706536276964,0.09158593058724508,92.22999934094904,-6810.610347194541,1,413
1.0369644765279213,1.0567700703861254,3.0755776276466698,0.3978009936179406,0.022695711789559207,0.049895393245851134,0.07034548468361859,94.05352707926853,-6786.344940569487,1,414
1.0283692891145748,1.0634994832039601,2.2143871391345504,0.2539988338709911,0.04955990563428531,0.03938793510896897,0.04086097957165415,89.61715757797288,-6778.729983115026,1,415
1.0812587420666608,1.0853718256252276,3.0755091318771517,0.4225902119038561,0.0645202487835623,0.003552637799725397,0.03879395528719487,89.18570522002221,-6797.786931659499,1,416
1.101341785971409,1.274779308986595,2.5805854452670403,0.47188179455839524,0.07132023429770677,0.11885460245560472,0.13128205588526495,84.52985977005322,-6797.563808077435,1,417
1.1413099295610545,1.1443237627336627,3.381227864340562,0.4713545808342069,0.043260053802918426,2.760274920635862e-4,0.023073845594557704,90.43811966369094,-6771.510076342702,1,418
1.0757793435297198,1.1296941671866092,3.9644560822734634,0.3185007504020046,0.02943730669644538,0.08242679184391674,0.019413147838379632,88.07559400246878,-6785.61694636888,1,419
1.0541622133683572,1.0499456605745254,3.291778569977745,0.4095895380705787,0.04483791764875546,0.0886500812958197,0.07447534166208702,88.94142912425293,-6771.225282154183,1,420
1.0694072519266409,1.1131051806092107,2.627306870838759,0.5139127046965554,0.06894996431504126,0.03865511750259434,0.08845627328861226,89.04055800310962,-6825.135095918882,1,421
1.1473556341784823,1.0977354328764022,3.162188397479094,0.44587967698507935,0.09171399045963281,0.004557069137817402,0.006835558920472166,87.34013546794142,-6826.45908689688,1,422
1.1474520155563033,1.1006590459274372,3.2540791127457287,0.49588856124603864,0.0828642098443995,0.08270297678423755,0.10101550388270138,90.01076262444434,-6807.029952543246,1,423
1.0850167549215282,1.0928559591371907,3.639470205162725,0.38441178173674334,0.03246090845957361,0.012963293519920593,0.032937462964734286,92.95568179361788,-6837.556104079698,1,424
1.070684123483905,1.0673737748402852,2.0059916089404486,0.39470370359189544,0.04005975223170548,0.03395789334981434,0.06570323867617268,88.3874269314347,-6781.797554911418,1,425
1.0706140705516802,1.0866097231829563,3.476801007721414,0.36427038579078297,0.04305066389303529,0.02430865046064777,0.016171602718479904,92.21041348388046,-6773.940683057569,1,426
1.0344909687558754,1.0553864175353171,4.584273562062441,0.4746205591475032,0.042790904947180367,0.008860552425611965,0.026548549057593344,90.39320121900455,-6802.155225685454,1,427
1.0462573779142181,1.1083532772587692,3.8924500033409837,0.3125572228698527,0.05265756350132971,0.12224882022259911,0.03236464365799768,87.08469411962182,-6795.525223269459,1,428
1.0144478626143056,1.0597715374755279,3.5350461212382447,0.44094000866888317,0.025733544852514962,0.18877076202813428,0.020376709457407417,89.5230617966304,-6798.083298478101,1,429
1.07996310443126,1.0477793371337225,3.2176088628489556,0.4329974212042907,0.04181619933429186,0.02252740339221453,0.04361281834620951,90.77676746602128,-6793.711941367506,1,430
1.111021306884757,1.1806787905805758,4.400099894052273,0.42636492302106693,0.05811078769832315,0.1207955565747368,0.07437224543577259,90.89187485841651,-6770.585453985995,1,431
1.1345187424577585,1.0747255481363025,3.2127225807831223,0.47081741662042903,0.11721590060517928,0.046688325969346654,0.06763726676838207,91.02810100110707,-6802.676128234965,1,432
1.0963134327613737,1.1241925548924387,1.1986630385519181,0.3432607052296374,0.026122480070958267,0.022871075648910753,0.017491333501783578,86.00647768779373,-6819.84388834937,1,433
1.0762245496893479,1.0989445164386067,2.5248470350598398,0.28863481802110186,0.06868726581505945,0.00756882289631584,0.047803373932509545,90.81580452271182,-6838.852476950884,1,434
1.0984719689622904,1.095828567156654,5.013985504728357,0.4033722693002092,0.03860215542580776,0.10552500817861919,0.015561412368074689,87.36949784342035,-6812.452899481006,1,435
1.1047756046544956,1.1156828448287066,2.4907932527045253,0.35526429401690557,0.05457504424707885,0.07634982969244888,0.041539195805306205,90.90548810165654,-6847.58643344312,1,436
1.1037465398823854,1.1260052654452235,3.3624213989069087,0.4547831993018019,0.04703958485217366,0.03220874829188834,0.01424766980259806,88.05186584106728,-6819.425151129413,1,437
1.0637992594540933,1.0557498720249818,3.560081593581013,0.31590071775889356,0.027321019674593463,0.014388414750337381,0.01952699341624586,89.39900411220701,-6830.485517755494,1,438
1.076373736151336,1.0852963911625124,3.919487940590812,0.3006863710181054,0.071095067422293,0.13507730942035714,0.06682232363843474,87.50456246857293,-6772.187039446924,1,439
1.0915015558104213,1.0685699629745946,3.179414642905923,0.40227845773211135,0.0659757136618207,0.049086865163290354,0.033898557920768436,91.51595259185929,-6797.430328175129,1,440
1.0313960582266306,1.040727123235477,3.9649483810921153,0.4262158094241258,0.01078562518810905,7.096670640759595e-4,0.013860826264105357,86.73659020678014,-6782.47353079267,1,441
1.0152189413245252,1.0189164311036663,3.5775628512321895,0.3904202613229996,0.02964083278185931,0.059050098278006224,0.022682229941676856,89.98183169006886,-6812.106909152351,1,442
1.08858330849904,1.1074206157434507,1.856075359321273,0.4649163124328402,0.034919306998678845,0.33647321487856213,0.04117447667756331,88.6377440235328,-6792.197110408473,1,443
1.1651272528581684,1.1908854702417162,2.858033596448611,0.45634672732618997,0.02867704570143514,0.01324392712663242,0.06011738226896447,92.8494912702576,-6879.297158515696,1,444
1.0635354533129049,1.056295621059592,2.5985634181938373,0.46530903518535377,0.018212199592149286,0.09772479320580289,0.007655779793908905,93.19439113385893,-6835.122484928295,1,445
1.034812493544893,1.0505506396488205,2.878183073992389,0.38255222403606937,0.013228957427208277,0.03811009176333418,0.01980780636329198,89.36935909160866,-6852.80092734715,1,446
1.1340079942262604,1.0953540144709615,3.035280430777339,0.3976589084920483,0.03091497260962747,0.018595874848471982,0.09170113812756593,90.64706929669758,-6780.641086570979,1,447
1.0197988974692407,1.0269478519129114,3.078522639201353,0.4057112234953912,0.06575862784228861,0.09634154162543905,0.023496204128086628,89.71676743648784,-6790.1848292161285,1,448
1.0867067770494176,1.0505080605558301,2.039741767003743,0.47327931689182934,0.05404126288269815,2.545113669585408e-4,0.06031679491968217,89.82690998058956,-6811.218247933714,1,449
1.0653535283259323,1.1586545793348035,4.806579703140841,0.4612237092501706,0.06885155208858032,0.061143236543627424,0.10219699673972768,83.9046962100227,-6767.280650531235,1,450
1.1379914585714863,1.2012947805418623,3.395321606109116,0.44853946786357757,0.04986479628490478,0.006268464299288838,0.06140899994438572,88.4235523689425,-6822.373817049568,1,451
1.2035234120685365,1.1056801303029349,1.933351888725242,0.25797362321805334,0.07956550870902959,0.0754482135332246,0.05394136100984222,89.53756392828333,-6817.52938795634,1,452
1.1443377664180652,1.1345128648001805,2.0463280738551832,0.3687784500427757,0.07263388076522481,0.048287614227597274,0.06465866692656709,87.766148009534,-6798.484758359484,1,453
1.0814330015038218,1.1316881340003109,1.8105785040299642,0.6472292152866942,0.03522004254535971,0.023936230699688758,0.07392898242821938,90.71202782331716,-6869.7854210246915,1,454
1.0922929899029878,1.1981185180899594,3.838372962381581,0.3639745411186223,0.09601130525018634,0.07737483296833177,0.07342877795061087,88.2652380564883,-6774.961260321979,1,455
1.1331150938198788,1.146657773894698,3.1357680405593906,0.2998104187056085,0.07484752901855697,0.02463704871090085,0.037853219873879906,89.58680545881522,-6808.9157304478795,1,456
1.0985833796287374,1.1442641296028873,2.645203400739081,0.3832569244908988,0.024932541652532315,0.011360982647411467,0.07137659814335084,88.19658308040104,-6834.914062238616,1,457
1.18810815167629,1.3310102876128385,0.9838406144853247,0.3094131986938621,0.08718085714187007,0.20529308832607768,0.16029429143897098,89.38005442070533,-6733.554498270034,1,458
1.13644630657514,1.1171848196215866,1.6341511532653294,0.3695546661949461,0.07167635847397297,0.08284141576190963,0.04459119042195517,91.21714194365805,-6793.918111592882,1,459
1.0740350564673464,1.2141134927756552,2.1250708453306024,0.4366935045784105,0.04911113730811529,0.01893680128579555,0.08265849023333276,92.89399743086692,-6759.906481454204,1,460
1.054692482329302,1.0781276435066345,3.199332521114466,0.31085599925523677,0.07055265747042092,0.03289966458891431,0.0947670041814732,89.64881937435338,-6806.488125274584,1,461
1.1123203089833718,1.112149986932942,3.030707298972844,0.4282090146307241,0.05156750123290738,0.0011465115092127375,0.03619256078692321,88.05345011343927,-6815.468615992473,1,462
1.1662208820933977,1.1488578534201612,2.036110485857774,0.33206845137026797,0.053071889798411695,0.020286791350664808,0.02042048168370511,87.5318037685501,-6801.009371308548,1,463
1.0379315919597933,1.0534076982684786,2.6956461200551316,0.3053297409528118,0.030693736567713806,0.030771910691848266,0.009260925710809753,90.55449075947426,-6814.888742865962,1,464
1.0766399626361849,1.121541840994902,3.9564774019351963,0.3308575459011001,0.04775848601048625,0.15259829850660464,0.024250084698953928,90.05769841287147,-6777.082436730434,1,465
1.1181942838011232,1.0668689927616026,4.6084628688937075,0.3330491352261241,0.096524878437151,0.012019546842608288,0.15925710330435724,90.72915641912206,-6794.9592656695495,1,466
1.033965648110858,1.0981427748496622,1.9711448152176059,0.43990875819423364,0.040472738144715914,0.11107760487089148,0.03534172463390079,88.98706774597728,-6846.076668811957,1,467
1.0773660217965517,1.0880844462147508,3.9816916204150252,0.3273346136330049,0.053510350541875036,0.07290376074522799,0.004379724424875655,88.16311923678484,-6750.33197321543,1,468
1.042574702993251,1.0351799802654762,2.9151290411081647,0.3592728429075181,0.032098165874068114,0.07641256067497235,0.03211676468585465,90.00725955011232,-6849.571649728618,1,469
1.0260075763722414,1.093977435922436,3.4898041777436353,0.4116058157537119,0.03299226943683892,0.018823931224374733,0.037858170445087935,90.5036606047174,-6818.065044689469,1,470
1.0301448853926614,1.0526796246120587,3.829241462576419,0.30611604237296075,0.006026428566301779,0.01458820528017552,0.012328016646169736,87.527013159471025,-6868.8988179002145,1,471
1.1044245571379754,1.1326713218593736,2.0192771249714725,0.3474468671697382,0.028613595864336476,0.009469674850304092,0.04015401271958897,91.49815184251622,-6769.981190583374,1,472
1.0793642179659915,1.1111453915665341,3.1617038758013405,0.4976013513286672,0.04430359824490099,0.20368817589471863,0.09192008228813447,90.1883003527747,-6786.940564393455,1,473
1.2351336115545921,1.1665673235013911,2.102385751932755,0.3285303630352345,0.1058902768635104,0.0014196571473043247,0.054851230392934554,89.71526634050583,-6790.342876827685,1,474
1.073624489853684,1.0880824116635066,4.8690993061897565,0.34655903518680614,0.03247619629648092,0.2294012916638782,0.022140186936948428,90.02149196586802,-6743.62170616507,1,475
1.0988153725384018,1.05143181027009,2.007649911804692,0.48640281680108644,0.07379420607228457,0.14457357493102077,0.003739823275769704,90.03497194557205,-6870.637183854331,1,476
1.0363375016561367,1.1025526159076398,0.7539353108160672,0.3763635865031879,0.02874225037397384,0.05063585128615326,0.020891549595514897,88.4575127570184,-6789.865318377365,1,477
1.0329011900123235,1.038591316739167,2.8541680152382547,0.49366025296731775,0.027903881774196542,0.12520298182630532,0.029114415264983592,89.26549875299209,-6800.058215731565,1,478
1.0751042303552005,1.1279146797686095,2.592506078938367,0.33052114354551687,0.07336638501212514,0.01906541444900452,0.11996794409450186,91.02060282296614,-6837.563922735426,1,479
1.0743983384615168,1.119594366566552,2.621720339017952,0.5057549608795516,0.05142268374425386,0.13286628228890315,0.025405514662451716,90.22954017261712,-6846.676713686462,1,480
1.0926675022885242,1.1096267225636782,3.9332377492938275,0.46235009365063806,0.028810318913854476,0.06080876405164415,0.08662466700411645,90.75732284718615,-6850.435915586121,1,481
1.0331640797376316,1.103997538222237,4.457542511915687,0.30544835604805476,0.059712975644441425,0.11589487739947767,0.042996089405391465,89.0818240968323,-6791.782255311,1,482
1.0733671323122038,1.1401620742506102,2.942374860113567,0.34369123698648385,0.06339457384083774,0.04849673422993266,0.10588341725316708,84.40386846692381,-6792.158201769504,1,483
1.099303591109212,1.1351454579522173,4.522255259813674,0.3646700272077089,0.042739502281214606,0.044696994595503366,0.010137417199778077,91.32857128753183,-6765.116092443031,1,484
1.0768598382733112,1.0613528553147678,2.328510711499442,0.3735401810579951,0.06388820519262585,0.02114855236580533,0.03987151457329452,90.93582826206705,-6820.466966325541,1,485
1.1411985453449978,1.0757162902468969,1.712638778512616,0.3921765871587587,0.05934422036122396,0.03489886436972502,0.008255058150299144,91.14435186649746,-6817.86290136095,1,486
1.0429712502619586,1.0594910707626075,3.1430540369410433,0.33845181348630904,0.07196243000903883,0.06298943810068004,0.03214854992038147,92.00438967139955,-6847.99358685738,1,487
1.1232810370430943,1.1445425049999567,3.9577672025899266,0.4523378257174278,0.03280588153574653,0.003436390546331446,0.039712095794691656,89.6801567012502,-6756.037240710371,1,488
1.0349611458045929,1.0343299655914908,2.1268777024401957,0.4307728286674038,0.045418145859550424,0.034563413049518515,0.03666814868597445,88.88076369843064,-6786.699916510536,1,489
1.0595477107431337,1.0696582110095756,2.59937848565938,0.2948901729494781,0.046993847559043185,0.0359696503132821,0.03613912631123687,88.64434222633052,-6852.737619939958,1,490
1.021898947532798,1.0291600238804612,3.292783099672976,0.4013583987912533,0.002245700095802181,0.0037006341543311854,0.0035537446757297514,88.56472269429558,-6816.608379333998,1,491
1.0429114292178328,1.1043519694797421,1.571272019944898,0.37357366856347646,0.006864810718845058,0.05210731367832721,0.01023727437143645,90.05053525420423,-6803.883326056721,1,492
1.0968775935752957,1.1643417828740528,2.151164660914223,0.46066650268336423,0.03512913316167315,0.02817457802470651,0.039377884391268984,89.4421916387079,-6832.752541099203,1,493
1.0640887118778732,1.043560138826635,4.858699012038202,0.5273941347523813,0.03456666377978493,0.0048495044187829885,0.06492952155254081,87.89043236666001,-6819.967689856703,1,494
1.1220526048557433,1.1863914093632333,3.072902497379562,0.4833316857133816,0.06034246701432197,0.24839865428154861,0.0463923494574208,90.38156704801563,-6801.911877573903,1,495
1.1293115407317,1.227927162961491,3.965320587358851,0.3430397220360805,0.0734549652106756,0.007772168954078212,0.05144091127024865,90.56257813850137,-6835.348966061098,1,496
1.0640544215129777,1.1574144327299896,4.427916483937785,0.36736812900468663,0.008257868039760244,0.13483223655669324,0.04863959148327232,88.48320786607931,-6833.679862778055,1,497
1.1225846653087828,1.1565392280937377,2.838052415564127,0.4196731531074619,0.06958781801168887,0.04107768968018531,0.051997135832571637,89.79285130797598,-6796.683011572792,1,498
1.0969088565730263,1.0910317891221752,2.123084591537048,0.29938792518782914,0.060764521176286106,0.00651542326830913,0.04676733289528623,91.3303113646451,-6803.74522008818,1,499
1.0968596067883924,1.1303119290271142,4.678970875893872,0.5147228677787103,0.07270785430702546,0.028807643080810456,0.03385020160415073,90.26337027329758,-6809.860963334774,1,500
